nohup: ignoring input
[12:43:49] attempt 1
[#b9afd0 0B/0B CN:1 DL:0B]
[#b9afd0 1.1GiB/35GiB(3%) CN:8 DL:0B]
[#b9afd0 1.1GiB/35GiB(3%) CN:8 DL:3.7MiB ETA:2h37m23s]
[#b9afd0 1.1GiB/35GiB(3%) CN:8 DL:5.8MiB ETA:1h39m9s]
[#b9afd0 1.1GiB/35GiB(3%) CN:8 DL:6.9MiB ETA:1h24m1s]
[#b9afd0 1.1GiB/35GiB(3%) CN:8 DL:9.0MiB ETA:1h4m51s]
[#b9afd0 1.1GiB/35GiB(3%) CN:8 DL:8.5MiB ETA:1h8m27s]
[#b9afd0 1.1GiB/35GiB(3%) CN:8 DL:9.0MiB ETA:1h4m12s]
[#b9afd0 1.1GiB/35GiB(3%) CN:8 DL:9.4MiB ETA:1h1m59s]
[#b9afd0 1.1GiB/35GiB(3%) CN:8 DL:9.5MiB ETA:1h1m27s]
[#b9afd0 1.1GiB/35GiB(3%) CN:8 DL:9.4MiB ETA:1h1m44s]
[#b9afd0 1.1GiB/35GiB(3%) CN:8 DL:9.7MiB ETA:59m54s]
[#b9afd0 1.2GiB/35GiB(3%) CN:8 DL:10MiB ETA:56m52s]
[#b9afd0 1.2GiB/35GiB(3%) CN:8 DL:9.9MiB ETA:58m19s]
[#b9afd0 1.2GiB/35GiB(3%) CN:8 DL:9.8MiB ETA:58m54s]
[#b9afd0 1.2GiB/35GiB(3%) CN:8 DL:9.7MiB ETA:59m31s]
[#b9afd0 1.2GiB/35GiB(3%) CN:8 DL:10MiB ETA:57m5s]
[#b9afd0 1.2GiB/35GiB(3%) CN:8 DL:10MiB ETA:58m10s]
[#b9afd0 1.2GiB/35GiB(3%) CN:8 DL:9.8MiB ETA:58m53s]
[#b9afd0 1.2GiB/35GiB(3%) CN:8 DL:10MiB ETA:58m9s]
[#b9afd0 1.2GiB/35GiB(3%) CN:8 DL:10MiB ETA:57m17s]
[#b9afd0 1.2GiB/35GiB(3%) CN:8 DL:10MiB ETA:57m42s]
[#b9afd0 1.3GiB/35GiB(3%) CN:8 DL:10MiB ETA:56m51s]
[#b9afd0 1.3GiB/35GiB(3%) CN:8 DL:10MiB ETA:54m58s]
[#b9afd0 1.3GiB/35GiB(3%) CN:8 DL:10MiB ETA:56m20s]
[#b9afd0 1.3GiB/35GiB(3%) CN:8 DL:10MiB ETA:56m44s]
[#b9afd0 1.3GiB/35GiB(3%) CN:8 DL:10MiB ETA:56m12s]
[#b9afd0 1.3GiB/35GiB(3%) CN:8 DL:10MiB ETA:57m10s]
[#b9afd0 1.3GiB/35GiB(3%) CN:8 DL:10MiB ETA:57m35s]
[#b9afd0 1.3GiB/35GiB(3%) CN:8 DL:10MiB ETA:56m47s]
[#b9afd0 1.3GiB/35GiB(3%) CN:8 DL:10MiB ETA:54m55s]
[#b9afd0 1.3GiB/35GiB(3%) CN:8 DL:10MiB ETA:56m49s]
[#b9afd0 1.4GiB/35GiB(3%) CN:8 DL:10MiB ETA:55m59s]
[#b9afd0 1.4GiB/35GiB(3%) CN:8 DL:10MiB ETA:56m1s]
[#b9afd0 1.4GiB/35GiB(4%) CN:8 DL:10MiB ETA:55m5s]
[#b9afd0 1.4GiB/35GiB(4%) CN:8 DL:10MiB ETA:56m58s]
[#b9afd0 1.4GiB/35GiB(4%) CN:8 DL:10MiB ETA:57m16s]
[#b9afd0 1.4GiB/35GiB(4%) CN:8 DL:10MiB ETA:57m19s]
[#b9afd0 1.4GiB/35GiB(4%) CN:8 DL:10MiB ETA:55m44s]
[#b9afd0 1.4GiB/35GiB(4%) CN:8 DL:9.9MiB ETA:58m25s]
[#b9afd0 1.4GiB/35GiB(4%) CN:8 DL:9.9MiB ETA:58m17s]
[#b9afd0 1.4GiB/35GiB(4%) CN:8 DL:10MiB ETA:57m2s]
[#b9afd0 1.4GiB/35GiB(4%) CN:8 DL:9.8MiB ETA:58m48s]
[#b9afd0 1.5GiB/35GiB(4%) CN:8 DL:9.7MiB ETA:59m22s]
[#b9afd0 1.5GiB/35GiB(4%) CN:8 DL:10MiB ETA:57m27s]
[#b9afd0 1.5GiB/35GiB(4%) CN:8 DL:9.8MiB ETA:58m48s]
[#b9afd0 1.5GiB/35GiB(4%) CN:8 DL:9.5MiB ETA:1h24s]
[#b9afd0 1.5GiB/35GiB(4%) CN:8 DL:9.5MiB ETA:1h18s]
[#b9afd0 1.5GiB/35GiB(4%) CN:8 DL:9.6MiB ETA:1h7s]
[#b9afd0 1.5GiB/35GiB(4%) CN:8 DL:9.3MiB ETA:1h1m29s]
[#b9afd0 1.5GiB/35GiB(4%) CN:8 DL:9.2MiB ETA:1h2m13s]
[#b9afd0 1.5GiB/35GiB(4%) CN:8 DL:9.6MiB ETA:1h2s]
[#b9afd0 1.5GiB/35GiB(4%) CN:8 DL:9.6MiB ETA:59m49s]
[#b9afd0 1.6GiB/35GiB(4%) CN:8 DL:9.7MiB ETA:59m7s]
[#b9afd0 1.6GiB/35GiB(4%) CN:8 DL:9.8MiB ETA:58m30s]
[#b9afd0 1.6GiB/35GiB(4%) CN:8 DL:9.8MiB ETA:58m17s]
[#b9afd0 1.6GiB/35GiB(4%) CN:8 DL:9.7MiB ETA:58m48s]
[#b9afd0 1.6GiB/35GiB(4%) CN:8 DL:9.9MiB ETA:58m5s]
[#b9afd0 1.6GiB/35GiB(4%) CN:8 DL:10MiB ETA:57m33s]
[#b9afd0 1.6GiB/35GiB(4%) CN:8 DL:10MiB ETA:56m58s]
[#b9afd0 1.6GiB/35GiB(4%) CN:8 DL:10MiB ETA:56m31s]
[#b9afd0 1.6GiB/35GiB(4%) CN:8 DL:10MiB ETA:57m22s]
[#b9afd0 1.6GiB/35GiB(4%) CN:8 DL:10MiB ETA:57m]
[#b9afd0 1.6GiB/35GiB(4%) CN:8 DL:9.9MiB ETA:57m29s]
[#b9afd0 1.7GiB/35GiB(4%) CN:8 DL:10MiB ETA:56m14s]
[#b9afd0 1.7GiB/35GiB(4%) CN:8 DL:10MiB ETA:55m49s]
[#b9afd0 1.7GiB/35GiB(4%) CN:8 DL:10MiB ETA:56m32s]
[#b9afd0 1.7GiB/35GiB(4%) CN:8 DL:10MiB ETA:57m12s]
[#b9afd0 1.7GiB/35GiB(4%) CN:8 DL:10MiB ETA:56m23s]
[#b9afd0 1.7GiB/35GiB(4%) CN:8 DL:10MiB ETA:56m37s]
[#b9afd0 1.7GiB/35GiB(4%) CN:8 DL:9.9MiB ETA:57m23s]
[#b9afd0 1.7GiB/35GiB(5%) CN:8 DL:10MiB ETA:55m50s]
[#b9afd0 1.7GiB/35GiB(5%) CN:8 DL:10MiB ETA:56m]
[#b9afd0 1.7GiB/35GiB(5%) CN:8 DL:10MiB ETA:55m50s]
[#b9afd0 1.8GiB/35GiB(5%) CN:8 DL:10MiB ETA:55m21s]
[#b9afd0 1.8GiB/35GiB(5%) CN:8 DL:10MiB ETA:55m41s]
[#b9afd0 1.8GiB/35GiB(5%) CN:8 DL:10MiB ETA:54m59s]
[#b9afd0 1.8GiB/35GiB(5%) CN:8 DL:10MiB ETA:56m13s]
[#b9afd0 1.8GiB/35GiB(5%) CN:8 DL:10MiB ETA:56m21s]
[#b9afd0 1.8GiB/35GiB(5%) CN:8 DL:10MiB ETA:55m45s]
[#b9afd0 1.8GiB/35GiB(5%) CN:8 DL:10MiB ETA:55m39s]
[#b9afd0 1.8GiB/35GiB(5%) CN:8 DL:10MiB ETA:55m42s]
[#b9afd0 1.8GiB/35GiB(5%) CN:8 DL:10MiB ETA:55m55s]
[#b9afd0 1.8GiB/35GiB(5%) CN:8 DL:10MiB ETA:55m46s]
[#b9afd0 1.9GiB/35GiB(5%) CN:8 DL:10MiB ETA:56m29s]
[#b9afd0 1.9GiB/35GiB(5%) CN:8 DL:10MiB ETA:55m13s]
[#b9afd0 1.9GiB/35GiB(5%) CN:8 DL:10MiB ETA:55m14s]
[#b9afd0 1.9GiB/35GiB(5%) CN:8 DL:10MiB ETA:55m30s]
[#b9afd0 1.9GiB/35GiB(5%) CN:8 DL:10MiB ETA:55m8s]
[#b9afd0 1.9GiB/35GiB(5%) CN:8 DL:10MiB ETA:54m1s]
[#b9afd0 1.9GiB/35GiB(5%) CN:8 DL:10MiB ETA:55m8s]
[#b9afd0 1.9GiB/35GiB(5%) CN:8 DL:10MiB ETA:55m24s]
[#b9afd0 1.9GiB/35GiB(5%) CN:8 DL:10MiB ETA:54m48s]
[#b9afd0 1.9GiB/35GiB(5%) CN:8 DL:10MiB ETA:55m42s]
[#b9afd0 2.0GiB/35GiB(5%) CN:8 DL:10MiB ETA:56m18s]
[#b9afd0 2.0GiB/35GiB(5%) CN:8 DL:10MiB ETA:55m52s]
[#b9afd0 2.0GiB/35GiB(5%) CN:8 DL:10MiB ETA:54m17s]
[#b9afd0 2.0GiB/35GiB(5%) CN:8 DL:10MiB ETA:55m21s]
[#b9afd0 2.0GiB/35GiB(5%) CN:8 DL:10MiB ETA:56m17s]
[#b9afd0 2.0GiB/35GiB(5%) CN:8 DL:10MiB ETA:56m10s]
[#b9afd0 2.0GiB/35GiB(5%) CN:8 DL:10MiB ETA:54m17s]
[#b9afd0 2.0GiB/35GiB(5%) CN:8 DL:10MiB ETA:55m33s]
[#b9afd0 2.0GiB/35GiB(5%) CN:8 DL:10MiB ETA:56m]
[#b9afd0 2.0GiB/35GiB(5%) CN:8 DL:9.9MiB ETA:57m3s]
[#b9afd0 2.1GiB/35GiB(5%) CN:8 DL:10MiB ETA:55m2s]
[#b9afd0 2.1GiB/35GiB(5%) CN:8 DL:10MiB ETA:54m43s]
[#b9afd0 2.1GiB/35GiB(6%) CN:8 DL:10MiB ETA:55m4s]
[#b9afd0 2.1GiB/35GiB(6%) CN:8 DL:10MiB ETA:54m52s]
[#b9afd0 2.1GiB/35GiB(6%) CN:8 DL:10MiB ETA:54m59s]
[#b9afd0 2.1GiB/35GiB(6%) CN:8 DL:10MiB ETA:55m42s]
[#b9afd0 2.1GiB/35GiB(6%) CN:8 DL:10MiB ETA:56m16s]
[#b9afd0 2.1GiB/35GiB(6%) CN:8 DL:10MiB ETA:56m15s]
[#b9afd0 2.1GiB/35GiB(6%) CN:8 DL:9.9MiB ETA:56m55s]
[#b9afd0 2.1GiB/35GiB(6%) CN:8 DL:10MiB ETA:56m15s]
[#b9afd0 2.2GiB/35GiB(6%) CN:8 DL:9.9MiB ETA:57m4s]
[#b9afd0 2.2GiB/35GiB(6%) CN:8 DL:9.8MiB ETA:57m35s]
[#b9afd0 2.2GiB/35GiB(6%) CN:8 DL:9.9MiB ETA:57m]
[#b9afd0 2.2GiB/35GiB(6%) CN:8 DL:10MiB ETA:55m57s]
[#b9afd0 2.2GiB/35GiB(6%) CN:8 DL:9.7MiB ETA:57m42s]
[#b9afd0 2.2GiB/35GiB(6%) CN:8 DL:9.5MiB ETA:59m23s]
[#b9afd0 2.2GiB/35GiB(6%) CN:8 DL:10MiB ETA:56m26s]
[#b9afd0 2.2GiB/35GiB(6%) CN:8 DL:10MiB ETA:55m51s]
[#b9afd0 2.2GiB/35GiB(6%) CN:8 DL:10MiB ETA:55m5s]
[#b9afd0 2.2GiB/35GiB(6%) CN:8 DL:10MiB ETA:55m28s]
[#b9afd0 2.3GiB/35GiB(6%) CN:8 DL:10MiB ETA:55m24s]
[#b9afd0 2.3GiB/35GiB(6%) CN:8 DL:10MiB ETA:55m22s]
[#b9afd0 2.3GiB/35GiB(6%) CN:8 DL:10MiB ETA:54m54s]
[#b9afd0 2.3GiB/35GiB(6%) CN:8 DL:10MiB ETA:54m18s]
[#b9afd0 2.3GiB/35GiB(6%) CN:8 DL:10MiB ETA:55m45s]
[#b9afd0 2.3GiB/35GiB(6%) CN:8 DL:10MiB ETA:55m22s]
[#b9afd0 2.3GiB/35GiB(6%) CN:8 DL:10MiB ETA:55m29s]
[#b9afd0 2.3GiB/35GiB(6%) CN:8 DL:10MiB ETA:55m32s]
[#b9afd0 2.3GiB/35GiB(6%) CN:8 DL:10MiB ETA:55m30s]
[#b9afd0 2.3GiB/35GiB(6%) CN:8 DL:10MiB ETA:56m]
[#b9afd0 2.4GiB/35GiB(6%) CN:8 DL:10MiB ETA:54m59s]
[#b9afd0 2.4GiB/35GiB(6%) CN:8 DL:10MiB ETA:56m9s]
[#b9afd0 2.4GiB/35GiB(6%) CN:8 DL:10MiB ETA:55m48s]
[#b9afd0 2.4GiB/35GiB(6%) CN:8 DL:10MiB ETA:55m25s]
[#b9afd0 2.4GiB/35GiB(6%) CN:8 DL:10MiB ETA:54m55s]
[#b9afd0 2.4GiB/35GiB(6%) CN:8 DL:10MiB ETA:56m3s]
[#b9afd0 2.4GiB/35GiB(6%) CN:8 DL:10MiB ETA:55m30s]
[#b9afd0 2.4GiB/35GiB(6%) CN:8 DL:9.8MiB ETA:56m48s]
[#b9afd0 2.4GiB/35GiB(7%) CN:8 DL:9.9MiB ETA:56m35s]
[#b9afd0 2.4GiB/35GiB(7%) CN:8 DL:9.7MiB ETA:57m51s]
[#b9afd0 2.5GiB/35GiB(7%) CN:8 DL:10MiB ETA:55m21s]
[#b9afd0 2.5GiB/35GiB(7%) CN:8 DL:10MiB ETA:55m46s]
[#b9afd0 2.5GiB/35GiB(7%) CN:8 DL:10MiB ETA:55m32s]
[#b9afd0 2.5GiB/35GiB(7%) CN:8 DL:10MiB ETA:54m55s]
[#b9afd0 2.5GiB/35GiB(7%) CN:8 DL:10MiB ETA:54m29s]
[#b9afd0 2.5GiB/35GiB(7%) CN:8 DL:10MiB ETA:55m13s]
[#b9afd0 2.5GiB/35GiB(7%) CN:8 DL:10MiB ETA:54m44s]
[#b9afd0 2.5GiB/35GiB(7%) CN:8 DL:10MiB ETA:54m43s]
[#b9afd0 2.5GiB/35GiB(7%) CN:8 DL:10MiB ETA:54m28s]
[#b9afd0 2.5GiB/35GiB(7%) CN:8 DL:10MiB ETA:53m17s]
[#b9afd0 2.6GiB/35GiB(7%) CN:8 DL:10MiB ETA:55m11s]
[#b9afd0 2.6GiB/35GiB(7%) CN:8 DL:10MiB ETA:54m47s]
[#b9afd0 2.6GiB/35GiB(7%) CN:8 DL:10MiB ETA:55m14s]
[#b9afd0 2.6GiB/35GiB(7%) CN:8 DL:10MiB ETA:54m47s]
[#b9afd0 2.6GiB/35GiB(7%) CN:8 DL:10MiB ETA:54m43s]
[#b9afd0 2.6GiB/35GiB(7%) CN:8 DL:10MiB ETA:54m47s]
[#b9afd0 2.6GiB/35GiB(7%) CN:8 DL:10MiB ETA:53m18s]
[#b9afd0 2.6GiB/35GiB(7%) CN:8 DL:10MiB ETA:53m19s]
[#b9afd0 2.6GiB/35GiB(7%) CN:8 DL:10MiB ETA:55m23s]
[#b9afd0 2.6GiB/35GiB(7%) CN:8 DL:10MiB ETA:55m45s]
[#b9afd0 2.6GiB/35GiB(7%) CN:8 DL:9.9MiB ETA:55m47s]
[#b9afd0 2.7GiB/35GiB(7%) CN:8 DL:10MiB ETA:55m38s]
[#b9afd0 2.7GiB/35GiB(7%) CN:8 DL:10MiB ETA:55m6s]
[#b9afd0 2.7GiB/35GiB(7%) CN:8 DL:10MiB ETA:54m53s]
[#b9afd0 2.7GiB/35GiB(7%) CN:8 DL:10MiB ETA:54m13s]
[#b9afd0 2.7GiB/35GiB(7%) CN:8 DL:10MiB ETA:54m5s]
[#b9afd0 2.7GiB/35GiB(7%) CN:8 DL:9.9MiB ETA:55m41s]
[#b9afd0 2.7GiB/35GiB(7%) CN:8 DL:9.9MiB ETA:56m11s]
[#b9afd0 2.7GiB/35GiB(7%) CN:8 DL:10MiB ETA:52m53s]
[#b9afd0 2.7GiB/35GiB(7%) CN:8 DL:10MiB ETA:54m23s]
[#b9afd0 2.7GiB/35GiB(7%) CN:8 DL:10MiB ETA:55m1s]
[#b9afd0 2.8GiB/35GiB(7%) CN:8 DL:10MiB ETA:53m39s]
[#b9afd0 2.8GiB/35GiB(7%) CN:8 DL:10MiB ETA:54m16s]
[#b9afd0 2.8GiB/35GiB(8%) CN:8 DL:10MiB ETA:53m58s]
[#b9afd0 2.8GiB/35GiB(8%) CN:8 DL:10MiB ETA:53m58s]
[#b9afd0 2.8GiB/35GiB(8%) CN:8 DL:10MiB ETA:54m49s]
[#b9afd0 2.8GiB/35GiB(8%) CN:8 DL:10MiB ETA:52m44s]
[#b9afd0 2.8GiB/35GiB(8%) CN:8 DL:10MiB ETA:54m45s]
[#b9afd0 2.8GiB/35GiB(8%) CN:8 DL:10MiB ETA:54m50s]
[#b9afd0 2.8GiB/35GiB(8%) CN:8 DL:9.8MiB ETA:56m20s]
[#b9afd0 2.8GiB/35GiB(8%) CN:8 DL:9.9MiB ETA:55m41s]
[#b9afd0 2.9GiB/35GiB(8%) CN:8 DL:9.5MiB ETA:58m13s]
[#b9afd0 2.9GiB/35GiB(8%) CN:8 DL:9.8MiB ETA:56m]
[#b9afd0 2.9GiB/35GiB(8%) CN:8 DL:9.6MiB ETA:57m36s]
[#b9afd0 2.9GiB/35GiB(8%) CN:8 DL:9.6MiB ETA:57m34s]
[#b9afd0 2.9GiB/35GiB(8%) CN:8 DL:9.6MiB ETA:57m37s]
[#b9afd0 2.9GiB/35GiB(8%) CN:8 DL:9.9MiB ETA:55m34s]
[#b9afd0 2.9GiB/35GiB(8%) CN:8 DL:9.7MiB ETA:56m40s]
[#b9afd0 2.9GiB/35GiB(8%) CN:8 DL:9.7MiB ETA:56m53s]
[#b9afd0 2.9GiB/35GiB(8%) CN:8 DL:9.7MiB ETA:56m57s]
[#b9afd0 2.9GiB/35GiB(8%) CN:8 DL:9.8MiB ETA:56m3s]
[#b9afd0 3.0GiB/35GiB(8%) CN:8 DL:9.9MiB ETA:55m43s]
[#b9afd0 3.0GiB/35GiB(8%) CN:8 DL:10MiB ETA:54m23s]
[#b9afd0 3.0GiB/35GiB(8%) CN:8 DL:10MiB ETA:53m38s]
[#b9afd0 3.0GiB/35GiB(8%) CN:8 DL:10MiB ETA:54m14s]
[#b9afd0 3.0GiB/35GiB(8%) CN:8 DL:10MiB ETA:53m44s]
[#b9afd0 3.0GiB/35GiB(8%) CN:8 DL:10MiB ETA:53m32s]
[#b9afd0 3.0GiB/35GiB(8%) CN:8 DL:10MiB ETA:53m56s]
[#b9afd0 3.0GiB/35GiB(8%) CN:8 DL:10MiB ETA:53m13s]
[#b9afd0 3.0GiB/35GiB(8%) CN:8 DL:10MiB ETA:53m]
[#b9afd0 3.0GiB/35GiB(8%) CN:8 DL:10MiB ETA:53m7s]
[#b9afd0 3.1GiB/35GiB(8%) CN:8 DL:10MiB ETA:54m17s]
[#b9afd0 3.1GiB/35GiB(8%) CN:8 DL:9.9MiB ETA:55m30s]
[#b9afd0 3.1GiB/35GiB(8%) CN:8 DL:10MiB ETA:54m25s]
[#b9afd0 3.1GiB/35GiB(8%) CN:8 DL:10MiB ETA:53m33s]
[#b9afd0 3.1GiB/35GiB(8%) CN:8 DL:10MiB ETA:53m45s]
[#b9afd0 3.1GiB/35GiB(8%) CN:8 DL:10MiB ETA:52m45s]
[#b9afd0 3.1GiB/35GiB(8%) CN:8 DL:10MiB ETA:53m52s]
[#b9afd0 3.1GiB/35GiB(8%) CN:8 DL:10MiB ETA:54m11s]
[#b9afd0 3.1GiB/35GiB(8%) CN:8 DL:10MiB ETA:53m48s]
[#b9afd0 3.1GiB/35GiB(9%) CN:8 DL:10MiB ETA:54m3s]
[#b9afd0 3.2GiB/35GiB(9%) CN:8 DL:10MiB ETA:53m21s]
[#b9afd0 3.2GiB/35GiB(9%) CN:8 DL:10MiB ETA:52m18s]
[#b9afd0 3.2GiB/35GiB(9%) CN:8 DL:10MiB ETA:53m33s]
[#b9afd0 3.2GiB/35GiB(9%) CN:8 DL:10MiB ETA:54m14s]
[#b9afd0 3.2GiB/35GiB(9%) CN:8 DL:10MiB ETA:54m4s]
[#b9afd0 3.2GiB/35GiB(9%) CN:8 DL:10MiB ETA:52m59s]
[#b9afd0 3.2GiB/35GiB(9%) CN:8 DL:10MiB ETA:52m47s]
[#b9afd0 3.2GiB/35GiB(9%) CN:8 DL:10MiB ETA:52m45s]
[#b9afd0 3.2GiB/35GiB(9%) CN:8 DL:10MiB ETA:54m3s]
[#b9afd0 3.2GiB/35GiB(9%) CN:8 DL:10MiB ETA:54m21s]
[#b9afd0 3.3GiB/35GiB(9%) CN:8 DL:9.9MiB ETA:55m13s]
[#b9afd0 3.3GiB/35GiB(9%) CN:8 DL:10MiB ETA:52m51s]
[#b9afd0 3.3GiB/35GiB(9%) CN:8 DL:10MiB ETA:52m54s]
[#b9afd0 3.3GiB/35GiB(9%) CN:8 DL:10MiB ETA:53m4s]
[#b9afd0 3.3GiB/35GiB(9%) CN:8 DL:10MiB ETA:52m35s]
[#b9afd0 3.3GiB/35GiB(9%) CN:8 DL:10MiB ETA:53m35s]
[#b9afd0 3.3GiB/35GiB(9%) CN:8 DL:10MiB ETA:53m56s]
[#b9afd0 3.3GiB/35GiB(9%) CN:8 DL:10MiB ETA:54m19s]
[#b9afd0 3.3GiB/35GiB(9%) CN:8 DL:10MiB ETA:53m14s]
[#b9afd0 3.3GiB/35GiB(9%) CN:8 DL:10MiB ETA:54m5s]
[#b9afd0 3.4GiB/35GiB(9%) CN:8 DL:9.8MiB ETA:55m11s]
[#b9afd0 3.4GiB/35GiB(9%) CN:8 DL:9.4MiB ETA:57m32s]
[#b9afd0 3.4GiB/35GiB(9%) CN:8 DL:9.6MiB ETA:56m36s]
[#b9afd0 3.4GiB/35GiB(9%) CN:8 DL:9.5MiB ETA:57m21s]
[#b9afd0 3.4GiB/35GiB(9%) CN:8 DL:9.2MiB ETA:58m56s]
[#b9afd0 3.4GiB/35GiB(9%) CN:8 DL:9.3MiB ETA:58m15s]
[#b9afd0 3.4GiB/35GiB(9%) CN:8 DL:9.5MiB ETA:57m]
[#b9afd0 3.4GiB/35GiB(9%) CN:8 DL:9.2MiB ETA:58m34s]
[#b9afd0 3.4GiB/35GiB(9%) CN:8 DL:9.4MiB ETA:57m48s]
[#b9afd0 3.4GiB/35GiB(9%) CN:8 DL:9.5MiB ETA:56m47s]
[#b9afd0 3.4GiB/35GiB(9%) CN:8 DL:9.7MiB ETA:55m57s]
[#b9afd0 3.5GiB/35GiB(9%) CN:8 DL:9.8MiB ETA:55m11s]
[#b9afd0 3.5GiB/35GiB(9%) CN:8 DL:9.9MiB ETA:54m53s]
[#b9afd0 3.5GiB/35GiB(9%) CN:8 DL:10MiB ETA:52m49s]
[#b9afd0 3.5GiB/35GiB(9%) CN:8 DL:9.9MiB ETA:54m36s]
[#b9afd0 3.5GiB/35GiB(10%) CN:8 DL:10MiB ETA:54m7s]
[#b9afd0 3.5GiB/35GiB(10%) CN:8 DL:10MiB ETA:52m41s]
[#b9afd0 3.5GiB/35GiB(10%) CN:8 DL:10MiB ETA:53m49s]
[#b9afd0 3.5GiB/35GiB(10%) CN:8 DL:9.9MiB ETA:54m33s]
[#b9afd0 3.5GiB/35GiB(10%) CN:8 DL:9.8MiB ETA:55m6s]
[#b9afd0 3.5GiB/35GiB(10%) CN:8 DL:9.9MiB ETA:54m38s]
[#b9afd0 3.6GiB/35GiB(10%) CN:8 DL:9.9MiB ETA:54m45s]
[#b9afd0 3.6GiB/35GiB(10%) CN:8 DL:9.8MiB ETA:55m8s]
[#b9afd0 3.6GiB/35GiB(10%) CN:8 DL:10MiB ETA:53m12s]
[#b9afd0 3.6GiB/35GiB(10%) CN:8 DL:10MiB ETA:53m26s]
[#b9afd0 3.6GiB/35GiB(10%) CN:8 DL:10MiB ETA:53m20s]
[#b9afd0 3.6GiB/35GiB(10%) CN:8 DL:10MiB ETA:52m6s]
[#b9afd0 3.6GiB/35GiB(10%) CN:8 DL:10MiB ETA:52m33s]
[#b9afd0 3.6GiB/35GiB(10%) CN:8 DL:10MiB ETA:53m14s]
[#b9afd0 3.6GiB/35GiB(10%) CN:8 DL:10MiB ETA:52m51s]
[#b9afd0 3.6GiB/35GiB(10%) CN:8 DL:10MiB ETA:52m30s]
[#b9afd0 3.7GiB/35GiB(10%) CN:8 DL:10MiB ETA:52m25s]
[#b9afd0 3.7GiB/35GiB(10%) CN:8 DL:10MiB ETA:51m41s]
[#b9afd0 3.7GiB/35GiB(10%) CN:8 DL:10MiB ETA:52m57s]
[#b9afd0 3.7GiB/35GiB(10%) CN:8 DL:10MiB ETA:52m40s]
[#b9afd0 3.7GiB/35GiB(10%) CN:8 DL:10MiB ETA:52m19s]
[#b9afd0 3.7GiB/35GiB(10%) CN:8 DL:10MiB ETA:53m28s]
[#b9afd0 3.7GiB/35GiB(10%) CN:8 DL:10MiB ETA:52m15s]
[#b9afd0 3.7GiB/35GiB(10%) CN:8 DL:10MiB ETA:52m28s]
[#b9afd0 3.7GiB/35GiB(10%) CN:8 DL:10MiB ETA:52m33s]
[#b9afd0 3.7GiB/35GiB(10%) CN:8 DL:10MiB ETA:52m56s]
[#b9afd0 3.8GiB/35GiB(10%) CN:8 DL:10MiB ETA:53m12s]
[#b9afd0 3.8GiB/35GiB(10%) CN:8 DL:10MiB ETA:52m57s]
[#b9afd0 3.8GiB/35GiB(10%) CN:8 DL:10MiB ETA:53m18s]
[#b9afd0 3.8GiB/35GiB(10%) CN:8 DL:9.9MiB ETA:54m6s]
[#b9afd0 3.8GiB/35GiB(10%) CN:8 DL:10MiB ETA:53m6s]
[#b9afd0 3.8GiB/35GiB(10%) CN:8 DL:10MiB ETA:53m26s]
[#b9afd0 3.8GiB/35GiB(10%) CN:8 DL:10MiB ETA:52m39s]
[#b9afd0 3.8GiB/35GiB(10%) CN:8 DL:10MiB ETA:51m44s]
[#b9afd0 3.8GiB/35GiB(10%) CN:8 DL:10MiB ETA:52m26s]
[#b9afd0 3.8GiB/35GiB(10%) CN:8 DL:10MiB ETA:53m30s]
[#b9afd0 3.9GiB/35GiB(11%) CN:8 DL:10MiB ETA:53m]
[#b9afd0 3.9GiB/35GiB(11%) CN:8 DL:10MiB ETA:52m8s]
[#b9afd0 3.9GiB/35GiB(11%) CN:8 DL:10MiB ETA:53m15s]
[#b9afd0 3.9GiB/35GiB(11%) CN:8 DL:10MiB ETA:52m2s]
[#b9afd0 3.9GiB/35GiB(11%) CN:8 DL:10MiB ETA:53m1s]
[#b9afd0 3.9GiB/35GiB(11%) CN:8 DL:10MiB ETA:52m48s]
[#b9afd0 3.9GiB/35GiB(11%) CN:8 DL:10MiB ETA:53m4s]
[#b9afd0 3.9GiB/35GiB(11%) CN:8 DL:10MiB ETA:51m23s]
[#b9afd0 3.9GiB/35GiB(11%) CN:8 DL:10MiB ETA:52m18s]
[#b9afd0 3.9GiB/35GiB(11%) CN:8 DL:10MiB ETA:51m32s]
[#b9afd0 4.0GiB/35GiB(11%) CN:8 DL:10MiB ETA:52m34s]
[#b9afd0 4.0GiB/35GiB(11%) CN:8 DL:10MiB ETA:53m4s]
[#b9afd0 4.0GiB/35GiB(11%) CN:8 DL:10MiB ETA:52m38s]
 *** Download Progress Summary as of Sun Sep 20 12:48:50 2026 *** 
===============================================================================
[#b9afd0 4.0GiB/35GiB(11%) CN:8 DL:10MiB ETA:52m52s]
FILE: urbansarfloods/urban_sar_floods.tar.gz
-------------------------------------------------------------------------------

[#b9afd0 4.0GiB/35GiB(11%) CN:8 DL:10MiB ETA:52m52s]
[#b9afd0 4.0GiB/35GiB(11%) CN:8 DL:10MiB ETA:51m36s]
[#b9afd0 4.0GiB/35GiB(11%) CN:8 DL:10MiB ETA:52m5s]
[#b9afd0 4.0GiB/35GiB(11%) CN:8 DL:10MiB ETA:51m57s]
[#b9afd0 4.0GiB/35GiB(11%) CN:8 DL:10MiB ETA:51m46s]
[#b9afd0 4.0GiB/35GiB(11%) CN:8 DL:10MiB ETA:51m]
[#b9afd0 4.0GiB/35GiB(11%) CN:8 DL:10MiB ETA:52m25s]
[#b9afd0 4.1GiB/35GiB(11%) CN:8 DL:10MiB ETA:51m56s]
[#b9afd0 4.1GiB/35GiB(11%) CN:8 DL:10MiB ETA:52m38s]
[#b9afd0 4.1GiB/35GiB(11%) CN:8 DL:9.8MiB ETA:53m56s]
[#b9afd0 4.1GiB/35GiB(11%) CN:8 DL:9.7MiB ETA:54m45s]
[#b9afd0 4.1GiB/35GiB(11%) CN:8 DL:10MiB ETA:52m44s]
[#b9afd0 4.1GiB/35GiB(11%) CN:8 DL:10MiB ETA:52m49s]
[#b9afd0 4.1GiB/35GiB(11%) CN:8 DL:9.9MiB ETA:53m29s]
[#b9afd0 4.1GiB/35GiB(11%) CN:8 DL:9.8MiB ETA:53m54s]
[#b9afd0 4.1GiB/35GiB(11%) CN:8 DL:9.9MiB ETA:53m25s]
[#b9afd0 4.1GiB/35GiB(11%) CN:8 DL:9.8MiB ETA:53m55s]
[#b9afd0 4.1GiB/35GiB(11%) CN:8 DL:9.6MiB ETA:54m52s]
[#b9afd0 4.2GiB/35GiB(11%) CN:8 DL:9.8MiB ETA:53m59s]
[#b9afd0 4.2GiB/35GiB(11%) CN:8 DL:9.9MiB ETA:53m20s]
[#b9afd0 4.2GiB/35GiB(11%) CN:8 DL:9.7MiB ETA:54m36s]
[#b9afd0 4.2GiB/35GiB(11%) CN:8 DL:9.7MiB ETA:54m21s]
[#b9afd0 4.2GiB/35GiB(12%) CN:8 DL:9.8MiB ETA:54m12s]
[#b9afd0 4.2GiB/35GiB(12%) CN:8 DL:9.9MiB ETA:53m12s]
[#b9afd0 4.2GiB/35GiB(12%) CN:8 DL:9.8MiB ETA:53m58s]
[#b9afd0 4.2GiB/35GiB(12%) CN:8 DL:9.8MiB ETA:53m57s]
[#b9afd0 4.2GiB/35GiB(12%) CN:8 DL:9.9MiB ETA:53m16s]
[#b9afd0 4.2GiB/35GiB(12%) CN:8 DL:10MiB ETA:52m1s]
[#b9afd0 4.3GiB/35GiB(12%) CN:8 DL:9.8MiB ETA:53m48s]
[#b9afd0 4.3GiB/35GiB(12%) CN:8 DL:9.9MiB ETA:53m31s]
[#b9afd0 4.3GiB/35GiB(12%) CN:8 DL:9.9MiB ETA:53m12s]
[#b9afd0 4.3GiB/35GiB(12%) CN:8 DL:10MiB ETA:52m58s]
[#b9afd0 4.3GiB/35GiB(12%) CN:8 DL:10MiB ETA:52m18s]
[#b9afd0 4.3GiB/35GiB(12%) CN:8 DL:10MiB ETA:52m44s]
[#b9afd0 4.3GiB/35GiB(12%) CN:8 DL:10MiB ETA:52m36s]
[#b9afd0 4.3GiB/35GiB(12%) CN:8 DL:10MiB ETA:52m2s]
[#b9afd0 4.3GiB/35GiB(12%) CN:8 DL:9.8MiB ETA:53m50s]
[#b9afd0 4.3GiB/35GiB(12%) CN:8 DL:9.6MiB ETA:54m36s]
[#b9afd0 4.4GiB/35GiB(12%) CN:8 DL:9.7MiB ETA:54m20s]
[#b9afd0 4.4GiB/35GiB(12%) CN:8 DL:9.9MiB ETA:53m12s]
[#b9afd0 4.4GiB/35GiB(12%) CN:8 DL:9.5MiB ETA:55m6s]
[#b9afd0 4.4GiB/35GiB(12%) CN:8 DL:9.3MiB ETA:56m28s]
[#b9afd0 4.4GiB/35GiB(12%) CN:8 DL:9.3MiB ETA:56m18s]
[#b9afd0 4.4GiB/35GiB(12%) CN:8 DL:9.4MiB ETA:55m43s]
[#b9afd0 4.4GiB/35GiB(12%) CN:8 DL:9.5MiB ETA:55m30s]
[#b9afd0 4.4GiB/35GiB(12%) CN:8 DL:9.6MiB ETA:54m47s]
[#b9afd0 4.4GiB/35GiB(12%) CN:8 DL:9.5MiB ETA:54m56s]
[#b9afd0 4.4GiB/35GiB(12%) CN:8 DL:9.0MiB ETA:58m7s]
[#b9afd0 4.4GiB/35GiB(12%) CN:8 DL:8.9MiB ETA:59m4s]
[#b9afd0 4.4GiB/35GiB(12%) CN:8 DL:8.6MiB ETA:1h35s]
[#b9afd0 4.5GiB/35GiB(12%) CN:8 DL:8.6MiB ETA:1h35s]
[#b9afd0 4.5GiB/35GiB(12%) CN:8 DL:8.6MiB ETA:1h1m5s]
[#b9afd0 4.5GiB/35GiB(12%) CN:8 DL:8.3MiB ETA:1h3m16s]
[#b9afd0 4.5GiB/35GiB(12%) CN:8 DL:8.1MiB ETA:1h4m45s]
[#b9afd0 4.5GiB/35GiB(12%) CN:8 DL:8.2MiB ETA:1h3m52s]
[#b9afd0 4.5GiB/35GiB(12%) CN:8 DL:8.3MiB ETA:1h3m20s]
[#b9afd0 4.5GiB/35GiB(12%) CN:8 DL:8.5MiB ETA:1h1m34s]
[#b9afd0 4.5GiB/35GiB(12%) CN:8 DL:8.7MiB ETA:59m59s]
[#b9afd0 4.5GiB/35GiB(12%) CN:8 DL:8.8MiB ETA:59m25s]
[#b9afd0 4.5GiB/35GiB(12%) CN:8 DL:9.1MiB ETA:57m28s]
[#b9afd0 4.5GiB/35GiB(12%) CN:8 DL:9.3MiB ETA:55m54s]
[#b9afd0 4.6GiB/35GiB(13%) CN:8 DL:9.5MiB ETA:55m13s]
[#b9afd0 4.6GiB/35GiB(13%) CN:8 DL:9.5MiB ETA:54m50s]
[#b9afd0 4.6GiB/35GiB(13%) CN:8 DL:9.6MiB ETA:54m29s]
[#b9afd0 4.6GiB/35GiB(13%) CN:8 DL:9.4MiB ETA:55m47s]
[#b9afd0 4.6GiB/35GiB(13%) CN:8 DL:9.3MiB ETA:55m55s]
[#b9afd0 4.6GiB/35GiB(13%) CN:8 DL:9.5MiB ETA:54m38s]
[#b9afd0 4.6GiB/35GiB(13%) CN:8 DL:9.5MiB ETA:55m7s]
[#b9afd0 4.6GiB/35GiB(13%) CN:8 DL:9.3MiB ETA:56m11s]
[#b9afd0 4.6GiB/35GiB(13%) CN:8 DL:9.4MiB ETA:55m41s]
[#b9afd0 4.6GiB/35GiB(13%) CN:8 DL:9.3MiB ETA:56m8s]
[#b9afd0 4.7GiB/35GiB(13%) CN:8 DL:9.3MiB ETA:55m52s]
[#b9afd0 4.7GiB/35GiB(13%) CN:8 DL:9.6MiB ETA:54m29s]
[#b9afd0 4.7GiB/35GiB(13%) CN:8 DL:9.9MiB ETA:52m31s]
[#b9afd0 4.7GiB/35GiB(13%) CN:8 DL:10MiB ETA:51m43s]
[#b9afd0 4.7GiB/35GiB(13%) CN:8 DL:10MiB ETA:51m21s]
[#b9afd0 4.7GiB/35GiB(13%) CN:8 DL:10MiB ETA:49m48s]
[#b9afd0 4.7GiB/35GiB(13%) CN:8 DL:10MiB ETA:49m4s]
[#b9afd0 4.7GiB/35GiB(13%) CN:8 DL:10MiB ETA:50m16s]
[#b9afd0 4.7GiB/35GiB(13%) CN:8 DL:10MiB ETA:49m5s]
[#b9afd0 4.7GiB/35GiB(13%) CN:8 DL:10MiB ETA:49m6s]
[#b9afd0 4.8GiB/35GiB(13%) CN:8 DL:10MiB ETA:48m53s]
[#b9afd0 4.8GiB/35GiB(13%) CN:8 DL:10MiB ETA:49m14s]
[#b9afd0 4.8GiB/35GiB(13%) CN:8 DL:10MiB ETA:49m10s]
[#b9afd0 4.8GiB/35GiB(13%) CN:8 DL:10MiB ETA:49m53s]
[#b9afd0 4.8GiB/35GiB(13%) CN:8 DL:10MiB ETA:49m9s]
[#b9afd0 4.8GiB/35GiB(13%) CN:8 DL:10MiB ETA:49m30s]
[#b9afd0 4.8GiB/35GiB(13%) CN:8 DL:10MiB ETA:49m1s]
[#b9afd0 4.8GiB/35GiB(13%) CN:8 DL:10MiB ETA:48m5s]
[#b9afd0 4.8GiB/35GiB(13%) CN:8 DL:10MiB ETA:49m12s]
[#b9afd0 4.8GiB/35GiB(13%) CN:8 DL:10MiB ETA:48m59s]
[#b9afd0 4.9GiB/35GiB(13%) CN:8 DL:10MiB ETA:48m29s]
[#b9afd0 4.9GiB/35GiB(13%) CN:8 DL:10MiB ETA:48m16s]
[#b9afd0 4.9GiB/35GiB(13%) CN:8 DL:10MiB ETA:49m6s]
[#b9afd0 4.9GiB/35GiB(13%) CN:8 DL:10MiB ETA:48m50s]
[#b9afd0 4.9GiB/35GiB(13%) CN:8 DL:10MiB ETA:49m10s]
[#b9afd0 4.9GiB/35GiB(14%) CN:8 DL:10MiB ETA:49m7s]
[#b9afd0 4.9GiB/35GiB(14%) CN:8 DL:10MiB ETA:48m52s]
[#b9afd0 4.9GiB/35GiB(14%) CN:8 DL:10MiB ETA:48m6s]
[#b9afd0 4.9GiB/35GiB(14%) CN:8 DL:10MiB ETA:48m52s]
[#b9afd0 4.9GiB/35GiB(14%) CN:8 DL:10MiB ETA:50m30s]
[#b9afd0 5.0GiB/35GiB(14%) CN:8 DL:10MiB ETA:50m13s]
[#b9afd0 5.0GiB/35GiB(14%) CN:8 DL:10MiB ETA:49m13s]
[#b9afd0 5.0GiB/35GiB(14%) CN:8 DL:10MiB ETA:49m25s]
[#b9afd0 5.0GiB/35GiB(14%) CN:8 DL:10MiB ETA:49m28s]
[#b9afd0 5.0GiB/35GiB(14%) CN:8 DL:10MiB ETA:49m12s]
[#b9afd0 5.0GiB/35GiB(14%) CN:8 DL:10MiB ETA:49m]
[#b9afd0 5.0GiB/35GiB(14%) CN:8 DL:10MiB ETA:48m42s]
[#b9afd0 5.0GiB/35GiB(14%) CN:8 DL:10MiB ETA:47m49s]
[#b9afd0 5.0GiB/35GiB(14%) CN:8 DL:10MiB ETA:49m4s]
[#b9afd0 5.1GiB/35GiB(14%) CN:8 DL:10MiB ETA:48m58s]
[#b9afd0 5.1GiB/35GiB(14%) CN:8 DL:10MiB ETA:48m59s]
[#b9afd0 5.1GiB/35GiB(14%) CN:8 DL:10MiB ETA:49m]
[#b9afd0 5.1GiB/35GiB(14%) CN:8 DL:10MiB ETA:48m19s]
[#b9afd0 5.1GiB/35GiB(14%) CN:8 DL:10MiB ETA:48m56s]
[#b9afd0 5.1GiB/35GiB(14%) CN:8 DL:10MiB ETA:49m2s]
[#b9afd0 5.1GiB/35GiB(14%) CN:8 DL:10MiB ETA:48m23s]
[#b9afd0 5.1GiB/35GiB(14%) CN:8 DL:10MiB ETA:48m32s]
[#b9afd0 5.1GiB/35GiB(14%) CN:8 DL:10MiB ETA:49m32s]
[#b9afd0 5.1GiB/35GiB(14%) CN:8 DL:10MiB ETA:47m58s]
[#b9afd0 5.2GiB/35GiB(14%) CN:8 DL:10MiB ETA:48m13s]
[#b9afd0 5.2GiB/35GiB(14%) CN:8 DL:10MiB ETA:48m35s]
[#b9afd0 5.2GiB/35GiB(14%) CN:8 DL:10MiB ETA:49m11s]
[#b9afd0 5.2GiB/35GiB(14%) CN:8 DL:10MiB ETA:49m46s]
[#b9afd0 5.2GiB/35GiB(14%) CN:8 DL:10MiB ETA:49m24s]
[#b9afd0 5.2GiB/35GiB(14%) CN:8 DL:10MiB ETA:50m9s]
[#b9afd0 5.2GiB/35GiB(14%) CN:8 DL:10MiB ETA:50m55s]
[#b9afd0 5.2GiB/35GiB(14%) CN:8 DL:10MiB ETA:51m13s]
[#b9afd0 5.2GiB/35GiB(14%) CN:8 DL:10MiB ETA:49m44s]
[#b9afd0 5.2GiB/35GiB(14%) CN:8 DL:10MiB ETA:49m54s]
[#b9afd0 5.3GiB/35GiB(14%) CN:8 DL:10MiB ETA:49m57s]
[#b9afd0 5.3GiB/35GiB(15%) CN:8 DL:10MiB ETA:50m36s]
[#b9afd0 5.3GiB/35GiB(15%) CN:8 DL:10MiB ETA:49m55s]
[#b9afd0 5.3GiB/35GiB(15%) CN:8 DL:10MiB ETA:49m20s]
[#b9afd0 5.3GiB/35GiB(15%) CN:8 DL:10MiB ETA:49m33s]
[#b9afd0 5.3GiB/35GiB(15%) CN:8 DL:10MiB ETA:48m23s]
[#b9afd0 5.3GiB/35GiB(15%) CN:8 DL:10MiB ETA:48m18s]
[#b9afd0 5.3GiB/35GiB(15%) CN:8 DL:10MiB ETA:48m33s]
[#b9afd0 5.3GiB/35GiB(15%) CN:8 DL:10MiB ETA:48m8s]
[#b9afd0 5.3GiB/35GiB(15%) CN:8 DL:10MiB ETA:47m57s]
[#b9afd0 5.4GiB/35GiB(15%) CN:8 DL:10MiB ETA:47m16s]
[#b9afd0 5.4GiB/35GiB(15%) CN:8 DL:10MiB ETA:48m18s]
[#b9afd0 5.4GiB/35GiB(15%) CN:8 DL:10MiB ETA:48m6s]
[#b9afd0 5.4GiB/35GiB(15%) CN:8 DL:10MiB ETA:48m37s]
[#b9afd0 5.4GiB/35GiB(15%) CN:8 DL:10MiB ETA:48m32s]
[#b9afd0 5.4GiB/35GiB(15%) CN:8 DL:10MiB ETA:48m33s]
[#b9afd0 5.4GiB/35GiB(15%) CN:8 DL:10MiB ETA:48m56s]
[#b9afd0 5.4GiB/35GiB(15%) CN:8 DL:10MiB ETA:49m9s]
[#b9afd0 5.4GiB/35GiB(15%) CN:8 DL:10MiB ETA:48m58s]
[#b9afd0 5.4GiB/35GiB(15%) CN:8 DL:10MiB ETA:49m32s]
[#b9afd0 5.5GiB/35GiB(15%) CN:8 DL:10MiB ETA:49m33s]
[#b9afd0 5.5GiB/35GiB(15%) CN:8 DL:10MiB ETA:49m1s]
[#b9afd0 5.5GiB/35GiB(15%) CN:8 DL:10MiB ETA:49m49s]
[#b9afd0 5.5GiB/35GiB(15%) CN:8 DL:10MiB ETA:49m39s]
[#b9afd0 5.5GiB/35GiB(15%) CN:8 DL:10MiB ETA:49m41s]
[#b9afd0 5.5GiB/35GiB(15%) CN:8 DL:10MiB ETA:48m55s]
[#b9afd0 5.5GiB/35GiB(15%) CN:8 DL:10MiB ETA:49m30s]
[#b9afd0 5.5GiB/35GiB(15%) CN:8 DL:10MiB ETA:49m41s]
[#b9afd0 5.5GiB/35GiB(15%) CN:8 DL:10MiB ETA:49m46s]
[#b9afd0 5.5GiB/35GiB(15%) CN:8 DL:10MiB ETA:49m50s]
[#b9afd0 5.6GiB/35GiB(15%) CN:8 DL:10MiB ETA:49m3s]
[#b9afd0 5.6GiB/35GiB(15%) CN:8 DL:10MiB ETA:48m35s]
[#b9afd0 5.6GiB/35GiB(15%) CN:8 DL:10MiB ETA:50m21s]
[#b9afd0 5.6GiB/35GiB(15%) CN:8 DL:10MiB ETA:50m21s]
[#b9afd0 5.6GiB/35GiB(15%) CN:8 DL:10MiB ETA:50m16s]
[#b9afd0 5.6GiB/35GiB(15%) CN:8 DL:10MiB ETA:50m15s]
[#b9afd0 5.6GiB/35GiB(16%) CN:8 DL:10MiB ETA:50m14s]
[#b9afd0 5.6GiB/35GiB(16%) CN:8 DL:10MiB ETA:50m25s]
[#b9afd0 5.6GiB/35GiB(16%) CN:8 DL:10MiB ETA:50m28s]
[#b9afd0 5.6GiB/35GiB(16%) CN:8 DL:10MiB ETA:50m18s]
[#b9afd0 5.7GiB/35GiB(16%) CN:8 DL:10MiB ETA:49m38s]
[#b9afd0 5.7GiB/35GiB(16%) CN:8 DL:10MiB ETA:49m9s]
[#b9afd0 5.7GiB/35GiB(16%) CN:8 DL:10MiB ETA:49m30s]
[#b9afd0 5.7GiB/35GiB(16%) CN:8 DL:10MiB ETA:50m16s]
[#b9afd0 5.7GiB/35GiB(16%) CN:8 DL:10MiB ETA:49m40s]
[#b9afd0 5.7GiB/35GiB(16%) CN:8 DL:10MiB ETA:49m42s]
[#b9afd0 5.7GiB/35GiB(16%) CN:8 DL:10MiB ETA:49m27s]
[#b9afd0 5.7GiB/35GiB(16%) CN:8 DL:10MiB ETA:49m57s]
[#b9afd0 5.7GiB/35GiB(16%) CN:8 DL:10MiB ETA:49m37s]
[#b9afd0 5.7GiB/35GiB(16%) CN:8 DL:10MiB ETA:50m]
[#b9afd0 5.8GiB/35GiB(16%) CN:8 DL:10MiB ETA:50m1s]
[#b9afd0 5.8GiB/35GiB(16%) CN:8 DL:10MiB ETA:49m5s]
[#b9afd0 5.8GiB/35GiB(16%) CN:8 DL:10MiB ETA:50m10s]
[#b9afd0 5.8GiB/35GiB(16%) CN:8 DL:10MiB ETA:49m46s]
[#b9afd0 5.8GiB/35GiB(16%) CN:8 DL:9.9MiB ETA:50m26s]
[#b9afd0 5.8GiB/35GiB(16%) CN:8 DL:10MiB ETA:50m1s]
[#b9afd0 5.8GiB/35GiB(16%) CN:8 DL:10MiB ETA:50m8s]
[#b9afd0 5.8GiB/35GiB(16%) CN:8 DL:10MiB ETA:50m10s]
[#b9afd0 5.8GiB/35GiB(16%) CN:8 DL:10MiB ETA:49m56s]
[#b9afd0 5.8GiB/35GiB(16%) CN:8 DL:10MiB ETA:49m45s]
[#b9afd0 5.9GiB/35GiB(16%) CN:8 DL:10MiB ETA:48m44s]
[#b9afd0 5.9GiB/35GiB(16%) CN:8 DL:10MiB ETA:46m46s]
[#b9afd0 5.9GiB/35GiB(16%) CN:8 DL:10MiB ETA:47m42s]
[#b9afd0 5.9GiB/35GiB(16%) CN:8 DL:10MiB ETA:48m33s]
[#b9afd0 5.9GiB/35GiB(16%) CN:8 DL:10MiB ETA:48m58s]
[#b9afd0 5.9GiB/35GiB(16%) CN:8 DL:10MiB ETA:48m48s]
[#b9afd0 5.9GiB/35GiB(16%) CN:8 DL:10MiB ETA:48m58s]
[#b9afd0 5.9GiB/35GiB(16%) CN:8 DL:10MiB ETA:48m57s]
[#b9afd0 5.9GiB/35GiB(16%) CN:8 DL:10MiB ETA:48m47s]
[#b9afd0 5.9GiB/35GiB(16%) CN:8 DL:10MiB ETA:47m20s]
[#b9afd0 6.0GiB/35GiB(16%) CN:8 DL:10MiB ETA:48m32s]
[#b9afd0 6.0GiB/35GiB(17%) CN:8 DL:10MiB ETA:48m39s]
[#b9afd0 6.0GiB/35GiB(17%) CN:8 DL:10MiB ETA:46m55s]
[#b9afd0 6.0GiB/35GiB(17%) CN:8 DL:10MiB ETA:49m43s]
[#b9afd0 6.0GiB/35GiB(17%) CN:8 DL:10MiB ETA:49m59s]
[#b9afd0 6.0GiB/35GiB(17%) CN:8 DL:9.7MiB ETA:51m20s]
[#b9afd0 6.0GiB/35GiB(17%) CN:8 DL:9.7MiB ETA:51m8s]
[#b9afd0 6.0GiB/35GiB(17%) CN:8 DL:9.8MiB ETA:50m39s]
[#b9afd0 6.0GiB/35GiB(17%) CN:8 DL:9.7MiB ETA:51m28s]
[#b9afd0 6.0GiB/35GiB(17%) CN:8 DL:9.9MiB ETA:50m7s]
[#b9afd0 6.1GiB/35GiB(17%) CN:8 DL:10MiB ETA:49m10s]
[#b9afd0 6.1GiB/35GiB(17%) CN:8 DL:9.8MiB ETA:50m29s]
[#b9afd0 6.1GiB/35GiB(17%) CN:8 DL:10MiB ETA:46m14s]
[#b9afd0 6.1GiB/35GiB(17%) CN:8 DL:10MiB ETA:46m18s]
[#b9afd0 6.1GiB/35GiB(17%) CN:8 DL:10MiB ETA:46m54s]
[#b9afd0 6.1GiB/35GiB(17%) CN:8 DL:10MiB ETA:46m31s]
[#b9afd0 6.1GiB/35GiB(17%) CN:8 DL:10MiB ETA:46m58s]
[#b9afd0 6.1GiB/35GiB(17%) CN:8 DL:10MiB ETA:46m54s]
[#b9afd0 6.1GiB/35GiB(17%) CN:8 DL:10MiB ETA:46m52s]
[#b9afd0 6.1GiB/35GiB(17%) CN:8 DL:10MiB ETA:46m22s]
[#b9afd0 6.2GiB/35GiB(17%) CN:8 DL:10MiB ETA:46m54s]
[#b9afd0 6.2GiB/35GiB(17%) CN:8 DL:10MiB ETA:46m36s]
[#b9afd0 6.2GiB/35GiB(17%) CN:8 DL:10MiB ETA:46m4s]
[#b9afd0 6.2GiB/35GiB(17%) CN:8 DL:10MiB ETA:46m54s]
[#b9afd0 6.2GiB/35GiB(17%) CN:8 DL:10MiB ETA:47m13s]
[#b9afd0 6.2GiB/35GiB(17%) CN:8 DL:10MiB ETA:47m]
[#b9afd0 6.2GiB/35GiB(17%) CN:8 DL:10MiB ETA:47m]
[#b9afd0 6.2GiB/35GiB(17%) CN:8 DL:10MiB ETA:46m53s]
[#b9afd0 6.2GiB/35GiB(17%) CN:8 DL:10MiB ETA:46m49s]
[#b9afd0 6.2GiB/35GiB(17%) CN:8 DL:10MiB ETA:47m14s]
[#b9afd0 6.3GiB/35GiB(17%) CN:8 DL:10MiB ETA:47m1s]
[#b9afd0 6.3GiB/35GiB(17%) CN:8 DL:10MiB ETA:46m58s]
[#b9afd0 6.3GiB/35GiB(17%) CN:8 DL:10MiB ETA:47m49s]
[#b9afd0 6.3GiB/35GiB(17%) CN:8 DL:10MiB ETA:46m29s]
[#b9afd0 6.3GiB/35GiB(17%) CN:8 DL:10MiB ETA:46m4s]
[#b9afd0 6.3GiB/35GiB(17%) CN:8 DL:10MiB ETA:46m46s]
[#b9afd0 6.3GiB/35GiB(18%) CN:8 DL:10MiB ETA:47m9s]
[#b9afd0 6.3GiB/35GiB(18%) CN:8 DL:10MiB ETA:47m12s]
[#b9afd0 6.3GiB/35GiB(18%) CN:8 DL:10MiB ETA:46m48s]
[#b9afd0 6.4GiB/35GiB(18%) CN:8 DL:10MiB ETA:47m12s]
[#b9afd0 6.4GiB/35GiB(18%) CN:8 DL:10MiB ETA:47m2s]
[#b9afd0 6.4GiB/35GiB(18%) CN:8 DL:10MiB ETA:46m42s]
[#b9afd0 6.4GiB/35GiB(18%) CN:8 DL:10MiB ETA:47m14s]
[#b9afd0 6.4GiB/35GiB(18%) CN:8 DL:10MiB ETA:47m34s]
[#b9afd0 6.4GiB/35GiB(18%) CN:8 DL:10MiB ETA:47m28s]
[#b9afd0 6.4GiB/35GiB(18%) CN:8 DL:10MiB ETA:47m50s]
[#b9afd0 6.4GiB/35GiB(18%) CN:8 DL:10MiB ETA:47m22s]
[#b9afd0 6.4GiB/35GiB(18%) CN:8 DL:10MiB ETA:48m21s]
[#b9afd0 6.4GiB/35GiB(18%) CN:8 DL:10MiB ETA:49m3s]
[#b9afd0 6.5GiB/35GiB(18%) CN:8 DL:10MiB ETA:48m31s]
[#b9afd0 6.5GiB/35GiB(18%) CN:8 DL:10MiB ETA:48m27s]
[#b9afd0 6.5GiB/35GiB(18%) CN:8 DL:9.9MiB ETA:49m26s]
[#b9afd0 6.5GiB/35GiB(18%) CN:8 DL:10MiB ETA:47m48s]
[#b9afd0 6.5GiB/35GiB(18%) CN:8 DL:10MiB ETA:47m25s]
[#b9afd0 6.5GiB/35GiB(18%) CN:8 DL:10MiB ETA:46m38s]
[#b9afd0 6.5GiB/35GiB(18%) CN:8 DL:10MiB ETA:46m59s]
[#b9afd0 6.5GiB/35GiB(18%) CN:8 DL:10MiB ETA:47m24s]
[#b9afd0 6.5GiB/35GiB(18%) CN:8 DL:10MiB ETA:47m32s]
[#b9afd0 6.5GiB/35GiB(18%) CN:8 DL:10MiB ETA:47m31s]
[#b9afd0 6.6GiB/35GiB(18%) CN:8 DL:10MiB ETA:47m12s]
[#b9afd0 6.6GiB/35GiB(18%) CN:8 DL:10MiB ETA:47m19s]
[#b9afd0 6.6GiB/35GiB(18%) CN:8 DL:10MiB ETA:47m38s]
[#b9afd0 6.6GiB/35GiB(18%) CN:8 DL:10MiB ETA:47m22s]
[#b9afd0 6.6GiB/35GiB(18%) CN:8 DL:10MiB ETA:46m57s]
[#b9afd0 6.6GiB/35GiB(18%) CN:8 DL:10MiB ETA:46m54s]
[#b9afd0 6.6GiB/35GiB(18%) CN:8 DL:10MiB ETA:46m7s]
[#b9afd0 6.6GiB/35GiB(18%) CN:8 DL:10MiB ETA:46m26s]
[#b9afd0 6.6GiB/35GiB(18%) CN:8 DL:10MiB ETA:47m8s]
[#b9afd0 6.6GiB/35GiB(18%) CN:8 DL:10MiB ETA:46m49s]
[#b9afd0 6.7GiB/35GiB(18%) CN:8 DL:10MiB ETA:47m53s]
[#b9afd0 6.7GiB/35GiB(18%) CN:8 DL:10MiB ETA:47m33s]
[#b9afd0 6.7GiB/35GiB(19%) CN:8 DL:10MiB ETA:46m54s]
[#b9afd0 6.7GiB/35GiB(19%) CN:8 DL:10MiB ETA:47m9s]
[#b9afd0 6.7GiB/35GiB(19%) CN:8 DL:10MiB ETA:46m44s]
[#b9afd0 6.7GiB/35GiB(19%) CN:8 DL:10MiB ETA:46m38s]
[#b9afd0 6.7GiB/35GiB(19%) CN:8 DL:10MiB ETA:46m7s]
[#b9afd0 6.7GiB/35GiB(19%) CN:8 DL:10MiB ETA:46m54s]
[#b9afd0 6.7GiB/35GiB(19%) CN:8 DL:10MiB ETA:46m15s]
[#b9afd0 6.7GiB/35GiB(19%) CN:8 DL:10MiB ETA:46m32s]
[#b9afd0 6.8GiB/35GiB(19%) CN:8 DL:10MiB ETA:46m19s]
[#b9afd0 6.8GiB/35GiB(19%) CN:8 DL:10MiB ETA:46m14s]
[#b9afd0 6.8GiB/35GiB(19%) CN:8 DL:10MiB ETA:46m24s]
[#b9afd0 6.8GiB/35GiB(19%) CN:8 DL:10MiB ETA:46m28s]
[#b9afd0 6.8GiB/35GiB(19%) CN:8 DL:10MiB ETA:46m23s]
[#b9afd0 6.8GiB/35GiB(19%) CN:8 DL:10MiB ETA:46m15s]
[#b9afd0 6.8GiB/35GiB(19%) CN:8 DL:10MiB ETA:46m5s]
[#b9afd0 6.8GiB/35GiB(19%) CN:8 DL:10MiB ETA:45m22s]
[#b9afd0 6.8GiB/35GiB(19%) CN:8 DL:10MiB ETA:46m54s]
[#b9afd0 6.8GiB/35GiB(19%) CN:8 DL:9.9MiB ETA:48m50s]
[#b9afd0 6.9GiB/35GiB(19%) CN:8 DL:10MiB ETA:46m47s]
[#b9afd0 6.9GiB/35GiB(19%) CN:8 DL:10MiB ETA:48m18s]
[#b9afd0 6.9GiB/35GiB(19%) CN:8 DL:10MiB ETA:47m50s]
[#b9afd0 6.9GiB/35GiB(19%) CN:8 DL:10MiB ETA:47m48s]
[#b9afd0 6.9GiB/35GiB(19%) CN:8 DL:10MiB ETA:48m8s]
[#b9afd0 6.9GiB/35GiB(19%) CN:8 DL:10MiB ETA:48m6s]
[#b9afd0 6.9GiB/35GiB(19%) CN:8 DL:10MiB ETA:47m58s]
[#b9afd0 6.9GiB/35GiB(19%) CN:8 DL:10MiB ETA:46m57s]
[#b9afd0 6.9GiB/35GiB(19%) CN:8 DL:10MiB ETA:46m5s]
[#b9afd0 6.9GiB/35GiB(19%) CN:8 DL:10MiB ETA:47m25s]
[#b9afd0 7.0GiB/35GiB(19%) CN:8 DL:10MiB ETA:46m45s]
[#b9afd0 7.0GiB/35GiB(19%) CN:8 DL:10MiB ETA:44m59s]
 *** Download Progress Summary as of Sun Sep 20 12:53:50 2026 *** 
===============================================================================
[#b9afd0 7.0GiB/35GiB(19%) CN:8 DL:10MiB ETA:45m57s]
FILE: urbansarfloods/urban_sar_floods.tar.gz
-------------------------------------------------------------------------------

[#b9afd0 7.0GiB/35GiB(19%) CN:8 DL:10MiB ETA:45m57s]
[#b9afd0 7.0GiB/35GiB(19%) CN:8 DL:10MiB ETA:48m17s]
[#b9afd0 7.0GiB/35GiB(19%) CN:8 DL:10MiB ETA:47m43s]
[#b9afd0 7.0GiB/35GiB(19%) CN:8 DL:9.9MiB ETA:48m47s]
[#b9afd0 7.0GiB/35GiB(19%) CN:8 DL:9.7MiB ETA:49m44s]
[#b9afd0 7.0GiB/35GiB(19%) CN:8 DL:9.3MiB ETA:51m52s]
[#b9afd0 7.0GiB/35GiB(19%) CN:8 DL:9.0MiB ETA:53m23s]
[#b9afd0 7.0GiB/35GiB(20%) CN:8 DL:8.9MiB ETA:53m49s]
[#b9afd0 7.0GiB/35GiB(20%) CN:8 DL:8.7MiB ETA:55m3s]
[#b9afd0 7.1GiB/35GiB(20%) CN:8 DL:8.6MiB ETA:55m33s]
[#b9afd0 7.1GiB/35GiB(20%) CN:8 DL:9.0MiB ETA:53m8s]
[#b9afd0 7.1GiB/35GiB(20%) CN:8 DL:8.8MiB ETA:54m20s]
[#b9afd0 7.1GiB/35GiB(20%) CN:8 DL:9.2MiB ETA:52m20s]
[#b9afd0 7.1GiB/35GiB(20%) CN:8 DL:9.2MiB ETA:51m48s]
[#b9afd0 7.1GiB/35GiB(20%) CN:8 DL:9.5MiB ETA:50m16s]
[#b9afd0 7.1GiB/35GiB(20%) CN:8 DL:10MiB ETA:47m32s]
[#b9afd0 7.1GiB/35GiB(20%) CN:8 DL:10MiB ETA:46m12s]
[#b9afd0 7.1GiB/35GiB(20%) CN:8 DL:10MiB ETA:46m36s]
[#b9afd0 7.1GiB/35GiB(20%) CN:8 DL:10MiB ETA:46m55s]
[#b9afd0 7.2GiB/35GiB(20%) CN:8 DL:10MiB ETA:45m30s]
[#b9afd0 7.2GiB/35GiB(20%) CN:8 DL:10MiB ETA:44m41s]
[#b9afd0 7.2GiB/35GiB(20%) CN:8 DL:10MiB ETA:44m52s]
[#b9afd0 7.2GiB/35GiB(20%) CN:8 DL:10MiB ETA:45m44s]
[#b9afd0 7.2GiB/35GiB(20%) CN:8 DL:10MiB ETA:45m53s]
[#b9afd0 7.2GiB/35GiB(20%) CN:8 DL:10MiB ETA:45m27s]
[#b9afd0 7.2GiB/35GiB(20%) CN:8 DL:10MiB ETA:45m58s]
[#b9afd0 7.2GiB/35GiB(20%) CN:8 DL:10MiB ETA:46m11s]
[#b9afd0 7.2GiB/35GiB(20%) CN:8 DL:10MiB ETA:45m51s]
[#b9afd0 7.2GiB/35GiB(20%) CN:8 DL:10MiB ETA:47m7s]
[#b9afd0 7.3GiB/35GiB(20%) CN:8 DL:10MiB ETA:46m45s]
[#b9afd0 7.3GiB/35GiB(20%) CN:8 DL:10MiB ETA:47m24s]
[#b9afd0 7.3GiB/35GiB(20%) CN:8 DL:10MiB ETA:46m44s]
[#b9afd0 7.3GiB/35GiB(20%) CN:8 DL:10MiB ETA:46m49s]
[#b9afd0 7.3GiB/35GiB(20%) CN:8 DL:10MiB ETA:47m14s]
[#b9afd0 7.3GiB/35GiB(20%) CN:8 DL:10MiB ETA:46m32s]
[#b9afd0 7.3GiB/35GiB(20%) CN:8 DL:10MiB ETA:46m35s]
[#b9afd0 7.3GiB/35GiB(20%) CN:8 DL:10MiB ETA:46m2s]
[#b9afd0 7.3GiB/35GiB(20%) CN:8 DL:10MiB ETA:45m54s]
[#b9afd0 7.3GiB/35GiB(20%) CN:8 DL:10MiB ETA:45m23s]
[#b9afd0 7.4GiB/35GiB(20%) CN:8 DL:10MiB ETA:46m13s]
[#b9afd0 7.4GiB/35GiB(20%) CN:8 DL:10MiB ETA:46m34s]
[#b9afd0 7.4GiB/35GiB(20%) CN:8 DL:10MiB ETA:47m9s]
[#b9afd0 7.4GiB/35GiB(21%) CN:8 DL:10MiB ETA:47m25s]
[#b9afd0 7.4GiB/35GiB(21%) CN:8 DL:10MiB ETA:47m28s]
[#b9afd0 7.4GiB/35GiB(21%) CN:8 DL:9.9MiB ETA:47m44s]
[#b9afd0 7.4GiB/35GiB(21%) CN:8 DL:10MiB ETA:47m10s]
[#b9afd0 7.4GiB/35GiB(21%) CN:8 DL:9.9MiB ETA:47m46s]
[#b9afd0 7.4GiB/35GiB(21%) CN:8 DL:10MiB ETA:47m8s]
[#b9afd0 7.4GiB/35GiB(21%) CN:8 DL:9.8MiB ETA:48m25s]
[#b9afd0 7.5GiB/35GiB(21%) CN:8 DL:9.7MiB ETA:48m58s]
[#b9afd0 7.5GiB/35GiB(21%) CN:8 DL:10MiB ETA:47m13s]
[#b9afd0 7.5GiB/35GiB(21%) CN:8 DL:9.7MiB ETA:48m53s]
[#b9afd0 7.5GiB/35GiB(21%) CN:8 DL:9.7MiB ETA:48m55s]
[#b9afd0 7.5GiB/35GiB(21%) CN:8 DL:9.6MiB ETA:49m14s]
[#b9afd0 7.5GiB/35GiB(21%) CN:8 DL:9.3MiB ETA:50m57s]
[#b9afd0 7.5GiB/35GiB(21%) CN:8 DL:9.1MiB ETA:51m40s]
[#b9afd0 7.5GiB/35GiB(21%) CN:8 DL:9.0MiB ETA:52m19s]
[#b9afd0 7.5GiB/35GiB(21%) CN:8 DL:9.3MiB ETA:51m]
[#b9afd0 7.5GiB/35GiB(21%) CN:8 DL:9.4MiB ETA:50m22s]
[#b9afd0 7.5GiB/35GiB(21%) CN:8 DL:9.4MiB ETA:50m14s]
[#b9afd0 7.6GiB/35GiB(21%) CN:8 DL:9.6MiB ETA:49m20s]
[#b9afd0 7.6GiB/35GiB(21%) CN:8 DL:9.4MiB ETA:50m22s]
[#b9afd0 7.6GiB/35GiB(21%) CN:8 DL:9.5MiB ETA:49m26s]
[#b9afd0 7.6GiB/35GiB(21%) CN:8 DL:9.4MiB ETA:49m58s]
[#b9afd0 7.6GiB/35GiB(21%) CN:8 DL:9.6MiB ETA:49m16s]
[#b9afd0 7.6GiB/35GiB(21%) CN:8 DL:9.8MiB ETA:47m54s]
[#b9afd0 7.6GiB/35GiB(21%) CN:8 DL:9.9MiB ETA:47m33s]
[#b9afd0 7.6GiB/35GiB(21%) CN:8 DL:9.9MiB ETA:47m22s]
[#b9afd0 7.6GiB/35GiB(21%) CN:8 DL:10MiB ETA:46m59s]
[#b9afd0 7.6GiB/35GiB(21%) CN:8 DL:9.9MiB ETA:47m30s]
[#b9afd0 7.6GiB/35GiB(21%) CN:8 DL:9.8MiB ETA:47m58s]
[#b9afd0 7.7GiB/35GiB(21%) CN:8 DL:10MiB ETA:46m44s]
[#b9afd0 7.7GiB/35GiB(21%) CN:8 DL:9.8MiB ETA:47m44s]
[#b9afd0 7.7GiB/35GiB(21%) CN:8 DL:10MiB ETA:46m8s]
[#b9afd0 7.7GiB/35GiB(21%) CN:8 DL:9.9MiB ETA:47m24s]
[#b9afd0 7.7GiB/35GiB(21%) CN:8 DL:9.6MiB ETA:48m42s]
[#b9afd0 7.7GiB/35GiB(21%) CN:8 DL:9.7MiB ETA:48m26s]
[#b9afd0 7.7GiB/35GiB(21%) CN:8 DL:10MiB ETA:46m33s]
[#b9afd0 7.7GiB/35GiB(21%) CN:8 DL:10MiB ETA:46m23s]
[#b9afd0 7.7GiB/35GiB(22%) CN:8 DL:10MiB ETA:45m8s]
[#b9afd0 7.7GiB/35GiB(22%) CN:8 DL:10MiB ETA:46m14s]
[#b9afd0 7.8GiB/35GiB(22%) CN:8 DL:9.9MiB ETA:47m21s]
[#b9afd0 7.8GiB/35GiB(22%) CN:8 DL:9.8MiB ETA:47m37s]
[#b9afd0 7.8GiB/35GiB(22%) CN:8 DL:10MiB ETA:45m17s]
[#b9afd0 7.8GiB/35GiB(22%) CN:8 DL:10MiB ETA:45m17s]
[#b9afd0 7.8GiB/35GiB(22%) CN:8 DL:10MiB ETA:44m10s]
[#b9afd0 7.8GiB/35GiB(22%) CN:8 DL:10MiB ETA:44m4s]
[#b9afd0 7.8GiB/35GiB(22%) CN:8 DL:10MiB ETA:44m34s]
[#b9afd0 7.8GiB/35GiB(22%) CN:8 DL:10MiB ETA:45m58s]
[#b9afd0 7.8GiB/35GiB(22%) CN:8 DL:10MiB ETA:44m33s]
[#b9afd0 7.8GiB/35GiB(22%) CN:8 DL:10MiB ETA:45m13s]
[#b9afd0 7.9GiB/35GiB(22%) CN:8 DL:10MiB ETA:45m54s]
[#b9afd0 7.9GiB/35GiB(22%) CN:8 DL:10MiB ETA:46m6s]
[#b9afd0 7.9GiB/35GiB(22%) CN:8 DL:10MiB ETA:44m50s]
[#b9afd0 7.9GiB/35GiB(22%) CN:8 DL:9.9MiB ETA:46m56s]
[#b9afd0 7.9GiB/35GiB(22%) CN:8 DL:9.9MiB ETA:47m1s]
[#b9afd0 7.9GiB/35GiB(22%) CN:8 DL:10MiB ETA:45m55s]
[#b9afd0 7.9GiB/35GiB(22%) CN:8 DL:10MiB ETA:44m58s]
[#b9afd0 7.9GiB/35GiB(22%) CN:8 DL:10MiB ETA:44m56s]
[#b9afd0 7.9GiB/35GiB(22%) CN:8 DL:10MiB ETA:45m16s]
[#b9afd0 8.0GiB/35GiB(22%) CN:8 DL:10MiB ETA:43m6s]
[#b9afd0 8.0GiB/35GiB(22%) CN:8 DL:10MiB ETA:45m17s]
[#b9afd0 8.0GiB/35GiB(22%) CN:8 DL:10MiB ETA:44m55s]
[#b9afd0 8.0GiB/35GiB(22%) CN:8 DL:10MiB ETA:44m52s]
[#b9afd0 8.0GiB/35GiB(22%) CN:8 DL:10MiB ETA:44m10s]
[#b9afd0 8.0GiB/35GiB(22%) CN:8 DL:10MiB ETA:45m39s]
[#b9afd0 8.0GiB/35GiB(22%) CN:8 DL:10MiB ETA:45m15s]
[#b9afd0 8.0GiB/35GiB(22%) CN:8 DL:10MiB ETA:44m40s]
[#b9afd0 8.0GiB/35GiB(22%) CN:8 DL:10MiB ETA:44m58s]
[#b9afd0 8.0GiB/35GiB(22%) CN:8 DL:10MiB ETA:44m38s]
[#b9afd0 8.1GiB/35GiB(22%) CN:8 DL:10MiB ETA:45m8s]
[#b9afd0 8.1GiB/35GiB(22%) CN:8 DL:10MiB ETA:46m24s]
[#b9afd0 8.1GiB/35GiB(22%) CN:8 DL:10MiB ETA:45m59s]
[#b9afd0 8.1GiB/35GiB(22%) CN:8 DL:9.8MiB ETA:47m27s]
[#b9afd0 8.1GiB/35GiB(23%) CN:8 DL:10MiB ETA:45m32s]
[#b9afd0 8.1GiB/35GiB(23%) CN:8 DL:9.9MiB ETA:46m44s]
[#b9afd0 8.1GiB/35GiB(23%) CN:8 DL:9.8MiB ETA:47m19s]
[#b9afd0 8.1GiB/35GiB(23%) CN:8 DL:9.3MiB ETA:49m38s]
[#b9afd0 8.1GiB/35GiB(23%) CN:8 DL:9.0MiB ETA:51m21s]
[#b9afd0 8.1GiB/35GiB(23%) CN:8 DL:9.5MiB ETA:48m46s]
[#b9afd0 8.1GiB/35GiB(23%) CN:8 DL:9.2MiB ETA:49m57s]
[#b9afd0 8.1GiB/35GiB(23%) CN:8 DL:9.0MiB ETA:51m3s]
[#b9afd0 8.2GiB/35GiB(23%) CN:8 DL:8.9MiB ETA:51m57s]
[#b9afd0 8.2GiB/35GiB(23%) CN:8 DL:8.7MiB ETA:52m44s]
[#b9afd0 8.2GiB/35GiB(23%) CN:8 DL:8.3MiB ETA:55m20s]
[#b9afd0 8.2GiB/35GiB(23%) CN:8 DL:8.4MiB ETA:54m52s]
[#b9afd0 8.2GiB/35GiB(23%) CN:8 DL:8.1MiB ETA:56m37s]
[#b9afd0 8.2GiB/35GiB(23%) CN:8 DL:8.4MiB ETA:54m30s]
[#b9afd0 8.2GiB/35GiB(23%) CN:8 DL:8.6MiB ETA:53m46s]
[#b9afd0 8.2GiB/35GiB(23%) CN:8 DL:8.4MiB ETA:54m44s]
[#b9afd0 8.2GiB/35GiB(23%) CN:8 DL:8.7MiB ETA:52m42s]
[#b9afd0 8.2GiB/35GiB(23%) CN:8 DL:8.8MiB ETA:52m8s]
[#b9afd0 8.2GiB/35GiB(23%) CN:8 DL:8.6MiB ETA:53m17s]
[#b9afd0 8.3GiB/35GiB(23%) CN:8 DL:8.9MiB ETA:51m20s]
[#b9afd0 8.3GiB/35GiB(23%) CN:8 DL:9.1MiB ETA:50m44s]
[#b9afd0 8.3GiB/35GiB(23%) CN:8 DL:9.2MiB ETA:49m56s]
[#b9afd0 8.3GiB/35GiB(23%) CN:8 DL:9.4MiB ETA:48m43s]
[#b9afd0 8.3GiB/35GiB(23%) CN:8 DL:9.3MiB ETA:49m34s]
[#b9afd0 8.3GiB/35GiB(23%) CN:8 DL:9.5MiB ETA:48m21s]
[#b9afd0 8.3GiB/35GiB(23%) CN:8 DL:9.8MiB ETA:46m38s]
[#b9afd0 8.3GiB/35GiB(23%) CN:8 DL:9.9MiB ETA:46m19s]
[#b9afd0 8.3GiB/35GiB(23%) CN:8 DL:10MiB ETA:45m13s]
[#b9afd0 8.3GiB/35GiB(23%) CN:8 DL:10MiB ETA:45m]
[#b9afd0 8.3GiB/35GiB(23%) CN:8 DL:9.9MiB ETA:46m17s]
[#b9afd0 8.4GiB/35GiB(23%) CN:8 DL:9.8MiB ETA:46m44s]
[#b9afd0 8.4GiB/35GiB(23%) CN:8 DL:9.7MiB ETA:46m58s]
[#b9afd0 8.4GiB/35GiB(23%) CN:8 DL:9.8MiB ETA:46m41s]
[#b9afd0 8.4GiB/35GiB(23%) CN:8 DL:9.4MiB ETA:48m42s]
[#b9afd0 8.4GiB/35GiB(23%) CN:8 DL:9.1MiB ETA:50m19s]
[#b9afd0 8.4GiB/35GiB(23%) CN:8 DL:9.3MiB ETA:49m4s]
[#b9afd0 8.4GiB/35GiB(23%) CN:8 DL:9.0MiB ETA:50m35s]
[#b9afd0 8.4GiB/35GiB(23%) CN:8 DL:9.1MiB ETA:50m27s]
[#b9afd0 8.4GiB/35GiB(23%) CN:8 DL:9.2MiB ETA:49m47s]
[#b9afd0 8.4GiB/35GiB(23%) CN:8 DL:8.9MiB ETA:51m18s]
[#b9afd0 8.4GiB/35GiB(24%) CN:8 DL:9.1MiB ETA:50m24s]
[#b9afd0 8.5GiB/35GiB(24%) CN:8 DL:9.1MiB ETA:50m15s]
[#b9afd0 8.5GiB/35GiB(24%) CN:8 DL:9.5MiB ETA:48m11s]
[#b9afd0 8.5GiB/35GiB(24%) CN:8 DL:9.6MiB ETA:47m28s]
[#b9afd0 8.5GiB/35GiB(24%) CN:8 DL:9.4MiB ETA:48m34s]
[#b9afd0 8.5GiB/35GiB(24%) CN:8 DL:9.3MiB ETA:48m54s]
[#b9afd0 8.5GiB/35GiB(24%) CN:8 DL:9.5MiB ETA:47m52s]
[#b9afd0 8.5GiB/35GiB(24%) CN:8 DL:9.6MiB ETA:47m29s]
[#b9afd0 8.5GiB/35GiB(24%) CN:8 DL:10MiB ETA:45m25s]
[#b9afd0 8.5GiB/35GiB(24%) CN:8 DL:9.8MiB ETA:46m37s]
[#b9afd0 8.5GiB/35GiB(24%) CN:8 DL:9.4MiB ETA:48m10s]
[#b9afd0 8.6GiB/35GiB(24%) CN:8 DL:9.5MiB ETA:47m57s]
[#b9afd0 8.6GiB/35GiB(24%) CN:8 DL:9.5MiB ETA:47m59s]
[#b9afd0 8.6GiB/35GiB(24%) CN:8 DL:9.4MiB ETA:48m29s]
[#b9afd0 8.6GiB/35GiB(24%) CN:8 DL:9.7MiB ETA:46m40s]
[#b9afd0 8.6GiB/35GiB(24%) CN:8 DL:9.6MiB ETA:47m12s]
[#b9afd0 8.6GiB/35GiB(24%) CN:8 DL:9.5MiB ETA:47m48s]
[#b9afd0 8.6GiB/35GiB(24%) CN:8 DL:9.5MiB ETA:47m54s]
[#b9afd0 8.6GiB/35GiB(24%) CN:8 DL:9.6MiB ETA:47m12s]
[#b9afd0 8.6GiB/35GiB(24%) CN:8 DL:9.6MiB ETA:47m26s]
[#b9afd0 8.6GiB/35GiB(24%) CN:8 DL:9.2MiB ETA:49m3s]
[#b9afd0 8.6GiB/35GiB(24%) CN:8 DL:9.3MiB ETA:48m43s]
[#b9afd0 8.7GiB/35GiB(24%) CN:8 DL:9.0MiB ETA:50m16s]
[#b9afd0 8.7GiB/35GiB(24%) CN:8 DL:9.0MiB ETA:50m17s]
[#b9afd0 8.7GiB/35GiB(24%) CN:8 DL:8.8MiB ETA:51m36s]
[#b9afd0 8.7GiB/35GiB(24%) CN:8 DL:8.8MiB ETA:51m34s]
[#b9afd0 8.7GiB/35GiB(24%) CN:8 DL:8.4MiB ETA:53m33s]
[#b9afd0 8.7GiB/35GiB(24%) CN:8 DL:8.4MiB ETA:53m58s]
[#b9afd0 8.7GiB/35GiB(24%) CN:8 DL:8.4MiB ETA:53m44s]
[#b9afd0 8.7GiB/35GiB(24%) CN:8 DL:8.4MiB ETA:53m39s]
[#b9afd0 8.7GiB/35GiB(24%) CN:8 DL:8.3MiB ETA:54m31s]
[#b9afd0 8.7GiB/35GiB(24%) CN:8 DL:8.6MiB ETA:52m15s]
[#b9afd0 8.7GiB/35GiB(24%) CN:8 DL:8.3MiB ETA:54m15s]
[#b9afd0 8.7GiB/35GiB(24%) CN:8 DL:8.5MiB ETA:52m48s]
[#b9afd0 8.8GiB/35GiB(24%) CN:8 DL:8.4MiB ETA:53m35s]
[#b9afd0 8.8GiB/35GiB(24%) CN:8 DL:8.5MiB ETA:53m12s]
[#b9afd0 8.8GiB/35GiB(24%) CN:8 DL:8.6MiB ETA:52m10s]
[#b9afd0 8.8GiB/35GiB(24%) CN:8 DL:8.8MiB ETA:51m22s]
[#b9afd0 8.8GiB/35GiB(24%) CN:8 DL:9.0MiB ETA:49m47s]
[#b9afd0 8.8GiB/35GiB(25%) CN:8 DL:9.2MiB ETA:48m53s]
[#b9afd0 8.8GiB/35GiB(25%) CN:8 DL:9.0MiB ETA:50m2s]
[#b9afd0 8.8GiB/35GiB(25%) CN:8 DL:8.8MiB ETA:51m7s]
[#b9afd0 8.8GiB/35GiB(25%) CN:8 DL:8.9MiB ETA:50m41s]
[#b9afd0 8.8GiB/35GiB(25%) CN:8 DL:8.8MiB ETA:51m22s]
[#b9afd0 8.8GiB/35GiB(25%) CN:8 DL:8.9MiB ETA:50m45s]
[#b9afd0 8.8GiB/35GiB(25%) CN:8 DL:9.0MiB ETA:50m6s]
[#b9afd0 8.9GiB/35GiB(25%) CN:8 DL:8.9MiB ETA:50m13s]
[#b9afd0 8.9GiB/35GiB(25%) CN:8 DL:8.9MiB ETA:50m28s]
[#b9afd0 8.9GiB/35GiB(25%) CN:8 DL:8.6MiB ETA:52m16s]
[#b9afd0 8.9GiB/35GiB(25%) CN:8 DL:8.8MiB ETA:51m9s]
[#b9afd0 8.9GiB/35GiB(25%) CN:8 DL:8.9MiB ETA:50m29s]
[#b9afd0 8.9GiB/35GiB(25%) CN:8 DL:9.1MiB ETA:49m26s]
[#b9afd0 8.9GiB/35GiB(25%) CN:8 DL:8.8MiB ETA:50m52s]
[#b9afd0 8.9GiB/35GiB(25%) CN:8 DL:8.8MiB ETA:50m48s]
[#b9afd0 8.9GiB/35GiB(25%) CN:8 DL:8.7MiB ETA:51m18s]
[#b9afd0 8.9GiB/35GiB(25%) CN:8 DL:8.8MiB ETA:51m11s]
[#b9afd0 8.9GiB/35GiB(25%) CN:8 DL:8.9MiB ETA:50m19s]
[#b9afd0 9.0GiB/35GiB(25%) CN:8 DL:9.0MiB ETA:49m44s]
[#b9afd0 9.0GiB/35GiB(25%) CN:8 DL:9.2MiB ETA:48m54s]
[#b9afd0 9.0GiB/35GiB(25%) CN:8 DL:8.8MiB ETA:50m59s]
[#b9afd0 9.0GiB/35GiB(25%) CN:8 DL:8.7MiB ETA:51m13s]
[#b9afd0 9.0GiB/35GiB(25%) CN:8 DL:8.5MiB ETA:52m28s]
[#b9afd0 9.0GiB/35GiB(25%) CN:8 DL:9.0MiB ETA:49m56s]
[#b9afd0 9.0GiB/35GiB(25%) CN:8 DL:9.0MiB ETA:49m29s]
[#b9afd0 9.0GiB/35GiB(25%) CN:8 DL:9.1MiB ETA:48m52s]
[#b9afd0 9.0GiB/35GiB(25%) CN:8 DL:9.0MiB ETA:49m28s]
[#b9afd0 9.0GiB/35GiB(25%) CN:8 DL:9.0MiB ETA:49m31s]
[#b9afd0 9.0GiB/35GiB(25%) CN:8 DL:8.9MiB ETA:50m5s]
[#b9afd0 9.0GiB/35GiB(25%) CN:8 DL:8.9MiB ETA:49m58s]
[#b9afd0 9.1GiB/35GiB(25%) CN:8 DL:9.0MiB ETA:49m35s]
[#b9afd0 9.1GiB/35GiB(25%) CN:8 DL:9.7MiB ETA:46m5s]
[#b9afd0 9.1GiB/35GiB(25%) CN:8 DL:9.3MiB ETA:47m53s]
[#b9afd0 9.1GiB/35GiB(25%) CN:8 DL:9.3MiB ETA:47m57s]
[#b9afd0 9.1GiB/35GiB(25%) CN:8 DL:9.4MiB ETA:47m31s]
[#b9afd0 9.1GiB/35GiB(25%) CN:8 DL:9.3MiB ETA:47m48s]
[#b9afd0 9.1GiB/35GiB(25%) CN:8 DL:9.6MiB ETA:46m33s]
[#b9afd0 9.1GiB/35GiB(25%) CN:8 DL:9.3MiB ETA:47m55s]
[#b9afd0 9.1GiB/35GiB(25%) CN:8 DL:9.3MiB ETA:47m50s]
[#b9afd0 9.1GiB/35GiB(25%) CN:8 DL:9.4MiB ETA:47m31s]
[#b9afd0 9.2GiB/35GiB(26%) CN:8 DL:9.4MiB ETA:47m14s]
[#b9afd0 9.2GiB/35GiB(26%) CN:8 DL:9.5MiB ETA:46m50s]
[#b9afd0 9.2GiB/35GiB(26%) CN:8 DL:9.7MiB ETA:45m53s]
[#b9afd0 9.2GiB/35GiB(26%) CN:8 DL:9.4MiB ETA:47m3s]
[#b9afd0 9.2GiB/35GiB(26%) CN:8 DL:9.1MiB ETA:48m37s]
[#b9afd0 9.2GiB/35GiB(26%) CN:8 DL:9.0MiB ETA:49m5s]
[#b9afd0 9.2GiB/35GiB(26%) CN:8 DL:8.8MiB ETA:50m8s]
[#b9afd0 9.2GiB/35GiB(26%) CN:8 DL:8.3MiB ETA:53m10s]
[#b9afd0 9.2GiB/35GiB(26%) CN:8 DL:8.8MiB ETA:50m16s]
[#b9afd0 9.2GiB/35GiB(26%) CN:8 DL:8.7MiB ETA:51m5s]
[#b9afd0 9.2GiB/35GiB(26%) CN:8 DL:8.6MiB ETA:51m39s]
[#b9afd0 9.2GiB/35GiB(26%) CN:8 DL:8.3MiB ETA:53m]
[#b9afd0 9.3GiB/35GiB(26%) CN:8 DL:8.7MiB ETA:50m46s]
[#b9afd0 9.3GiB/35GiB(26%) CN:8 DL:8.6MiB ETA:51m31s]
[#b9afd0 9.3GiB/35GiB(26%) CN:8 DL:8.5MiB ETA:52m6s]
[#b9afd0 9.3GiB/35GiB(26%) CN:8 DL:8.9MiB ETA:49m41s]
[#b9afd0 9.3GiB/35GiB(26%) CN:8 DL:8.7MiB ETA:50m43s]
[#b9afd0 9.3GiB/35GiB(26%) CN:8 DL:8.4MiB ETA:52m53s]
[#b9afd0 9.3GiB/35GiB(26%) CN:8 DL:8.8MiB ETA:50m1s]
[#b9afd0 9.3GiB/35GiB(26%) CN:8 DL:8.9MiB ETA:49m49s]
[#b9afd0 9.3GiB/35GiB(26%) CN:8 DL:8.8MiB ETA:50m6s]
[#b9afd0 9.3GiB/35GiB(26%) CN:8 DL:8.5MiB ETA:51m40s]
[#b9afd0 9.3GiB/35GiB(26%) CN:8 DL:9.0MiB ETA:48m59s]
[#b9afd0 9.3GiB/35GiB(26%) CN:8 DL:8.7MiB ETA:50m57s]
[#b9afd0 9.4GiB/35GiB(26%) CN:8 DL:8.6MiB ETA:51m6s]
[#b9afd0 9.4GiB/35GiB(26%) CN:8 DL:8.6MiB ETA:51m4s]
[#b9afd0 9.4GiB/35GiB(26%) CN:8 DL:8.9MiB ETA:49m13s]
[#b9afd0 9.4GiB/35GiB(26%) CN:8 DL:8.8MiB ETA:50m13s]
[#b9afd0 9.4GiB/35GiB(26%) CN:8 DL:8.8MiB ETA:50m18s]
[#b9afd0 9.4GiB/35GiB(26%) CN:8 DL:8.7MiB ETA:50m24s]
[#b9afd0 9.4GiB/35GiB(26%) CN:8 DL:8.8MiB ETA:49m43s]
[#b9afd0 9.4GiB/35GiB(26%) CN:8 DL:8.9MiB ETA:49m10s]
[#b9afd0 9.4GiB/35GiB(26%) CN:8 DL:9.1MiB ETA:48m10s]
[#b9afd0 9.4GiB/35GiB(26%) CN:8 DL:9.4MiB ETA:46m31s]
[#b9afd0 9.4GiB/35GiB(26%) CN:8 DL:9.4MiB ETA:46m51s]
[#b9afd0 9.5GiB/35GiB(26%) CN:8 DL:9.1MiB ETA:48m1s]
[#b9afd0 9.5GiB/35GiB(26%) CN:8 DL:9.5MiB ETA:46m23s]
[#b9afd0 9.5GiB/35GiB(26%) CN:8 DL:9.6MiB ETA:45m48s]
[#b9afd0 9.5GiB/35GiB(26%) CN:8 DL:9.6MiB ETA:45m56s]
[#b9afd0 9.5GiB/35GiB(26%) CN:8 DL:9.4MiB ETA:46m43s]
[#b9afd0 9.5GiB/35GiB(27%) CN:8 DL:9.5MiB ETA:46m22s]
[#b9afd0 9.5GiB/35GiB(27%) CN:8 DL:9.6MiB ETA:45m34s]
[#b9afd0 9.5GiB/35GiB(27%) CN:8 DL:9.8MiB ETA:44m32s]
[#b9afd0 9.5GiB/35GiB(27%) CN:8 DL:9.9MiB ETA:44m9s]
[#b9afd0 9.5GiB/35GiB(27%) CN:8 DL:9.9MiB ETA:44m9s]
[#b9afd0 9.5GiB/35GiB(27%) CN:8 DL:9.5MiB ETA:45m56s]
[#b9afd0 9.6GiB/35GiB(27%) CN:8 DL:9.5MiB ETA:45m51s]
[#b9afd0 9.6GiB/35GiB(27%) CN:8 DL:9.7MiB ETA:45m9s]
[#b9afd0 9.6GiB/35GiB(27%) CN:8 DL:9.6MiB ETA:45m39s]
[#b9afd0 9.6GiB/35GiB(27%) CN:8 DL:9.8MiB ETA:44m38s]
[#b9afd0 9.6GiB/35GiB(27%) CN:8 DL:9.7MiB ETA:44m50s]
[#b9afd0 9.6GiB/35GiB(27%) CN:8 DL:9.7MiB ETA:45m8s]
[#b9afd0 9.6GiB/35GiB(27%) CN:8 DL:9.7MiB ETA:44m48s]
[#b9afd0 9.6GiB/35GiB(27%) CN:8 DL:10MiB ETA:43m32s]
[#b9afd0 9.6GiB/35GiB(27%) CN:8 DL:10MiB ETA:43m13s]
[#b9afd0 9.6GiB/35GiB(27%) CN:8 DL:9.7MiB ETA:45m4s]
[#b9afd0 9.7GiB/35GiB(27%) CN:8 DL:9.7MiB ETA:44m45s]
[#b9afd0 9.7GiB/35GiB(27%) CN:8 DL:9.8MiB ETA:44m21s]
[#b9afd0 9.7GiB/35GiB(27%) CN:8 DL:9.8MiB ETA:44m15s]
[#b9afd0 9.7GiB/35GiB(27%) CN:8 DL:9.8MiB ETA:44m38s]
[#b9afd0 9.7GiB/35GiB(27%) CN:8 DL:9.8MiB ETA:44m28s]
[#b9afd0 9.7GiB/35GiB(27%) CN:8 DL:9.8MiB ETA:44m23s]
[#b9afd0 9.7GiB/35GiB(27%) CN:8 DL:9.8MiB ETA:44m22s]
[#b9afd0 9.7GiB/35GiB(27%) CN:8 DL:9.8MiB ETA:44m29s]
[#b9afd0 9.7GiB/35GiB(27%) CN:8 DL:9.9MiB ETA:44m4s]
[#b9afd0 9.7GiB/35GiB(27%) CN:8 DL:10MiB ETA:43m26s]
[#b9afd0 9.8GiB/35GiB(27%) CN:8 DL:10MiB ETA:43m32s]
[#b9afd0 9.8GiB/35GiB(27%) CN:8 DL:9.5MiB ETA:45m55s]
 *** Download Progress Summary as of Sun Sep 20 12:58:51 2026 *** 
===============================================================================
[#b9afd0 9.8GiB/35GiB(27%) CN:8 DL:9.9MiB ETA:43m37s]
FILE: urbansarfloods/urban_sar_floods.tar.gz
-------------------------------------------------------------------------------

[#b9afd0 9.8GiB/35GiB(27%) CN:8 DL:9.9MiB ETA:43m37s]
[#b9afd0 9.8GiB/35GiB(27%) CN:8 DL:9.8MiB ETA:44m26s]
[#b9afd0 9.8GiB/35GiB(27%) CN:8 DL:9.9MiB ETA:43m40s]
[#b9afd0 9.8GiB/35GiB(27%) CN:8 DL:9.9MiB ETA:43m55s]
[#b9afd0 9.8GiB/35GiB(27%) CN:8 DL:9.7MiB ETA:44m33s]
[#b9afd0 9.8GiB/35GiB(27%) CN:8 DL:9.9MiB ETA:43m52s]
[#b9afd0 9.8GiB/35GiB(27%) CN:8 DL:9.9MiB ETA:43m38s]
[#b9afd0 9.8GiB/35GiB(27%) CN:8 DL:9.7MiB ETA:44m35s]
[#b9afd0 9.8GiB/35GiB(27%) CN:8 DL:9.7MiB ETA:44m47s]
[#b9afd0 9.9GiB/35GiB(28%) CN:8 DL:9.9MiB ETA:43m35s]
[#b9afd0 9.9GiB/35GiB(28%) CN:8 DL:9.7MiB ETA:44m29s]
[#b9afd0 9.9GiB/35GiB(28%) CN:8 DL:9.8MiB ETA:44m2s]
[#b9afd0 9.9GiB/35GiB(28%) CN:8 DL:9.5MiB ETA:45m30s]
[#b9afd0 9.9GiB/35GiB(28%) CN:8 DL:9.5MiB ETA:45m36s]
[#b9afd0 9.9GiB/35GiB(28%) CN:8 DL:9.4MiB ETA:45m53s]
[#b9afd0 9.9GiB/35GiB(28%) CN:8 DL:9.2MiB ETA:46m45s]
[#b9afd0 9.9GiB/35GiB(28%) CN:8 DL:8.9MiB ETA:48m23s]
[#b9afd0 9.9GiB/35GiB(28%) CN:8 DL:9.2MiB ETA:46m46s]
[#b9afd0 9.9GiB/35GiB(28%) CN:8 DL:9.0MiB ETA:47m46s]
[#b9afd0 9.9GiB/35GiB(28%) CN:8 DL:8.9MiB ETA:48m25s]
[#b9afd0 10GiB/35GiB(28%) CN:8 DL:8.8MiB ETA:48m57s]
[#b9afd0 10GiB/35GiB(28%) CN:8 DL:8.8MiB ETA:49m11s]
[#b9afd0 10GiB/35GiB(28%) CN:8 DL:8.9MiB ETA:48m6s]
[#b9afd0 10GiB/35GiB(28%) CN:8 DL:9.0MiB ETA:47m56s]
[#b9afd0 10GiB/35GiB(28%) CN:8 DL:9.0MiB ETA:47m32s]
[#b9afd0 10GiB/35GiB(28%) CN:8 DL:9.2MiB ETA:46m56s]
[#b9afd0 10GiB/35GiB(28%) CN:8 DL:9.5MiB ETA:45m6s]
[#b9afd0 10GiB/35GiB(28%) CN:8 DL:9.6MiB ETA:44m53s]
[#b9afd0 10GiB/35GiB(28%) CN:8 DL:9.7MiB ETA:44m10s]
[#b9afd0 10GiB/35GiB(28%) CN:8 DL:9.7MiB ETA:44m26s]
[#b9afd0 10GiB/35GiB(28%) CN:8 DL:9.9MiB ETA:43m30s]
[#b9afd0 10GiB/35GiB(28%) CN:8 DL:9.9MiB ETA:43m20s]
[#b9afd0 10GiB/35GiB(28%) CN:8 DL:9.9MiB ETA:43m16s]
[#b9afd0 10GiB/35GiB(28%) CN:8 DL:10MiB ETA:42m9s]
[#b9afd0 10GiB/35GiB(28%) CN:8 DL:10MiB ETA:42m47s]
[#b9afd0 10GiB/35GiB(28%) CN:8 DL:9.9MiB ETA:43m8s]
[#b9afd0 10GiB/35GiB(28%) CN:8 DL:10MiB ETA:42m35s]
[#b9afd0 10GiB/35GiB(28%) CN:8 DL:10MiB ETA:42m40s]
[#b9afd0 10GiB/35GiB(28%) CN:8 DL:10MiB ETA:42m36s]
[#b9afd0 10GiB/35GiB(28%) CN:8 DL:9.9MiB ETA:43m18s]
[#b9afd0 10GiB/35GiB(28%) CN:8 DL:9.8MiB ETA:43m38s]
[#b9afd0 10GiB/35GiB(28%) CN:8 DL:9.6MiB ETA:44m37s]
[#b9afd0 10GiB/35GiB(28%) CN:8 DL:9.6MiB ETA:44m42s]
[#b9afd0 10GiB/35GiB(28%) CN:8 DL:9.5MiB ETA:44m51s]
[#b9afd0 10GiB/35GiB(28%) CN:8 DL:9.7MiB ETA:43m51s]
[#b9afd0 10GiB/35GiB(28%) CN:8 DL:9.6MiB ETA:44m38s]
[#b9afd0 10GiB/35GiB(28%) CN:8 DL:9.6MiB ETA:44m28s]
[#b9afd0 10GiB/35GiB(29%) CN:8 DL:9.6MiB ETA:44m29s]
[#b9afd0 10GiB/35GiB(29%) CN:8 DL:9.8MiB ETA:43m31s]
[#b9afd0 10GiB/35GiB(29%) CN:8 DL:9.7MiB ETA:43m45s]
[#b9afd0 10GiB/35GiB(29%) CN:8 DL:9.5MiB ETA:44m36s]
[#b9afd0 10GiB/35GiB(29%) CN:8 DL:9.9MiB ETA:43m13s]
[#b9afd0 10GiB/35GiB(29%) CN:8 DL:9.7MiB ETA:43m47s]
[#b9afd0 10GiB/35GiB(29%) CN:8 DL:9.7MiB ETA:44m1s]
[#b9afd0 10GiB/35GiB(29%) CN:8 DL:9.6MiB ETA:44m4s]
[#b9afd0 10GiB/35GiB(29%) CN:8 DL:9.7MiB ETA:43m36s]
[#b9afd0 10GiB/35GiB(29%) CN:8 DL:9.8MiB ETA:43m11s]
[#b9afd0 10GiB/35GiB(29%) CN:8 DL:9.9MiB ETA:42m56s]
[#b9afd0 10GiB/35GiB(29%) CN:8 DL:10MiB ETA:42m26s]
[#b9afd0 10GiB/35GiB(29%) CN:8 DL:10MiB ETA:42m11s]
[#b9afd0 10GiB/35GiB(29%) CN:8 DL:9.8MiB ETA:43m26s]
[#b9afd0 10GiB/35GiB(29%) CN:8 DL:9.8MiB ETA:43m4s]
[#b9afd0 10GiB/35GiB(29%) CN:8 DL:9.9MiB ETA:42m43s]
[#b9afd0 10GiB/35GiB(29%) CN:8 DL:9.8MiB ETA:43m2s]
[#b9afd0 10GiB/35GiB(29%) CN:8 DL:9.9MiB ETA:42m51s]
[#b9afd0 10GiB/35GiB(29%) CN:8 DL:9.7MiB ETA:43m29s]
[#b9afd0 10GiB/35GiB(29%) CN:8 DL:9.9MiB ETA:42m53s]
[#b9afd0 10GiB/35GiB(29%) CN:8 DL:9.7MiB ETA:43m30s]
[#b9afd0 10GiB/35GiB(29%) CN:8 DL:9.7MiB ETA:43m37s]
[#b9afd0 10GiB/35GiB(29%) CN:8 DL:9.7MiB ETA:43m29s]
[#b9afd0 10GiB/35GiB(29%) CN:8 DL:9.8MiB ETA:43m18s]
[#b9afd0 10GiB/35GiB(29%) CN:8 DL:9.8MiB ETA:43m16s]
[#b9afd0 10GiB/35GiB(29%) CN:8 DL:10MiB ETA:42m3s]
[#b9afd0 10GiB/35GiB(29%) CN:8 DL:10MiB ETA:42m2s]
[#b9afd0 10GiB/35GiB(29%) CN:8 DL:9.9MiB ETA:42m35s]
[#b9afd0 10GiB/35GiB(29%) CN:8 DL:9.9MiB ETA:42m33s]
[#b9afd0 10GiB/35GiB(29%) CN:8 DL:9.9MiB ETA:42m27s]
[#b9afd0 10GiB/35GiB(29%) CN:8 DL:10MiB ETA:42m12s]
[#b9afd0 10GiB/35GiB(29%) CN:8 DL:10MiB ETA:41m44s]
[#b9afd0 10GiB/35GiB(29%) CN:8 DL:10MiB ETA:41m31s]
[#b9afd0 10GiB/35GiB(29%) CN:8 DL:9.9MiB ETA:42m28s]
[#b9afd0 10GiB/35GiB(29%) CN:8 DL:9.8MiB ETA:42m57s]
[#b9afd0 10GiB/35GiB(29%) CN:8 DL:10MiB ETA:42m11s]
[#b9afd0 10GiB/35GiB(29%) CN:8 DL:9.8MiB ETA:42m53s]
[#b9afd0 10GiB/35GiB(30%) CN:8 DL:9.9MiB ETA:42m32s]
[#b9afd0 10GiB/35GiB(30%) CN:8 DL:9.9MiB ETA:42m19s]
[#b9afd0 10GiB/35GiB(30%) CN:8 DL:10MiB ETA:42m1s]
[#b9afd0 10GiB/35GiB(30%) CN:8 DL:10MiB ETA:41m53s]
[#b9afd0 10GiB/35GiB(30%) CN:8 DL:10MiB ETA:41m58s]
[#b9afd0 10GiB/35GiB(30%) CN:8 DL:10MiB ETA:41m14s]
[#b9afd0 10GiB/35GiB(30%) CN:8 DL:10MiB ETA:40m16s]
[#b9afd0 10GiB/35GiB(30%) CN:8 DL:9.9MiB ETA:42m16s]
[#b9afd0 10GiB/35GiB(30%) CN:8 DL:10MiB ETA:41m40s]
[#b9afd0 10GiB/35GiB(30%) CN:8 DL:10MiB ETA:41m48s]
[#b9afd0 10GiB/35GiB(30%) CN:8 DL:9.8MiB ETA:42m36s]
[#b9afd0 10GiB/35GiB(30%) CN:8 DL:9.8MiB ETA:42m46s]
[#b9afd0 10GiB/35GiB(30%) CN:8 DL:9.9MiB ETA:42m22s]
[#b9afd0 10GiB/35GiB(30%) CN:8 DL:9.8MiB ETA:42m28s]
[#b9afd0 10GiB/35GiB(30%) CN:8 DL:9.9MiB ETA:42m23s]
[#b9afd0 10GiB/35GiB(30%) CN:8 DL:9.8MiB ETA:42m44s]
[#b9afd0 10GiB/35GiB(30%) CN:8 DL:10MiB ETA:41m15s]
[#b9afd0 10GiB/35GiB(30%) CN:8 DL:9.9MiB ETA:42m8s]
[#b9afd0 10GiB/35GiB(30%) CN:8 DL:9.9MiB ETA:42m4s]
[#b9afd0 10GiB/35GiB(30%) CN:8 DL:9.9MiB ETA:41m58s]
[#b9afd0 10GiB/35GiB(30%) CN:8 DL:10MiB ETA:41m54s]
[#b9afd0 10GiB/35GiB(30%) CN:8 DL:9.7MiB ETA:43m2s]
[#b9afd0 10GiB/35GiB(30%) CN:8 DL:9.7MiB ETA:42m57s]
[#b9afd0 10GiB/35GiB(30%) CN:8 DL:9.8MiB ETA:42m21s]
[#b9afd0 10GiB/35GiB(30%) CN:8 DL:9.7MiB ETA:42m54s]
[#b9afd0 10GiB/35GiB(30%) CN:8 DL:9.7MiB ETA:43m]
[#b9afd0 10GiB/35GiB(30%) CN:8 DL:9.9MiB ETA:42m6s]
[#b9afd0 10GiB/35GiB(30%) CN:8 DL:9.9MiB ETA:41m57s]
[#b9afd0 10GiB/35GiB(30%) CN:8 DL:9.6MiB ETA:43m10s]
[#b9afd0 10GiB/35GiB(30%) CN:8 DL:9.8MiB ETA:42m34s]
[#b9afd0 10GiB/35GiB(30%) CN:8 DL:9.7MiB ETA:42m41s]
[#b9afd0 10GiB/35GiB(30%) CN:8 DL:9.7MiB ETA:42m40s]
[#b9afd0 10GiB/35GiB(30%) CN:8 DL:9.6MiB ETA:43m13s]
[#b9afd0 10GiB/35GiB(30%) CN:8 DL:9.6MiB ETA:43m]
[#b9afd0 10GiB/35GiB(30%) CN:8 DL:9.6MiB ETA:43m13s]
[#b9afd0 10GiB/35GiB(30%) CN:8 DL:9.3MiB ETA:44m30s]
[#b9afd0 10GiB/35GiB(31%) CN:8 DL:9.8MiB ETA:42m25s]
[#b9afd0 10GiB/35GiB(31%) CN:8 DL:9.9MiB ETA:41m57s]
[#b9afd0 10GiB/35GiB(31%) CN:8 DL:9.5MiB ETA:43m25s]
[#b9afd0 10GiB/35GiB(31%) CN:8 DL:9.5MiB ETA:43m30s]
[#b9afd0 11GiB/35GiB(31%) CN:8 DL:9.6MiB ETA:43m18s]
[#b9afd0 11GiB/35GiB(31%) CN:8 DL:9.8MiB ETA:42m18s]
[#b9afd0 11GiB/35GiB(31%) CN:8 DL:9.6MiB ETA:43m8s]
[#b9afd0 11GiB/35GiB(31%) CN:8 DL:9.4MiB ETA:43m50s]
[#b9afd0 11GiB/35GiB(31%) CN:8 DL:9.7MiB ETA:42m31s]
[#b9afd0 11GiB/35GiB(31%) CN:8 DL:9.3MiB ETA:44m13s]
[#b9afd0 11GiB/35GiB(31%) CN:8 DL:9.5MiB ETA:43m35s]
[#b9afd0 11GiB/35GiB(31%) CN:8 DL:9.7MiB ETA:42m38s]
[#b9afd0 11GiB/35GiB(31%) CN:8 DL:9.6MiB ETA:42m45s]
[#b9afd0 11GiB/35GiB(31%) CN:8 DL:9.7MiB ETA:42m42s]
[#b9afd0 11GiB/35GiB(31%) CN:8 DL:9.5MiB ETA:43m35s]
[#b9afd0 11GiB/35GiB(31%) CN:8 DL:9.2MiB ETA:44m38s]
[#b9afd0 11GiB/35GiB(31%) CN:8 DL:9.4MiB ETA:43m41s]
[#b9afd0 11GiB/35GiB(31%) CN:8 DL:9.5MiB ETA:43m16s]
[#b9afd0 11GiB/35GiB(31%) CN:8 DL:9.7MiB ETA:42m26s]
[#b9afd0 11GiB/35GiB(31%) CN:8 DL:9.7MiB ETA:42m26s]
[#b9afd0 11GiB/35GiB(31%) CN:8 DL:9.5MiB ETA:43m16s]
[#b9afd0 11GiB/35GiB(31%) CN:8 DL:9.9MiB ETA:41m38s]
[#b9afd0 11GiB/35GiB(31%) CN:8 DL:9.7MiB ETA:42m34s]
[#b9afd0 11GiB/35GiB(31%) CN:8 DL:9.5MiB ETA:43m20s]
[#b9afd0 11GiB/35GiB(31%) CN:8 DL:9.7MiB ETA:42m12s]
[#b9afd0 11GiB/35GiB(31%) CN:8 DL:9.8MiB ETA:41m52s]
[#b9afd0 11GiB/35GiB(31%) CN:8 DL:9.6MiB ETA:42m56s]
[#b9afd0 11GiB/35GiB(31%) CN:8 DL:9.5MiB ETA:42m58s]
[#b9afd0 11GiB/35GiB(31%) CN:8 DL:9.5MiB ETA:43m4s]
[#b9afd0 11GiB/35GiB(31%) CN:8 DL:9.6MiB ETA:42m50s]
[#b9afd0 11GiB/35GiB(31%) CN:8 DL:9.8MiB ETA:41m57s]
[#b9afd0 11GiB/35GiB(31%) CN:8 DL:9.6MiB ETA:42m51s]
[#b9afd0 11GiB/35GiB(31%) CN:8 DL:9.9MiB ETA:41m11s]
[#b9afd0 11GiB/35GiB(31%) CN:8 DL:10MiB ETA:41m7s]
[#b9afd0 11GiB/35GiB(31%) CN:8 DL:10MiB ETA:40m46s]
[#b9afd0 11GiB/35GiB(31%) CN:8 DL:9.8MiB ETA:41m42s]
[#b9afd0 11GiB/35GiB(31%) CN:8 DL:10MiB ETA:40m8s]
[#b9afd0 11GiB/35GiB(32%) CN:8 DL:10MiB ETA:40m50s]
[#b9afd0 11GiB/35GiB(32%) CN:8 DL:10MiB ETA:41m]
[#b9afd0 11GiB/35GiB(32%) CN:8 DL:9.9MiB ETA:41m13s]
[#b9afd0 11GiB/35GiB(32%) CN:8 DL:9.9MiB ETA:41m15s]
[#b9afd0 11GiB/35GiB(32%) CN:8 DL:9.9MiB ETA:41m3s]
[#b9afd0 11GiB/35GiB(32%) CN:8 DL:9.9MiB ETA:41m12s]
[#b9afd0 11GiB/35GiB(32%) CN:8 DL:10MiB ETA:39m48s]
[#b9afd0 11GiB/35GiB(32%) CN:8 DL:10MiB ETA:40m51s]
[#b9afd0 11GiB/35GiB(32%) CN:8 DL:9.8MiB ETA:41m41s]
[#b9afd0 11GiB/35GiB(32%) CN:8 DL:10MiB ETA:39m52s]
[#b9afd0 11GiB/35GiB(32%) CN:8 DL:10MiB ETA:40m45s]
[#b9afd0 11GiB/35GiB(32%) CN:8 DL:10MiB ETA:40m35s]
[#b9afd0 11GiB/35GiB(32%) CN:8 DL:10MiB ETA:40m27s]
[#b9afd0 11GiB/35GiB(32%) CN:8 DL:10MiB ETA:40m28s]
[#b9afd0 11GiB/35GiB(32%) CN:8 DL:9.9MiB ETA:41m4s]
[#b9afd0 11GiB/35GiB(32%) CN:8 DL:9.6MiB ETA:42m13s]
[#b9afd0 11GiB/35GiB(32%) CN:8 DL:10MiB ETA:40m16s]
[#b9afd0 11GiB/35GiB(32%) CN:8 DL:9.8MiB ETA:41m19s]
[#b9afd0 11GiB/35GiB(32%) CN:8 DL:9.7MiB ETA:41m55s]
[#b9afd0 11GiB/35GiB(32%) CN:8 DL:9.5MiB ETA:42m41s]
[#b9afd0 11GiB/35GiB(32%) CN:8 DL:9.7MiB ETA:41m44s]
[#b9afd0 11GiB/35GiB(32%) CN:8 DL:9.7MiB ETA:41m51s]
[#b9afd0 11GiB/35GiB(32%) CN:8 DL:9.5MiB ETA:42m31s]
[#b9afd0 11GiB/35GiB(32%) CN:8 DL:9.7MiB ETA:41m42s]
[#b9afd0 11GiB/35GiB(32%) CN:8 DL:9.6MiB ETA:42m12s]
[#b9afd0 11GiB/35GiB(32%) CN:8 DL:9.3MiB ETA:43m35s]
[#b9afd0 11GiB/35GiB(32%) CN:8 DL:9.6MiB ETA:42m8s]
[#b9afd0 11GiB/35GiB(32%) CN:8 DL:9.8MiB ETA:41m6s]
[#b9afd0 11GiB/35GiB(32%) CN:8 DL:9.9MiB ETA:40m57s]
[#b9afd0 11GiB/35GiB(32%) CN:8 DL:9.7MiB ETA:41m46s]
[#b9afd0 11GiB/35GiB(32%) CN:8 DL:9.6MiB ETA:41m50s]
[#b9afd0 11GiB/35GiB(32%) CN:8 DL:9.6MiB ETA:42m5s]
[#b9afd0 11GiB/35GiB(32%) CN:8 DL:9.8MiB ETA:41m11s]
[#b9afd0 11GiB/35GiB(32%) CN:8 DL:9.8MiB ETA:41m18s]
[#b9afd0 11GiB/35GiB(32%) CN:8 DL:9.8MiB ETA:40m57s]
[#b9afd0 11GiB/35GiB(32%) CN:8 DL:9.8MiB ETA:41m3s]
[#b9afd0 11GiB/35GiB(32%) CN:8 DL:9.8MiB ETA:40m59s]
[#b9afd0 11GiB/35GiB(33%) CN:8 DL:10MiB ETA:39m53s]
[#b9afd0 11GiB/35GiB(33%) CN:8 DL:9.9MiB ETA:40m42s]
[#b9afd0 11GiB/35GiB(33%) CN:8 DL:9.8MiB ETA:41m9s]
[#b9afd0 11GiB/35GiB(33%) CN:8 DL:9.7MiB ETA:41m22s]
[#b9afd0 11GiB/35GiB(33%) CN:8 DL:9.7MiB ETA:41m20s]
[#b9afd0 11GiB/35GiB(33%) CN:8 DL:9.7MiB ETA:41m19s]
[#b9afd0 11GiB/35GiB(33%) CN:8 DL:9.7MiB ETA:41m33s]
[#b9afd0 11GiB/35GiB(33%) CN:8 DL:9.5MiB ETA:42m19s]
[#b9afd0 11GiB/35GiB(33%) CN:8 DL:9.6MiB ETA:41m45s]
[#b9afd0 11GiB/35GiB(33%) CN:8 DL:9.3MiB ETA:43m]
[#b9afd0 11GiB/35GiB(33%) CN:8 DL:9.7MiB ETA:41m8s]
[#b9afd0 11GiB/35GiB(33%) CN:8 DL:9.6MiB ETA:41m39s]
[#b9afd0 11GiB/35GiB(33%) CN:8 DL:9.3MiB ETA:42m56s]
[#b9afd0 11GiB/35GiB(33%) CN:8 DL:9.5MiB ETA:42m19s]
[#b9afd0 11GiB/35GiB(33%) CN:8 DL:9.3MiB ETA:43m]
[#b9afd0 11GiB/35GiB(33%) CN:8 DL:9.5MiB ETA:41m59s]
[#b9afd0 11GiB/35GiB(33%) CN:8 DL:9.2MiB ETA:43m23s]
[#b9afd0 11GiB/35GiB(33%) CN:8 DL:9.2MiB ETA:43m22s]
[#b9afd0 11GiB/35GiB(33%) CN:8 DL:9.5MiB ETA:42m8s]
[#b9afd0 11GiB/35GiB(33%) CN:8 DL:9.2MiB ETA:43m34s]
[#b9afd0 11GiB/35GiB(33%) CN:8 DL:9.2MiB ETA:43m9s]
[#b9afd0 11GiB/35GiB(33%) CN:8 DL:9.5MiB ETA:42m13s]
[#b9afd0 11GiB/35GiB(33%) CN:8 DL:9.1MiB ETA:44m]
[#b9afd0 11GiB/35GiB(33%) CN:8 DL:8.9MiB ETA:44m37s]
[#b9afd0 11GiB/35GiB(33%) CN:8 DL:9.0MiB ETA:44m17s]
[#b9afd0 11GiB/35GiB(33%) CN:8 DL:8.9MiB ETA:44m57s]
[#b9afd0 11GiB/35GiB(33%) CN:8 DL:8.7MiB ETA:45m58s]
[#b9afd0 11GiB/35GiB(33%) CN:8 DL:8.8MiB ETA:45m28s]
[#b9afd0 11GiB/35GiB(33%) CN:8 DL:8.9MiB ETA:44m35s]
[#b9afd0 11GiB/35GiB(33%) CN:8 DL:8.8MiB ETA:45m24s]
[#b9afd0 11GiB/35GiB(33%) CN:8 DL:8.9MiB ETA:44m46s]
[#b9afd0 11GiB/35GiB(33%) CN:8 DL:9.2MiB ETA:43m3s]
[#b9afd0 11GiB/35GiB(33%) CN:8 DL:9.0MiB ETA:43m59s]
[#b9afd0 11GiB/35GiB(33%) CN:8 DL:8.9MiB ETA:44m45s]
[#b9afd0 11GiB/35GiB(33%) CN:8 DL:9.1MiB ETA:43m52s]
[#b9afd0 11GiB/35GiB(33%) CN:8 DL:9.1MiB ETA:43m33s]
[#b9afd0 12GiB/35GiB(33%) CN:8 DL:9.1MiB ETA:43m50s]
[#b9afd0 12GiB/35GiB(33%) CN:8 DL:9.1MiB ETA:43m37s]
[#b9afd0 12GiB/35GiB(33%) CN:8 DL:9.1MiB ETA:43m21s]
[#b9afd0 12GiB/35GiB(34%) CN:8 DL:9.2MiB ETA:43m13s]
[#b9afd0 12GiB/35GiB(34%) CN:8 DL:9.4MiB ETA:42m13s]
[#b9afd0 12GiB/35GiB(34%) CN:8 DL:9.2MiB ETA:42m59s]
[#b9afd0 12GiB/35GiB(34%) CN:8 DL:9.6MiB ETA:41m24s]
[#b9afd0 12GiB/35GiB(34%) CN:8 DL:9.6MiB ETA:41m7s]
[#b9afd0 12GiB/35GiB(34%) CN:8 DL:9.6MiB ETA:41m11s]
[#b9afd0 12GiB/35GiB(34%) CN:8 DL:9.4MiB ETA:41m50s]
[#b9afd0 12GiB/35GiB(34%) CN:8 DL:9.7MiB ETA:40m52s]
[#b9afd0 12GiB/35GiB(34%) CN:8 DL:9.7MiB ETA:40m48s]
[#b9afd0 12GiB/35GiB(34%) CN:8 DL:9.6MiB ETA:41m1s]
[#b9afd0 12GiB/35GiB(34%) CN:8 DL:9.7MiB ETA:40m36s]
[#b9afd0 12GiB/35GiB(34%) CN:8 DL:9.7MiB ETA:40m47s]
[#b9afd0 12GiB/35GiB(34%) CN:8 DL:9.8MiB ETA:40m12s]
[#b9afd0 12GiB/35GiB(34%) CN:8 DL:9.7MiB ETA:40m43s]
[#b9afd0 12GiB/35GiB(34%) CN:8 DL:9.6MiB ETA:41m9s]
[#b9afd0 12GiB/35GiB(34%) CN:8 DL:9.7MiB ETA:40m25s]
[#b9afd0 12GiB/35GiB(34%) CN:8 DL:9.7MiB ETA:40m35s]
[#b9afd0 12GiB/35GiB(34%) CN:8 DL:9.6MiB ETA:41m6s]
[#b9afd0 12GiB/35GiB(34%) CN:8 DL:9.6MiB ETA:41m1s]
[#b9afd0 12GiB/35GiB(34%) CN:8 DL:9.9MiB ETA:39m41s]
[#b9afd0 12GiB/35GiB(34%) CN:8 DL:9.8MiB ETA:40m10s]
[#b9afd0 12GiB/35GiB(34%) CN:8 DL:9.9MiB ETA:39m49s]
[#b9afd0 12GiB/35GiB(34%) CN:8 DL:9.8MiB ETA:40m10s]
[#b9afd0 12GiB/35GiB(34%) CN:8 DL:10MiB ETA:39m20s]
[#b9afd0 12GiB/35GiB(34%) CN:8 DL:9.8MiB ETA:40m7s]
[#b9afd0 12GiB/35GiB(34%) CN:8 DL:9.9MiB ETA:39m43s]
[#b9afd0 12GiB/35GiB(34%) CN:8 DL:9.9MiB ETA:39m44s]
[#b9afd0 12GiB/35GiB(34%) CN:8 DL:10MiB ETA:38m56s]
[#b9afd0 12GiB/35GiB(34%) CN:8 DL:10MiB ETA:39m11s]
[#b9afd0 12GiB/35GiB(34%) CN:8 DL:10MiB ETA:39m16s]
[#b9afd0 12GiB/35GiB(34%) CN:8 DL:10MiB ETA:38m58s]
[#b9afd0 12GiB/35GiB(34%) CN:8 DL:9.9MiB ETA:39m25s]
[#b9afd0 12GiB/35GiB(34%) CN:8 DL:10MiB ETA:39m1s]
[#b9afd0 12GiB/35GiB(34%) CN:8 DL:10MiB ETA:39m10s]
[#b9afd0 12GiB/35GiB(34%) CN:8 DL:10MiB ETA:37m59s]
[#b9afd0 12GiB/35GiB(34%) CN:8 DL:10MiB ETA:39m]
[#b9afd0 12GiB/35GiB(34%) CN:8 DL:10MiB ETA:38m49s]
[#b9afd0 12GiB/35GiB(35%) CN:8 DL:10MiB ETA:38m37s]
[#b9afd0 12GiB/35GiB(35%) CN:8 DL:10MiB ETA:38m29s]
[#b9afd0 12GiB/35GiB(35%) CN:8 DL:10MiB ETA:38m34s]
[#b9afd0 12GiB/35GiB(35%) CN:8 DL:10MiB ETA:37m32s]
[#b9afd0 12GiB/35GiB(35%) CN:8 DL:10MiB ETA:38m14s]
[#b9afd0 12GiB/35GiB(35%) CN:8 DL:10MiB ETA:38m23s]
[#b9afd0 12GiB/35GiB(35%) CN:8 DL:10MiB ETA:38m28s]
[#b9afd0 12GiB/35GiB(35%) CN:8 DL:10MiB ETA:37m41s]
[#b9afd0 12GiB/35GiB(35%) CN:8 DL:10MiB ETA:38m23s]
[#b9afd0 12GiB/35GiB(35%) CN:8 DL:10MiB ETA:38m7s]
[#b9afd0 12GiB/35GiB(35%) CN:8 DL:9.9MiB ETA:39m21s]
[#b9afd0 12GiB/35GiB(35%) CN:8 DL:9.9MiB ETA:39m18s]
[#b9afd0 12GiB/35GiB(35%) CN:8 DL:9.7MiB ETA:40m6s]
[#b9afd0 12GiB/35GiB(35%) CN:8 DL:9.4MiB ETA:41m5s]
[#b9afd0 12GiB/35GiB(35%) CN:8 DL:9.6MiB ETA:40m27s]
[#b9afd0 12GiB/35GiB(35%) CN:8 DL:9.6MiB ETA:40m27s]
[#b9afd0 12GiB/35GiB(35%) CN:8 DL:9.5MiB ETA:40m48s]
[#b9afd0 12GiB/35GiB(35%) CN:8 DL:9.6MiB ETA:40m10s]
[#b9afd0 12GiB/35GiB(35%) CN:8 DL:9.7MiB ETA:39m58s]
[#b9afd0 12GiB/35GiB(35%) CN:8 DL:9.6MiB ETA:40m15s]
[#b9afd0 12GiB/35GiB(35%) CN:8 DL:9.7MiB ETA:39m42s]
[#b9afd0 12GiB/35GiB(35%) CN:8 DL:9.6MiB ETA:40m15s]
[#b9afd0 12GiB/35GiB(35%) CN:8 DL:9.8MiB ETA:39m27s]
[#b9afd0 12GiB/35GiB(35%) CN:8 DL:10MiB ETA:38m45s]
[#b9afd0 12GiB/35GiB(35%) CN:8 DL:9.8MiB ETA:39m15s]
[#b9afd0 12GiB/35GiB(35%) CN:8 DL:9.7MiB ETA:39m52s]
[#b9afd0 12GiB/35GiB(35%) CN:8 DL:9.6MiB ETA:40m21s]
[#b9afd0 12GiB/35GiB(35%) CN:8 DL:9.8MiB ETA:39m33s]
[#b9afd0 12GiB/35GiB(35%) CN:8 DL:10MiB ETA:37m50s]
[#b9afd0 12GiB/35GiB(35%) CN:8 DL:9.8MiB ETA:39m29s]
[#b9afd0 12GiB/35GiB(35%) CN:8 DL:9.7MiB ETA:39m45s]
 *** Download Progress Summary as of Sun Sep 20 13:03:51 2026 *** 
===============================================================================
[#b9afd0 12GiB/35GiB(35%) CN:8 DL:9.8MiB ETA:39m30s]
FILE: urbansarfloods/urban_sar_floods.tar.gz
-------------------------------------------------------------------------------

[#b9afd0 12GiB/35GiB(35%) CN:8 DL:9.8MiB ETA:39m30s]
[#b9afd0 12GiB/35GiB(35%) CN:8 DL:9.7MiB ETA:39m53s]
[#b9afd0 12GiB/35GiB(35%) CN:8 DL:9.8MiB ETA:39m19s]
[#b9afd0 12GiB/35GiB(35%) CN:8 DL:9.8MiB ETA:39m19s]
[#b9afd0 12GiB/35GiB(35%) CN:8 DL:9.7MiB ETA:39m37s]
[#b9afd0 12GiB/35GiB(35%) CN:8 DL:9.8MiB ETA:39m10s]
[#b9afd0 12GiB/35GiB(36%) CN:8 DL:9.9MiB ETA:38m59s]
[#b9afd0 12GiB/35GiB(36%) CN:8 DL:10MiB ETA:38m36s]
[#b9afd0 12GiB/35GiB(36%) CN:8 DL:9.8MiB ETA:39m3s]
[#b9afd0 12GiB/35GiB(36%) CN:8 DL:9.6MiB ETA:39m49s]
[#b9afd0 12GiB/35GiB(36%) CN:8 DL:9.6MiB ETA:39m51s]
[#b9afd0 12GiB/35GiB(36%) CN:8 DL:9.4MiB ETA:40m37s]
[#b9afd0 12GiB/35GiB(36%) CN:8 DL:9.5MiB ETA:40m9s]
[#b9afd0 12GiB/35GiB(36%) CN:8 DL:9.5MiB ETA:40m21s]
[#b9afd0 12GiB/35GiB(36%) CN:8 DL:9.4MiB ETA:40m39s]
[#b9afd0 12GiB/35GiB(36%) CN:8 DL:9.5MiB ETA:40m15s]
[#b9afd0 12GiB/35GiB(36%) CN:8 DL:9.5MiB ETA:40m8s]
[#b9afd0 12GiB/35GiB(36%) CN:8 DL:9.6MiB ETA:39m39s]
[#b9afd0 12GiB/35GiB(36%) CN:8 DL:10MiB ETA:38m14s]
[#b9afd0 12GiB/35GiB(36%) CN:8 DL:9.7MiB ETA:39m15s]
[#b9afd0 12GiB/35GiB(36%) CN:8 DL:9.8MiB ETA:38m58s]
[#b9afd0 12GiB/35GiB(36%) CN:8 DL:9.8MiB ETA:39m4s]
[#b9afd0 12GiB/35GiB(36%) CN:8 DL:10MiB ETA:37m54s]
[#b9afd0 12GiB/35GiB(36%) CN:8 DL:9.8MiB ETA:38m55s]
[#b9afd0 12GiB/35GiB(36%) CN:8 DL:9.7MiB ETA:39m14s]
[#b9afd0 12GiB/35GiB(36%) CN:8 DL:9.8MiB ETA:38m46s]
[#b9afd0 12GiB/35GiB(36%) CN:8 DL:10MiB ETA:38m13s]
[#b9afd0 12GiB/35GiB(36%) CN:8 DL:9.8MiB ETA:38m41s]
[#b9afd0 12GiB/35GiB(36%) CN:8 DL:10MiB ETA:38m1s]
[#b9afd0 12GiB/35GiB(36%) CN:8 DL:9.7MiB ETA:39m12s]
[#b9afd0 12GiB/35GiB(36%) CN:8 DL:9.8MiB ETA:38m41s]
[#b9afd0 12GiB/35GiB(36%) CN:8 DL:9.8MiB ETA:38m50s]
[#b9afd0 12GiB/35GiB(36%) CN:8 DL:9.8MiB ETA:38m56s]
[#b9afd0 13GiB/35GiB(36%) CN:8 DL:9.8MiB ETA:38m51s]
[#b9afd0 13GiB/35GiB(36%) CN:8 DL:9.8MiB ETA:38m40s]
[#b9afd0 13GiB/35GiB(36%) CN:8 DL:9.8MiB ETA:38m38s]
[#b9afd0 13GiB/35GiB(36%) CN:8 DL:9.7MiB ETA:39m6s]
[#b9afd0 13GiB/35GiB(36%) CN:8 DL:9.9MiB ETA:38m23s]
[#b9afd0 13GiB/35GiB(36%) CN:8 DL:10MiB ETA:36m49s]
[#b9afd0 13GiB/35GiB(36%) CN:8 DL:10MiB ETA:37m8s]
[#b9afd0 13GiB/35GiB(36%) CN:8 DL:9.8MiB ETA:38m35s]
[#b9afd0 13GiB/35GiB(36%) CN:8 DL:9.9MiB ETA:38m13s]
[#b9afd0 13GiB/35GiB(36%) CN:8 DL:9.9MiB ETA:38m4s]
[#b9afd0 13GiB/35GiB(37%) CN:8 DL:9.8MiB ETA:38m42s]
[#b9afd0 13GiB/35GiB(37%) CN:8 DL:9.8MiB ETA:38m36s]
[#b9afd0 13GiB/35GiB(37%) CN:8 DL:9.9MiB ETA:38m13s]
[#b9afd0 13GiB/35GiB(37%) CN:8 DL:9.9MiB ETA:38m9s]
[#b9afd0 13GiB/35GiB(37%) CN:8 DL:9.8MiB ETA:38m40s]
[#b9afd0 13GiB/35GiB(37%) CN:8 DL:9.7MiB ETA:38m52s]
[#b9afd0 13GiB/35GiB(37%) CN:8 DL:9.7MiB ETA:39m3s]
[#b9afd0 13GiB/35GiB(37%) CN:8 DL:9.8MiB ETA:38m36s]
[#b9afd0 13GiB/35GiB(37%) CN:8 DL:9.6MiB ETA:39m7s]
[#b9afd0 13GiB/35GiB(37%) CN:8 DL:9.6MiB ETA:39m18s]
[#b9afd0 13GiB/35GiB(37%) CN:8 DL:9.6MiB ETA:39m13s]
[#b9afd0 13GiB/35GiB(37%) CN:8 DL:9.6MiB ETA:39m24s]
[#b9afd0 13GiB/35GiB(37%) CN:8 DL:9.5MiB ETA:39m41s]
[#b9afd0 13GiB/35GiB(37%) CN:8 DL:9.5MiB ETA:39m30s]
[#b9afd0 13GiB/35GiB(37%) CN:8 DL:9.5MiB ETA:39m43s]
[#b9afd0 13GiB/35GiB(37%) CN:8 DL:9.6MiB ETA:39m3s]
[#b9afd0 13GiB/35GiB(37%) CN:8 DL:9.6MiB ETA:39m7s]
[#b9afd0 13GiB/35GiB(37%) CN:8 DL:9.6MiB ETA:39m14s]
[#b9afd0 13GiB/35GiB(37%) CN:8 DL:9.6MiB ETA:39m9s]
[#b9afd0 13GiB/35GiB(37%) CN:8 DL:9.5MiB ETA:39m18s]
[#b9afd0 13GiB/35GiB(37%) CN:8 DL:9.5MiB ETA:39m28s]
[#b9afd0 13GiB/35GiB(37%) CN:8 DL:9.6MiB ETA:38m54s]
[#b9afd0 13GiB/35GiB(37%) CN:8 DL:9.8MiB ETA:38m6s]
[#b9afd0 13GiB/35GiB(37%) CN:8 DL:9.7MiB ETA:38m37s]
[#b9afd0 13GiB/35GiB(37%) CN:8 DL:9.8MiB ETA:38m22s]
[#b9afd0 13GiB/35GiB(37%) CN:8 DL:9.7MiB ETA:38m35s]
[#b9afd0 13GiB/35GiB(37%) CN:8 DL:9.6MiB ETA:38m49s]
[#b9afd0 13GiB/35GiB(37%) CN:8 DL:9.9MiB ETA:37m38s]
[#b9afd0 13GiB/35GiB(37%) CN:8 DL:9.7MiB ETA:38m38s]
[#b9afd0 13GiB/35GiB(37%) CN:8 DL:9.9MiB ETA:37m44s]
[#b9afd0 13GiB/35GiB(37%) CN:8 DL:9.7MiB ETA:38m35s]
[#b9afd0 13GiB/35GiB(37%) CN:8 DL:9.8MiB ETA:38m]
[#b9afd0 13GiB/35GiB(37%) CN:8 DL:9.9MiB ETA:37m39s]
[#b9afd0 13GiB/35GiB(37%) CN:8 DL:10MiB ETA:37m24s]
[#b9afd0 13GiB/35GiB(37%) CN:8 DL:9.9MiB ETA:37m49s]
[#b9afd0 13GiB/35GiB(37%) CN:8 DL:10MiB ETA:36m52s]
[#b9afd0 13GiB/35GiB(37%) CN:8 DL:10MiB ETA:37m23s]
[#b9afd0 13GiB/35GiB(38%) CN:8 DL:10MiB ETA:36m45s]
[#b9afd0 13GiB/35GiB(38%) CN:8 DL:10MiB ETA:35m32s]
[#b9afd0 13GiB/35GiB(38%) CN:8 DL:9.9MiB ETA:37m44s]
[#b9afd0 13GiB/35GiB(38%) CN:8 DL:9.9MiB ETA:37m30s]
[#b9afd0 13GiB/35GiB(38%) CN:8 DL:9.8MiB ETA:37m52s]
[#b9afd0 13GiB/35GiB(38%) CN:8 DL:9.7MiB ETA:38m21s]
[#b9afd0 13GiB/35GiB(38%) CN:8 DL:9.7MiB ETA:38m17s]
[#b9afd0 13GiB/35GiB(38%) CN:8 DL:9.6MiB ETA:38m41s]
[#b9afd0 13GiB/35GiB(38%) CN:8 DL:9.5MiB ETA:38m59s]
[#b9afd0 13GiB/35GiB(38%) CN:8 DL:9.6MiB ETA:38m42s]
[#b9afd0 13GiB/35GiB(38%) CN:8 DL:9.7MiB ETA:38m17s]
[#b9afd0 13GiB/35GiB(38%) CN:8 DL:9.8MiB ETA:37m40s]
[#b9afd0 13GiB/35GiB(38%) CN:8 DL:9.7MiB ETA:38m13s]
[#b9afd0 13GiB/35GiB(38%) CN:8 DL:9.7MiB ETA:38m16s]
[#b9afd0 13GiB/35GiB(38%) CN:8 DL:9.7MiB ETA:38m16s]
[#b9afd0 13GiB/35GiB(38%) CN:8 DL:9.4MiB ETA:39m10s]
[#b9afd0 13GiB/35GiB(38%) CN:8 DL:9.7MiB ETA:37m55s]
[#b9afd0 13GiB/35GiB(38%) CN:8 DL:9.8MiB ETA:37m50s]
[#b9afd0 13GiB/35GiB(38%) CN:8 DL:9.6MiB ETA:38m23s]
[#b9afd0 13GiB/35GiB(38%) CN:8 DL:9.6MiB ETA:38m34s]
[#b9afd0 13GiB/35GiB(38%) CN:8 DL:9.4MiB ETA:39m21s]
[#b9afd0 13GiB/35GiB(38%) CN:8 DL:9.5MiB ETA:39m2s]
[#b9afd0 13GiB/35GiB(38%) CN:8 DL:9.4MiB ETA:39m17s]
[#b9afd0 13GiB/35GiB(38%) CN:8 DL:9.3MiB ETA:39m43s]
[#b9afd0 13GiB/35GiB(38%) CN:8 DL:9.4MiB ETA:39m17s]
[#b9afd0 13GiB/35GiB(38%) CN:8 DL:9.2MiB ETA:40m7s]
[#b9afd0 13GiB/35GiB(38%) CN:8 DL:9.1MiB ETA:40m23s]
[#b9afd0 13GiB/35GiB(38%) CN:8 DL:9.3MiB ETA:39m24s]
[#b9afd0 13GiB/35GiB(38%) CN:8 DL:9.2MiB ETA:39m48s]
[#b9afd0 13GiB/35GiB(38%) CN:8 DL:9.3MiB ETA:39m24s]
[#b9afd0 13GiB/35GiB(38%) CN:8 DL:9.5MiB ETA:38m44s]
[#b9afd0 13GiB/35GiB(38%) CN:8 DL:9.8MiB ETA:37m38s]
[#b9afd0 13GiB/35GiB(38%) CN:8 DL:9.8MiB ETA:37m26s]
[#b9afd0 13GiB/35GiB(38%) CN:8 DL:9.4MiB ETA:38m58s]
[#b9afd0 13GiB/35GiB(38%) CN:8 DL:9.5MiB ETA:38m30s]
[#b9afd0 13GiB/35GiB(38%) CN:8 DL:9.7MiB ETA:37m49s]
[#b9afd0 13GiB/35GiB(38%) CN:8 DL:9.1MiB ETA:40m23s]
[#b9afd0 13GiB/35GiB(38%) CN:8 DL:9.4MiB ETA:39m10s]
[#b9afd0 13GiB/35GiB(39%) CN:8 DL:9.3MiB ETA:39m18s]
[#b9afd0 13GiB/35GiB(39%) CN:8 DL:9.1MiB ETA:40m]
[#b9afd0 13GiB/35GiB(39%) CN:8 DL:9.0MiB ETA:40m44s]
[#b9afd0 13GiB/35GiB(39%) CN:8 DL:9.1MiB ETA:40m17s]
[#b9afd0 13GiB/35GiB(39%) CN:8 DL:9.3MiB ETA:39m12s]
[#b9afd0 13GiB/35GiB(39%) CN:8 DL:9.2MiB ETA:39m56s]
[#b9afd0 13GiB/35GiB(39%) CN:8 DL:8.9MiB ETA:40m57s]
[#b9afd0 13GiB/35GiB(39%) CN:8 DL:9.2MiB ETA:39m49s]
[#b9afd0 13GiB/35GiB(39%) CN:8 DL:9.0MiB ETA:40m23s]
[#b9afd0 13GiB/35GiB(39%) CN:8 DL:9.2MiB ETA:39m34s]
[#b9afd0 13GiB/35GiB(39%) CN:8 DL:9.4MiB ETA:38m43s]
[#b9afd0 13GiB/35GiB(39%) CN:8 DL:9.2MiB ETA:39m27s]
[#b9afd0 13GiB/35GiB(39%) CN:8 DL:9.3MiB ETA:39m1s]
[#b9afd0 13GiB/35GiB(39%) CN:8 DL:9.2MiB ETA:39m38s]
[#b9afd0 13GiB/35GiB(39%) CN:8 DL:9.4MiB ETA:38m50s]
[#b9afd0 13GiB/35GiB(39%) CN:8 DL:9.7MiB ETA:37m30s]
[#b9afd0 13GiB/35GiB(39%) CN:8 DL:9.8MiB ETA:37m6s]
[#b9afd0 13GiB/35GiB(39%) CN:8 DL:9.5MiB ETA:38m12s]
[#b9afd0 13GiB/35GiB(39%) CN:8 DL:9.2MiB ETA:39m21s]
[#b9afd0 13GiB/35GiB(39%) CN:8 DL:9.3MiB ETA:38m58s]
[#b9afd0 13GiB/35GiB(39%) CN:8 DL:9.8MiB ETA:37m10s]
[#b9afd0 13GiB/35GiB(39%) CN:8 DL:9.7MiB ETA:37m33s]
[#b9afd0 14GiB/35GiB(39%) CN:8 DL:9.7MiB ETA:37m28s]
[#b9afd0 14GiB/35GiB(39%) CN:8 DL:9.8MiB ETA:36m50s]
[#b9afd0 14GiB/35GiB(39%) CN:8 DL:9.5MiB ETA:37m58s]
[#b9afd0 14GiB/35GiB(39%) CN:8 DL:9.7MiB ETA:37m19s]
[#b9afd0 14GiB/35GiB(39%) CN:8 DL:9.4MiB ETA:38m22s]
[#b9afd0 14GiB/35GiB(39%) CN:8 DL:9.5MiB ETA:37m57s]
[#b9afd0 14GiB/35GiB(39%) CN:8 DL:9.4MiB ETA:38m23s]
[#b9afd0 14GiB/35GiB(39%) CN:8 DL:9.3MiB ETA:38m46s]
[#b9afd0 14GiB/35GiB(39%) CN:8 DL:9.2MiB ETA:39m15s]
[#b9afd0 14GiB/35GiB(39%) CN:8 DL:9.2MiB ETA:39m5s]
[#b9afd0 14GiB/35GiB(39%) CN:8 DL:9.3MiB ETA:38m47s]
[#b9afd0 14GiB/35GiB(39%) CN:8 DL:9.2MiB ETA:39m11s]
[#b9afd0 14GiB/35GiB(39%) CN:8 DL:9.2MiB ETA:39m9s]
[#b9afd0 14GiB/35GiB(39%) CN:8 DL:9.2MiB ETA:39m11s]
[#b9afd0 14GiB/35GiB(39%) CN:8 DL:9.3MiB ETA:38m53s]
[#b9afd0 14GiB/35GiB(39%) CN:8 DL:9.1MiB ETA:39m46s]
[#b9afd0 14GiB/35GiB(39%) CN:8 DL:9.2MiB ETA:39m3s]
[#b9afd0 14GiB/35GiB(40%) CN:8 DL:9.0MiB ETA:40m2s]
[#b9afd0 14GiB/35GiB(40%) CN:8 DL:9.2MiB ETA:39m9s]
[#b9afd0 14GiB/35GiB(40%) CN:8 DL:9.1MiB ETA:39m31s]
[#b9afd0 14GiB/35GiB(40%) CN:8 DL:9.1MiB ETA:39m42s]
[#b9afd0 14GiB/35GiB(40%) CN:8 DL:9.2MiB ETA:39m9s]
[#b9afd0 14GiB/35GiB(40%) CN:8 DL:9.0MiB ETA:39m50s]
[#b9afd0 14GiB/35GiB(40%) CN:8 DL:9.1MiB ETA:39m32s]
[#b9afd0 14GiB/35GiB(40%) CN:8 DL:9.2MiB ETA:38m51s]
[#b9afd0 14GiB/35GiB(40%) CN:8 DL:9.1MiB ETA:39m20s]
[#b9afd0 14GiB/35GiB(40%) CN:8 DL:9.1MiB ETA:39m28s]
[#b9afd0 14GiB/35GiB(40%) CN:8 DL:9.3MiB ETA:38m42s]
[#b9afd0 14GiB/35GiB(40%) CN:8 DL:9.1MiB ETA:39m22s]
[#b9afd0 14GiB/35GiB(40%) CN:8 DL:9.3MiB ETA:38m42s]
[#b9afd0 14GiB/35GiB(40%) CN:8 DL:8.9MiB ETA:40m21s]
[#b9afd0 14GiB/35GiB(40%) CN:8 DL:8.9MiB ETA:40m13s]
[#b9afd0 14GiB/35GiB(40%) CN:8 DL:8.9MiB ETA:40m20s]
[#b9afd0 14GiB/35GiB(40%) CN:8 DL:8.7MiB ETA:40m54s]
[#b9afd0 14GiB/35GiB(40%) CN:8 DL:8.9MiB ETA:40m7s]
[#b9afd0 14GiB/35GiB(40%) CN:8 DL:9.0MiB ETA:39m54s]
[#b9afd0 14GiB/35GiB(40%) CN:8 DL:8.7MiB ETA:41m9s]
[#b9afd0 14GiB/35GiB(40%) CN:8 DL:8.8MiB ETA:40m34s]
[#b9afd0 14GiB/35GiB(40%) CN:8 DL:8.8MiB ETA:40m40s]
[#b9afd0 14GiB/35GiB(40%) CN:8 DL:8.6MiB ETA:41m15s]
[#b9afd0 14GiB/35GiB(40%) CN:8 DL:8.7MiB ETA:41m11s]
[#b9afd0 14GiB/35GiB(40%) CN:8 DL:8.6MiB ETA:41m29s]
[#b9afd0 14GiB/35GiB(40%) CN:8 DL:8.8MiB ETA:40m42s]
[#b9afd0 14GiB/35GiB(40%) CN:8 DL:8.5MiB ETA:41m53s]
[#b9afd0 14GiB/35GiB(40%) CN:8 DL:8.6MiB ETA:41m22s]
[#b9afd0 14GiB/35GiB(40%) CN:8 DL:8.6MiB ETA:41m25s]
[#b9afd0 14GiB/35GiB(40%) CN:8 DL:8.8MiB ETA:40m31s]
[#b9afd0 14GiB/35GiB(40%) CN:8 DL:8.6MiB ETA:41m20s]
[#b9afd0 14GiB/35GiB(40%) CN:8 DL:8.8MiB ETA:40m28s]
[#b9afd0 14GiB/35GiB(40%) CN:8 DL:8.7MiB ETA:40m41s]
[#b9afd0 14GiB/35GiB(40%) CN:8 DL:8.9MiB ETA:39m50s]
[#b9afd0 14GiB/35GiB(40%) CN:8 DL:9.1MiB ETA:39m8s]
[#b9afd0 14GiB/35GiB(40%) CN:8 DL:9.0MiB ETA:39m26s]
[#b9afd0 14GiB/35GiB(40%) CN:8 DL:8.9MiB ETA:39m44s]
[#b9afd0 14GiB/35GiB(40%) CN:8 DL:9.0MiB ETA:39m35s]
[#b9afd0 14GiB/35GiB(40%) CN:8 DL:9.4MiB ETA:37m47s]
[#b9afd0 14GiB/35GiB(40%) CN:8 DL:9.0MiB ETA:39m15s]
[#b9afd0 14GiB/35GiB(41%) CN:8 DL:9.0MiB ETA:39m14s]
[#b9afd0 14GiB/35GiB(41%) CN:8 DL:8.8MiB ETA:40m20s]
[#b9afd0 14GiB/35GiB(41%) CN:8 DL:9.0MiB ETA:39m8s]
[#b9afd0 14GiB/35GiB(41%) CN:8 DL:9.0MiB ETA:39m9s]
[#b9afd0 14GiB/35GiB(41%) CN:8 DL:9.0MiB ETA:39m22s]
[#b9afd0 14GiB/35GiB(41%) CN:8 DL:9.1MiB ETA:38m48s]
[#b9afd0 14GiB/35GiB(41%) CN:8 DL:9.2MiB ETA:38m22s]
[#b9afd0 14GiB/35GiB(41%) CN:8 DL:9.0MiB ETA:39m20s]
[#b9afd0 14GiB/35GiB(41%) CN:8 DL:9.4MiB ETA:37m36s]
[#b9afd0 14GiB/35GiB(41%) CN:8 DL:9.2MiB ETA:38m25s]
[#b9afd0 14GiB/35GiB(41%) CN:8 DL:9.1MiB ETA:38m45s]
[#b9afd0 14GiB/35GiB(41%) CN:8 DL:9.1MiB ETA:38m53s]
[#b9afd0 14GiB/35GiB(41%) CN:8 DL:8.9MiB ETA:39m23s]
[#b9afd0 14GiB/35GiB(41%) CN:8 DL:9.0MiB ETA:38m59s]
[#b9afd0 14GiB/35GiB(41%) CN:8 DL:8.9MiB ETA:39m21s]
[#b9afd0 14GiB/35GiB(41%) CN:8 DL:8.8MiB ETA:39m55s]
[#b9afd0 14GiB/35GiB(41%) CN:8 DL:8.9MiB ETA:39m22s]
[#b9afd0 14GiB/35GiB(41%) CN:8 DL:8.9MiB ETA:39m31s]
[#b9afd0 14GiB/35GiB(41%) CN:8 DL:8.9MiB ETA:39m17s]
[#b9afd0 14GiB/35GiB(41%) CN:8 DL:9.1MiB ETA:38m37s]
[#b9afd0 14GiB/35GiB(41%) CN:8 DL:8.8MiB ETA:39m49s]
[#b9afd0 14GiB/35GiB(41%) CN:8 DL:9.1MiB ETA:38m47s]
[#b9afd0 14GiB/35GiB(41%) CN:8 DL:8.9MiB ETA:39m23s]
[#b9afd0 14GiB/35GiB(41%) CN:8 DL:8.9MiB ETA:39m26s]
[#b9afd0 14GiB/35GiB(41%) CN:8 DL:9.1MiB ETA:38m23s]
[#b9afd0 14GiB/35GiB(41%) CN:8 DL:9.2MiB ETA:38m2s]
[#b9afd0 14GiB/35GiB(41%) CN:8 DL:9.3MiB ETA:37m36s]
[#b9afd0 14GiB/35GiB(41%) CN:8 DL:9.3MiB ETA:37m27s]
[#b9afd0 14GiB/35GiB(41%) CN:8 DL:9.3MiB ETA:37m38s]
[#b9afd0 14GiB/35GiB(41%) CN:8 DL:9.9MiB ETA:35m10s]
[#b9afd0 14GiB/35GiB(41%) CN:8 DL:9.4MiB ETA:37m13s]
[#b9afd0 14GiB/35GiB(41%) CN:8 DL:9.5MiB ETA:36m59s]
[#b9afd0 14GiB/35GiB(41%) CN:8 DL:9.3MiB ETA:37m41s]
[#b9afd0 14GiB/35GiB(41%) CN:8 DL:9.4MiB ETA:37m21s]
[#b9afd0 14GiB/35GiB(41%) CN:8 DL:9.2MiB ETA:38m8s]
[#b9afd0 14GiB/35GiB(41%) CN:8 DL:9.3MiB ETA:37m43s]
[#b9afd0 14GiB/35GiB(41%) CN:8 DL:9.5MiB ETA:36m41s]
[#b9afd0 14GiB/35GiB(41%) CN:8 DL:9.2MiB ETA:37m41s]
[#b9afd0 14GiB/35GiB(41%) CN:8 DL:9.0MiB ETA:38m39s]
[#b9afd0 14GiB/35GiB(42%) CN:8 DL:9.3MiB ETA:37m30s]
[#b9afd0 14GiB/35GiB(42%) CN:8 DL:9.2MiB ETA:37m49s]
[#b9afd0 14GiB/35GiB(42%) CN:8 DL:8.9MiB ETA:39m4s]
[#b9afd0 14GiB/35GiB(42%) CN:8 DL:9.1MiB ETA:38m16s]
[#b9afd0 14GiB/35GiB(42%) CN:8 DL:9.0MiB ETA:38m40s]
[#b9afd0 14GiB/35GiB(42%) CN:8 DL:9.0MiB ETA:38m32s]
[#b9afd0 14GiB/35GiB(42%) CN:8 DL:8.7MiB ETA:39m43s]
[#b9afd0 14GiB/35GiB(42%) CN:8 DL:8.9MiB ETA:39m7s]
[#b9afd0 14GiB/35GiB(42%) CN:8 DL:8.8MiB ETA:39m28s]
[#b9afd0 14GiB/35GiB(42%) CN:8 DL:8.8MiB ETA:39m34s]
[#b9afd0 14GiB/35GiB(42%) CN:8 DL:9.1MiB ETA:38m2s]
[#b9afd0 14GiB/35GiB(42%) CN:8 DL:8.9MiB ETA:38m51s]
[#b9afd0 14GiB/35GiB(42%) CN:8 DL:8.7MiB ETA:39m49s]
[#b9afd0 14GiB/35GiB(42%) CN:8 DL:8.6MiB ETA:40m27s]
[#b9afd0 14GiB/35GiB(42%) CN:8 DL:8.7MiB ETA:39m59s]
[#b9afd0 14GiB/35GiB(42%) CN:8 DL:8.6MiB ETA:40m25s]
[#b9afd0 14GiB/35GiB(42%) CN:8 DL:8.7MiB ETA:39m53s]
[#b9afd0 15GiB/35GiB(42%) CN:8 DL:8.5MiB ETA:40m53s]
[#b9afd0 15GiB/35GiB(42%) CN:8 DL:8.7MiB ETA:39m56s]
[#b9afd0 15GiB/35GiB(42%) CN:8 DL:8.4MiB ETA:41m4s]
[#b9afd0 15GiB/35GiB(42%) CN:8 DL:8.2MiB ETA:41m54s]
[#b9afd0 15GiB/35GiB(42%) CN:8 DL:8.5MiB ETA:40m43s]
[#b9afd0 15GiB/35GiB(42%) CN:8 DL:8.6MiB ETA:40m]
[#b9afd0 15GiB/35GiB(42%) CN:8 DL:8.5MiB ETA:40m22s]
[#b9afd0 15GiB/35GiB(42%) CN:8 DL:8.6MiB ETA:40m3s]
[#b9afd0 15GiB/35GiB(42%) CN:8 DL:8.9MiB ETA:38m53s]
[#b9afd0 15GiB/35GiB(42%) CN:8 DL:8.7MiB ETA:39m35s]
[#b9afd0 15GiB/35GiB(42%) CN:8 DL:8.9MiB ETA:38m40s]
[#b9afd0 15GiB/35GiB(42%) CN:8 DL:8.9MiB ETA:38m52s]
[#b9afd0 15GiB/35GiB(42%) CN:8 DL:8.9MiB ETA:38m26s]
[#b9afd0 15GiB/35GiB(42%) CN:8 DL:9.2MiB ETA:37m27s]
[#b9afd0 15GiB/35GiB(42%) CN:8 DL:9.2MiB ETA:37m16s]
[#b9afd0 15GiB/35GiB(42%) CN:8 DL:9.4MiB ETA:36m28s]
[#b9afd0 15GiB/35GiB(42%) CN:8 DL:9.2MiB ETA:37m25s]
[#b9afd0 15GiB/35GiB(42%) CN:8 DL:9.2MiB ETA:37m16s]
[#b9afd0 15GiB/35GiB(42%) CN:8 DL:9.2MiB ETA:37m19s]
[#b9afd0 15GiB/35GiB(42%) CN:8 DL:9.2MiB ETA:37m16s]
[#b9afd0 15GiB/35GiB(42%) CN:8 DL:9.2MiB ETA:37m14s]
[#b9afd0 15GiB/35GiB(42%) CN:8 DL:9.4MiB ETA:36m38s]
[#b9afd0 15GiB/35GiB(42%) CN:8 DL:9.6MiB ETA:35m49s]
[#b9afd0 15GiB/35GiB(42%) CN:8 DL:9.4MiB ETA:36m15s]
[#b9afd0 15GiB/35GiB(43%) CN:8 DL:9.5MiB ETA:35m54s]
[#b9afd0 15GiB/35GiB(43%) CN:8 DL:9.6MiB ETA:35m31s]
[#b9afd0 15GiB/35GiB(43%) CN:8 DL:9.5MiB ETA:36m]
[#b9afd0 15GiB/35GiB(43%) CN:8 DL:9.8MiB ETA:34m58s]
[#b9afd0 15GiB/35GiB(43%) CN:8 DL:9.5MiB ETA:35m47s]
[#b9afd0 15GiB/35GiB(43%) CN:8 DL:9.4MiB ETA:36m12s]
[#b9afd0 15GiB/35GiB(43%) CN:8 DL:9.6MiB ETA:35m41s]
[#b9afd0 15GiB/35GiB(43%) CN:8 DL:9.6MiB ETA:35m33s]
[#b9afd0 15GiB/35GiB(43%) CN:8 DL:9.4MiB ETA:36m16s]
[#b9afd0 15GiB/35GiB(43%) CN:8 DL:9.4MiB ETA:36m8s]
[#b9afd0 15GiB/35GiB(43%) CN:8 DL:9.4MiB ETA:36m20s]
[#b9afd0 15GiB/35GiB(43%) CN:8 DL:9.4MiB ETA:36m20s]
[#b9afd0 15GiB/35GiB(43%) CN:8 DL:9.5MiB ETA:35m56s]
[#b9afd0 15GiB/35GiB(43%) CN:8 DL:9.4MiB ETA:36m12s]
[#b9afd0 15GiB/35GiB(43%) CN:8 DL:9.5MiB ETA:35m55s]
[#b9afd0 15GiB/35GiB(43%) CN:8 DL:9.6MiB ETA:35m32s]
[#b9afd0 15GiB/35GiB(43%) CN:8 DL:9.5MiB ETA:35m47s]
[#b9afd0 15GiB/35GiB(43%) CN:8 DL:9.2MiB ETA:36m45s]
[#b9afd0 15GiB/35GiB(43%) CN:8 DL:9.2MiB ETA:36m56s]
[#b9afd0 15GiB/35GiB(43%) CN:8 DL:9.2MiB ETA:36m45s]
[#b9afd0 15GiB/35GiB(43%) CN:8 DL:9.3MiB ETA:36m23s]
[#b9afd0 15GiB/35GiB(43%) CN:8 DL:9.3MiB ETA:36m32s]
[#b9afd0 15GiB/35GiB(43%) CN:8 DL:9.3MiB ETA:36m20s]
[#b9afd0 15GiB/35GiB(43%) CN:8 DL:9.2MiB ETA:36m59s]
 *** Download Progress Summary as of Sun Sep 20 13:08:52 2026 *** 
===============================================================================
[#b9afd0 15GiB/35GiB(43%) CN:8 DL:9.1MiB ETA:37m9s]
FILE: urbansarfloods/urban_sar_floods.tar.gz
-------------------------------------------------------------------------------

[#b9afd0 15GiB/35GiB(43%) CN:8 DL:9.1MiB ETA:37m9s]
[#b9afd0 15GiB/35GiB(43%) CN:8 DL:9.0MiB ETA:37m28s]
[#b9afd0 15GiB/35GiB(43%) CN:8 DL:9.2MiB ETA:36m40s]
[#b9afd0 15GiB/35GiB(43%) CN:8 DL:9.2MiB ETA:36m47s]
[#b9afd0 15GiB/35GiB(43%) CN:8 DL:9.1MiB ETA:37m9s]
[#b9afd0 15GiB/35GiB(43%) CN:8 DL:9.3MiB ETA:36m20s]
[#b9afd0 15GiB/35GiB(43%) CN:8 DL:9.4MiB ETA:36m]
[#b9afd0 15GiB/35GiB(43%) CN:8 DL:9.4MiB ETA:35m49s]
[#b9afd0 15GiB/35GiB(43%) CN:8 DL:9.5MiB ETA:35m37s]
[#b9afd0 15GiB/35GiB(43%) CN:8 DL:9.4MiB ETA:35m49s]
[#b9afd0 15GiB/35GiB(43%) CN:8 DL:9.4MiB ETA:35m43s]
[#b9afd0 15GiB/35GiB(43%) CN:8 DL:9.5MiB ETA:35m33s]
[#b9afd0 15GiB/35GiB(43%) CN:8 DL:9.2MiB ETA:36m44s]
[#b9afd0 15GiB/35GiB(43%) CN:8 DL:9.4MiB ETA:35m37s]
[#b9afd0 15GiB/35GiB(44%) CN:8 DL:9.6MiB ETA:35m6s]
[#b9afd0 15GiB/35GiB(44%) CN:8 DL:9.9MiB ETA:34m2s]
[#b9afd0 15GiB/35GiB(44%) CN:8 DL:9.6MiB ETA:35m2s]
[#b9afd0 15GiB/35GiB(44%) CN:8 DL:9.3MiB ETA:35m56s]
[#b9afd0 15GiB/35GiB(44%) CN:8 DL:9.4MiB ETA:35m48s]
[#b9afd0 15GiB/35GiB(44%) CN:8 DL:9.8MiB ETA:34m24s]
[#b9afd0 15GiB/35GiB(44%) CN:8 DL:9.6MiB ETA:35m4s]
[#b9afd0 15GiB/35GiB(44%) CN:8 DL:9.3MiB ETA:36m13s]
[#b9afd0 15GiB/35GiB(44%) CN:8 DL:9.1MiB ETA:36m49s]
[#b9afd0 15GiB/35GiB(44%) CN:8 DL:9.2MiB ETA:36m23s]
[#b9afd0 15GiB/35GiB(44%) CN:8 DL:9.3MiB ETA:36m1s]
[#b9afd0 15GiB/35GiB(44%) CN:8 DL:9.1MiB ETA:36m34s]
[#b9afd0 15GiB/35GiB(44%) CN:8 DL:9.4MiB ETA:35m34s]
[#b9afd0 15GiB/35GiB(44%) CN:8 DL:9.6MiB ETA:34m56s]
[#b9afd0 15GiB/35GiB(44%) CN:8 DL:9.4MiB ETA:35m22s]
[#b9afd0 15GiB/35GiB(44%) CN:8 DL:9.9MiB ETA:33m52s]
[#b9afd0 15GiB/35GiB(44%) CN:8 DL:9.8MiB ETA:34m12s]
[#b9afd0 15GiB/35GiB(44%) CN:8 DL:9.6MiB ETA:34m37s]
[#b9afd0 15GiB/35GiB(44%) CN:8 DL:9.7MiB ETA:34m13s]
[#b9afd0 15GiB/35GiB(44%) CN:8 DL:9.6MiB ETA:34m53s]
[#b9afd0 15GiB/35GiB(44%) CN:8 DL:9.6MiB ETA:34m38s]
[#b9afd0 15GiB/35GiB(44%) CN:8 DL:9.5MiB ETA:35m14s]
[#b9afd0 15GiB/35GiB(44%) CN:8 DL:9.6MiB ETA:34m39s]
[#b9afd0 15GiB/35GiB(44%) CN:8 DL:9.3MiB ETA:35m48s]
[#b9afd0 15GiB/35GiB(44%) CN:8 DL:9.3MiB ETA:35m49s]
[#b9afd0 15GiB/35GiB(44%) CN:8 DL:9.7MiB ETA:34m14s]
[#b9afd0 15GiB/35GiB(44%) CN:8 DL:9.6MiB ETA:34m43s]
[#b9afd0 15GiB/35GiB(44%) CN:8 DL:9.1MiB ETA:36m29s]
[#b9afd0 15GiB/35GiB(44%) CN:8 DL:9.4MiB ETA:35m26s]
[#b9afd0 15GiB/35GiB(44%) CN:8 DL:9.0MiB ETA:36m47s]
[#b9afd0 15GiB/35GiB(44%) CN:8 DL:9.4MiB ETA:35m9s]
[#b9afd0 15GiB/35GiB(44%) CN:8 DL:9.1MiB ETA:36m24s]
[#b9afd0 15GiB/35GiB(44%) CN:8 DL:9.5MiB ETA:34m54s]
[#b9afd0 15GiB/35GiB(44%) CN:8 DL:9.5MiB ETA:34m43s]
[#b9afd0 15GiB/35GiB(44%) CN:8 DL:9.3MiB ETA:35m30s]
[#b9afd0 15GiB/35GiB(44%) CN:8 DL:9.3MiB ETA:35m29s]
[#b9afd0 15GiB/35GiB(44%) CN:8 DL:9.8MiB ETA:33m49s]
[#b9afd0 15GiB/35GiB(44%) CN:8 DL:9.6MiB ETA:34m20s]
[#b9afd0 15GiB/35GiB(44%) CN:8 DL:9.4MiB ETA:34m59s]
[#b9afd0 15GiB/35GiB(45%) CN:8 DL:9.5MiB ETA:34m45s]
[#b9afd0 15GiB/35GiB(45%) CN:8 DL:9.3MiB ETA:35m22s]
[#b9afd0 15GiB/35GiB(45%) CN:8 DL:9.4MiB ETA:35m15s]
[#b9afd0 15GiB/35GiB(45%) CN:8 DL:9.1MiB ETA:36m14s]
[#b9afd0 15GiB/35GiB(45%) CN:8 DL:9.0MiB ETA:36m24s]
[#b9afd0 15GiB/35GiB(45%) CN:8 DL:9.5MiB ETA:34m48s]
[#b9afd0 15GiB/35GiB(45%) CN:8 DL:9.5MiB ETA:34m42s]
[#b9afd0 15GiB/35GiB(45%) CN:8 DL:9.5MiB ETA:34m30s]
[#b9afd0 16GiB/35GiB(45%) CN:8 DL:9.5MiB ETA:34m40s]
[#b9afd0 16GiB/35GiB(45%) CN:8 DL:9.5MiB ETA:34m46s]
[#b9afd0 16GiB/35GiB(45%) CN:8 DL:9.1MiB ETA:36m1s]
[#b9afd0 16GiB/35GiB(45%) CN:8 DL:9.2MiB ETA:35m32s]
[#b9afd0 16GiB/35GiB(45%) CN:8 DL:9.5MiB ETA:34m30s]
[#b9afd0 16GiB/35GiB(45%) CN:8 DL:9.6MiB ETA:34m17s]
[#b9afd0 16GiB/35GiB(45%) CN:8 DL:9.6MiB ETA:34m15s]
[#b9afd0 16GiB/35GiB(45%) CN:8 DL:9.5MiB ETA:34m22s]
[#b9afd0 16GiB/35GiB(45%) CN:8 DL:9.6MiB ETA:34m15s]
[#b9afd0 16GiB/35GiB(45%) CN:8 DL:9.5MiB ETA:34m22s]
[#b9afd0 16GiB/35GiB(45%) CN:8 DL:9.5MiB ETA:34m19s]
[#b9afd0 16GiB/35GiB(45%) CN:8 DL:9.5MiB ETA:34m36s]
[#b9afd0 16GiB/35GiB(45%) CN:8 DL:9.9MiB ETA:33m11s]
[#b9afd0 16GiB/35GiB(45%) CN:8 DL:9.5MiB ETA:34m17s]
[#b9afd0 16GiB/35GiB(45%) CN:8 DL:9.6MiB ETA:33m54s]
[#b9afd0 16GiB/35GiB(45%) CN:8 DL:9.6MiB ETA:34m6s]
[#b9afd0 16GiB/35GiB(45%) CN:8 DL:9.3MiB ETA:35m6s]
[#b9afd0 16GiB/35GiB(45%) CN:8 DL:9.5MiB ETA:34m27s]
[#b9afd0 16GiB/35GiB(45%) CN:8 DL:9.4MiB ETA:34m45s]
[#b9afd0 16GiB/35GiB(45%) CN:8 DL:9.3MiB ETA:35m]
[#b9afd0 16GiB/35GiB(45%) CN:8 DL:9.2MiB ETA:35m34s]
[#b9afd0 16GiB/35GiB(45%) CN:8 DL:9.3MiB ETA:34m51s]
[#b9afd0 16GiB/35GiB(45%) CN:8 DL:9.3MiB ETA:35m]
[#b9afd0 16GiB/35GiB(45%) CN:8 DL:9.0MiB ETA:36m10s]
[#b9afd0 16GiB/35GiB(45%) CN:8 DL:8.7MiB ETA:37m25s]
[#b9afd0 16GiB/35GiB(45%) CN:8 DL:8.6MiB ETA:37m55s]
[#b9afd0 16GiB/35GiB(45%) CN:8 DL:8.4MiB ETA:38m50s]
[#b9afd0 16GiB/35GiB(45%) CN:8 DL:8.1MiB ETA:39m49s]
[#b9afd0 16GiB/35GiB(45%) CN:8 DL:8.2MiB ETA:39m32s]
[#b9afd0 16GiB/35GiB(45%) CN:8 DL:8.3MiB ETA:39m15s]
[#b9afd0 16GiB/35GiB(45%) CN:8 DL:8.3MiB ETA:39m16s]
[#b9afd0 16GiB/35GiB(46%) CN:8 DL:8.3MiB ETA:38m53s]
[#b9afd0 16GiB/35GiB(46%) CN:8 DL:8.4MiB ETA:38m26s]
[#b9afd0 16GiB/35GiB(46%) CN:8 DL:8.3MiB ETA:38m51s]
[#b9afd0 16GiB/35GiB(46%) CN:8 DL:8.8MiB ETA:36m35s]
[#b9afd0 16GiB/35GiB(46%) CN:8 DL:8.8MiB ETA:36m51s]
[#b9afd0 16GiB/35GiB(46%) CN:8 DL:8.9MiB ETA:36m29s]
[#b9afd0 16GiB/35GiB(46%) CN:8 DL:8.7MiB ETA:37m1s]
[#b9afd0 16GiB/35GiB(46%) CN:8 DL:9.1MiB ETA:35m42s]
[#b9afd0 16GiB/35GiB(46%) CN:8 DL:9.2MiB ETA:35m14s]
[#b9afd0 16GiB/35GiB(46%) CN:8 DL:9.3MiB ETA:34m38s]
[#b9afd0 16GiB/35GiB(46%) CN:8 DL:9.6MiB ETA:33m42s]
[#b9afd0 16GiB/35GiB(46%) CN:8 DL:9.5MiB ETA:33m54s]
[#b9afd0 16GiB/35GiB(46%) CN:8 DL:9.3MiB ETA:34m34s]
[#b9afd0 16GiB/35GiB(46%) CN:8 DL:9.3MiB ETA:34m32s]
[#b9afd0 16GiB/35GiB(46%) CN:8 DL:9.4MiB ETA:34m7s]
[#b9afd0 16GiB/35GiB(46%) CN:8 DL:9.5MiB ETA:33m53s]
[#b9afd0 16GiB/35GiB(46%) CN:8 DL:9.7MiB ETA:33m19s]
[#b9afd0 16GiB/35GiB(46%) CN:8 DL:9.7MiB ETA:33m13s]
[#b9afd0 16GiB/35GiB(46%) CN:8 DL:9.6MiB ETA:33m36s]
[#b9afd0 16GiB/35GiB(46%) CN:8 DL:9.4MiB ETA:34m2s]
[#b9afd0 16GiB/35GiB(46%) CN:8 DL:9.7MiB ETA:33m7s]
[#b9afd0 16GiB/35GiB(46%) CN:8 DL:9.8MiB ETA:32m42s]
[#b9afd0 16GiB/35GiB(46%) CN:8 DL:9.7MiB ETA:33m5s]
[#b9afd0 16GiB/35GiB(46%) CN:8 DL:9.9MiB ETA:32m31s]
[#b9afd0 16GiB/35GiB(46%) CN:8 DL:9.7MiB ETA:32m58s]
[#b9afd0 16GiB/35GiB(46%) CN:8 DL:9.7MiB ETA:32m58s]
[#b9afd0 16GiB/35GiB(46%) CN:8 DL:9.5MiB ETA:33m38s]
[#b9afd0 16GiB/35GiB(46%) CN:8 DL:9.5MiB ETA:33m43s]
[#b9afd0 16GiB/35GiB(46%) CN:8 DL:9.7MiB ETA:33m4s]
[#b9afd0 16GiB/35GiB(46%) CN:8 DL:9.7MiB ETA:33m1s]
[#b9afd0 16GiB/35GiB(46%) CN:8 DL:9.7MiB ETA:32m56s]
[#b9afd0 16GiB/35GiB(46%) CN:8 DL:9.8MiB ETA:32m31s]
[#b9afd0 16GiB/35GiB(46%) CN:8 DL:9.5MiB ETA:33m31s]
[#b9afd0 16GiB/35GiB(46%) CN:8 DL:9.5MiB ETA:33m41s]
[#b9afd0 16GiB/35GiB(46%) CN:8 DL:9.3MiB ETA:34m16s]
[#b9afd0 16GiB/35GiB(46%) CN:8 DL:9.6MiB ETA:33m9s]
[#b9afd0 16GiB/35GiB(46%) CN:8 DL:9.5MiB ETA:33m31s]
[#b9afd0 16GiB/35GiB(46%) CN:8 DL:9.3MiB ETA:34m6s]
[#b9afd0 16GiB/35GiB(47%) CN:8 DL:9.4MiB ETA:34m1s]
[#b9afd0 16GiB/35GiB(47%) CN:8 DL:9.2MiB ETA:34m43s]
[#b9afd0 16GiB/35GiB(47%) CN:8 DL:9.3MiB ETA:34m19s]
[#b9afd0 16GiB/35GiB(47%) CN:8 DL:9.5MiB ETA:33m21s]
[#b9afd0 16GiB/35GiB(47%) CN:8 DL:9.3MiB ETA:34m16s]
[#b9afd0 16GiB/35GiB(47%) CN:8 DL:9.3MiB ETA:34m10s]
[#b9afd0 16GiB/35GiB(47%) CN:8 DL:9.3MiB ETA:34m14s]
[#b9afd0 16GiB/35GiB(47%) CN:8 DL:9.3MiB ETA:33m56s]
[#b9afd0 16GiB/35GiB(47%) CN:8 DL:9.2MiB ETA:34m29s]
[#b9afd0 16GiB/35GiB(47%) CN:8 DL:9.2MiB ETA:34m26s]
[#b9afd0 16GiB/35GiB(47%) CN:8 DL:9.2MiB ETA:34m29s]
[#b9afd0 16GiB/35GiB(47%) CN:8 DL:9.0MiB ETA:35m11s]
[#b9afd0 16GiB/35GiB(47%) CN:8 DL:8.9MiB ETA:35m29s]
[#b9afd0 16GiB/35GiB(47%) CN:8 DL:8.8MiB ETA:36m1s]
[#b9afd0 16GiB/35GiB(47%) CN:8 DL:8.7MiB ETA:36m26s]
[#b9afd0 16GiB/35GiB(47%) CN:8 DL:8.5MiB ETA:37m5s]
[#b9afd0 16GiB/35GiB(47%) CN:8 DL:8.4MiB ETA:37m22s]
[#b9afd0 16GiB/35GiB(47%) CN:8 DL:8.5MiB ETA:37m15s]
[#b9afd0 16GiB/35GiB(47%) CN:8 DL:8.3MiB ETA:37m48s]
[#b9afd0 16GiB/35GiB(47%) CN:8 DL:8.3MiB ETA:38m2s]
[#b9afd0 16GiB/35GiB(47%) CN:8 DL:8.3MiB ETA:38m3s]
[#b9afd0 16GiB/35GiB(47%) CN:8 DL:8.4MiB ETA:37m33s]
[#b9afd0 16GiB/35GiB(47%) CN:8 DL:8.3MiB ETA:37m53s]
[#b9afd0 16GiB/35GiB(47%) CN:8 DL:8.7MiB ETA:36m]
[#b9afd0 16GiB/35GiB(47%) CN:8 DL:9.1MiB ETA:34m34s]
[#b9afd0 16GiB/35GiB(47%) CN:8 DL:9.1MiB ETA:34m23s]
[#b9afd0 16GiB/35GiB(47%) CN:8 DL:9.0MiB ETA:34m48s]
[#b9afd0 16GiB/35GiB(47%) CN:8 DL:8.9MiB ETA:35m22s]
[#b9afd0 16GiB/35GiB(47%) CN:8 DL:9.2MiB ETA:34m14s]
[#b9afd0 16GiB/35GiB(47%) CN:8 DL:9.2MiB ETA:33m56s]
[#b9afd0 16GiB/35GiB(47%) CN:8 DL:9.4MiB ETA:33m30s]
[#b9afd0 16GiB/35GiB(47%) CN:8 DL:9.6MiB ETA:32m37s]
[#b9afd0 16GiB/35GiB(47%) CN:8 DL:9.7MiB ETA:32m23s]
[#b9afd0 16GiB/35GiB(47%) CN:8 DL:9.3MiB ETA:33m31s]
[#b9afd0 16GiB/35GiB(47%) CN:8 DL:9.7MiB ETA:32m26s]
[#b9afd0 16GiB/35GiB(47%) CN:8 DL:9.8MiB ETA:31m56s]
[#b9afd0 16GiB/35GiB(47%) CN:8 DL:9.8MiB ETA:31m58s]
[#b9afd0 16GiB/35GiB(47%) CN:8 DL:9.8MiB ETA:32m]
[#b9afd0 16GiB/35GiB(47%) CN:8 DL:9.7MiB ETA:32m22s]
[#b9afd0 16GiB/35GiB(47%) CN:8 DL:9.2MiB ETA:33m47s]
[#b9afd0 16GiB/35GiB(48%) CN:8 DL:9.0MiB ETA:34m43s]
[#b9afd0 16GiB/35GiB(48%) CN:8 DL:8.7MiB ETA:35m59s]
[#b9afd0 17GiB/35GiB(48%) CN:8 DL:8.5MiB ETA:36m32s]
[#b9afd0 17GiB/35GiB(48%) CN:8 DL:8.4MiB ETA:37m11s]
[#b9afd0 17GiB/35GiB(48%) CN:8 DL:7.9MiB ETA:39m30s]
[#b9afd0 17GiB/35GiB(48%) CN:8 DL:7.9MiB ETA:39m12s]
[#b9afd0 17GiB/35GiB(48%) CN:8 DL:7.7MiB ETA:40m20s]
[#b9afd0 17GiB/35GiB(48%) CN:8 DL:7.6MiB ETA:41m2s]
[#b9afd0 17GiB/35GiB(48%) CN:8 DL:7.6MiB ETA:41m9s]
[#b9afd0 17GiB/35GiB(48%) CN:8 DL:7.9MiB ETA:39m28s]
[#b9afd0 17GiB/35GiB(48%) CN:8 DL:8.2MiB ETA:38m5s]
[#b9afd0 17GiB/35GiB(48%) CN:8 DL:8.3MiB ETA:37m19s]
[#b9afd0 17GiB/35GiB(48%) CN:8 DL:8.4MiB ETA:36m47s]
[#b9afd0 17GiB/35GiB(48%) CN:8 DL:8.8MiB ETA:35m14s]
[#b9afd0 17GiB/35GiB(48%) CN:8 DL:9.1MiB ETA:34m12s]
[#b9afd0 17GiB/35GiB(48%) CN:8 DL:9.5MiB ETA:32m39s]
[#b9afd0 17GiB/35GiB(48%) CN:8 DL:9.3MiB ETA:33m20s]
[#b9afd0 17GiB/35GiB(48%) CN:8 DL:9.5MiB ETA:32m34s]
[#b9afd0 17GiB/35GiB(48%) CN:8 DL:9.5MiB ETA:32m37s]
[#b9afd0 17GiB/35GiB(48%) CN:8 DL:9.4MiB ETA:32m45s]
[#b9afd0 17GiB/35GiB(48%) CN:8 DL:9.5MiB ETA:32m31s]
[#b9afd0 17GiB/35GiB(48%) CN:8 DL:9.6MiB ETA:32m2s]
[#b9afd0 17GiB/35GiB(48%) CN:8 DL:9.5MiB ETA:32m31s]
[#b9afd0 17GiB/35GiB(48%) CN:8 DL:9.5MiB ETA:32m38s]
[#b9afd0 17GiB/35GiB(48%) CN:8 DL:9.5MiB ETA:32m28s]
[#b9afd0 17GiB/35GiB(48%) CN:8 DL:9.7MiB ETA:31m54s]
[#b9afd0 17GiB/35GiB(48%) CN:8 DL:9.7MiB ETA:31m47s]
[#b9afd0 17GiB/35GiB(48%) CN:8 DL:9.6MiB ETA:32m12s]
[#b9afd0 17GiB/35GiB(48%) CN:8 DL:9.5MiB ETA:32m21s]
[#b9afd0 17GiB/35GiB(48%) CN:8 DL:9.6MiB ETA:32m10s]
[#b9afd0 17GiB/35GiB(48%) CN:8 DL:9.3MiB ETA:33m12s]
[#b9afd0 17GiB/35GiB(48%) CN:8 DL:9.5MiB ETA:32m18s]
[#b9afd0 17GiB/35GiB(48%) CN:8 DL:9.5MiB ETA:32m17s]
[#b9afd0 17GiB/35GiB(48%) CN:8 DL:9.5MiB ETA:32m16s]
[#b9afd0 17GiB/35GiB(48%) CN:8 DL:9.3MiB ETA:32m55s]
[#b9afd0 17GiB/35GiB(48%) CN:8 DL:9.3MiB ETA:32m55s]
[#b9afd0 17GiB/35GiB(48%) CN:8 DL:9.7MiB ETA:31m46s]
[#b9afd0 17GiB/35GiB(48%) CN:8 DL:9.4MiB ETA:32m35s]
[#b9afd0 17GiB/35GiB(48%) CN:8 DL:9.5MiB ETA:32m8s]
[#b9afd0 17GiB/35GiB(48%) CN:8 DL:9.4MiB ETA:32m29s]
[#b9afd0 17GiB/35GiB(49%) CN:8 DL:9.4MiB ETA:32m35s]
[#b9afd0 17GiB/35GiB(49%) CN:8 DL:9.3MiB ETA:33m4s]
[#b9afd0 17GiB/35GiB(49%) CN:8 DL:9.1MiB ETA:33m33s]
[#b9afd0 17GiB/35GiB(49%) CN:8 DL:9.3MiB ETA:32m56s]
[#b9afd0 17GiB/35GiB(49%) CN:8 DL:9.2MiB ETA:33m12s]
[#b9afd0 17GiB/35GiB(49%) CN:8 DL:9.1MiB ETA:33m37s]
[#b9afd0 17GiB/35GiB(49%) CN:8 DL:9.3MiB ETA:32m50s]
[#b9afd0 17GiB/35GiB(49%) CN:8 DL:9.3MiB ETA:32m54s]
[#b9afd0 17GiB/35GiB(49%) CN:8 DL:9.1MiB ETA:33m33s]
[#b9afd0 17GiB/35GiB(49%) CN:8 DL:9.3MiB ETA:32m53s]
[#b9afd0 17GiB/35GiB(49%) CN:8 DL:9.2MiB ETA:33m7s]
[#b9afd0 17GiB/35GiB(49%) CN:8 DL:9.2MiB ETA:32m56s]
[#b9afd0 17GiB/35GiB(49%) CN:8 DL:9.3MiB ETA:32m34s]
[#b9afd0 17GiB/35GiB(49%) CN:8 DL:9.2MiB ETA:33m2s]
[#b9afd0 17GiB/35GiB(49%) CN:8 DL:9.3MiB ETA:32m45s]
[#b9afd0 17GiB/35GiB(49%) CN:8 DL:9.2MiB ETA:33m1s]
[#b9afd0 17GiB/35GiB(49%) CN:8 DL:9.5MiB ETA:32m7s]
[#b9afd0 17GiB/35GiB(49%) CN:8 DL:9.6MiB ETA:31m28s]
[#b9afd0 17GiB/35GiB(49%) CN:8 DL:9.5MiB ETA:32m6s]
[#b9afd0 17GiB/35GiB(49%) CN:8 DL:9.4MiB ETA:32m25s]
[#b9afd0 17GiB/35GiB(49%) CN:8 DL:9.4MiB ETA:32m10s]
[#b9afd0 17GiB/35GiB(49%) CN:8 DL:9.4MiB ETA:32m12s]
[#b9afd0 17GiB/35GiB(49%) CN:8 DL:9.4MiB ETA:32m19s]
[#b9afd0 17GiB/35GiB(49%) CN:8 DL:9.5MiB ETA:32m1s]
[#b9afd0 17GiB/35GiB(49%) CN:8 DL:9.5MiB ETA:31m54s]
[#b9afd0 17GiB/35GiB(49%) CN:8 DL:9.4MiB ETA:32m2s]
[#b9afd0 17GiB/35GiB(49%) CN:8 DL:9.3MiB ETA:32m21s]
[#b9afd0 17GiB/35GiB(49%) CN:8 DL:9.8MiB ETA:30m47s]
[#b9afd0 17GiB/35GiB(49%) CN:8 DL:9.7MiB ETA:31m9s]
[#b9afd0 17GiB/35GiB(49%) CN:8 DL:9.7MiB ETA:31m]
[#b9afd0 17GiB/35GiB(49%) CN:8 DL:9.5MiB ETA:31m47s]
[#b9afd0 17GiB/35GiB(49%) CN:8 DL:9.4MiB ETA:31m59s]
[#b9afd0 17GiB/35GiB(49%) CN:8 DL:9.5MiB ETA:31m41s]
[#b9afd0 17GiB/35GiB(49%) CN:8 DL:9.5MiB ETA:31m35s]
[#b9afd0 17GiB/35GiB(49%) CN:8 DL:9.6MiB ETA:31m15s]
[#b9afd0 17GiB/35GiB(49%) CN:8 DL:9.7MiB ETA:30m55s]
[#b9afd0 17GiB/35GiB(49%) CN:8 DL:9.6MiB ETA:31m15s]
[#b9afd0 17GiB/35GiB(49%) CN:8 DL:10MiB ETA:29m44s]
[#b9afd0 17GiB/35GiB(50%) CN:8 DL:9.6MiB ETA:31m14s]
[#b9afd0 17GiB/35GiB(50%) CN:8 DL:9.4MiB ETA:31m49s]
[#b9afd0 17GiB/35GiB(50%) CN:8 DL:9.5MiB ETA:31m30s]
[#b9afd0 17GiB/35GiB(50%) CN:8 DL:9.6MiB ETA:31m10s]
[#b9afd0 17GiB/35GiB(50%) CN:8 DL:9.6MiB ETA:31m10s]
[#b9afd0 17GiB/35GiB(50%) CN:8 DL:9.4MiB ETA:31m56s]
[#b9afd0 17GiB/35GiB(50%) CN:8 DL:9.5MiB ETA:31m34s]
[#b9afd0 17GiB/35GiB(50%) CN:8 DL:9.5MiB ETA:31m29s]
[#b9afd0 17GiB/35GiB(50%) CN:8 DL:9.5MiB ETA:31m37s]
[#b9afd0 17GiB/35GiB(50%) CN:8 DL:9.6MiB ETA:31m8s]
[#b9afd0 17GiB/35GiB(50%) CN:8 DL:10MiB ETA:29m55s]
[#b9afd0 17GiB/35GiB(50%) CN:8 DL:9.7MiB ETA:30m55s]
[#b9afd0 17GiB/35GiB(50%) CN:8 DL:9.5MiB ETA:31m26s]
[#b9afd0 17GiB/35GiB(50%) CN:8 DL:9.7MiB ETA:30m47s]
[#b9afd0 17GiB/35GiB(50%) CN:8 DL:9.6MiB ETA:31m]
[#b9afd0 17GiB/35GiB(50%) CN:8 DL:9.5MiB ETA:31m17s]
[#b9afd0 17GiB/35GiB(50%) CN:8 DL:9.5MiB ETA:31m12s]
[#b9afd0 17GiB/35GiB(50%) CN:8 DL:9.5MiB ETA:31m9s]
[#b9afd0 17GiB/35GiB(50%) CN:8 DL:9.4MiB ETA:31m44s]
[#b9afd0 17GiB/35GiB(50%) CN:8 DL:9.3MiB ETA:32m1s]
[#b9afd0 17GiB/35GiB(50%) CN:8 DL:9.6MiB ETA:30m52s]
[#b9afd0 17GiB/35GiB(50%) CN:8 DL:9.5MiB ETA:31m23s]
[#b9afd0 17GiB/35GiB(50%) CN:8 DL:9.0MiB ETA:33m1s]
[#b9afd0 17GiB/35GiB(50%) CN:8 DL:9.0MiB ETA:32m52s]
[#b9afd0 17GiB/35GiB(50%) CN:8 DL:9.2MiB ETA:32m13s]
[#b9afd0 17GiB/35GiB(50%) CN:8 DL:9.1MiB ETA:32m32s]
[#b9afd0 17GiB/35GiB(50%) CN:8 DL:9.0MiB ETA:32m57s]
[#b9afd0 17GiB/35GiB(50%) CN:8 DL:8.9MiB ETA:33m8s]
[#b9afd0 17GiB/35GiB(50%) CN:8 DL:9.0MiB ETA:32m55s]
[#b9afd0 17GiB/35GiB(50%) CN:8 DL:9.0MiB ETA:32m58s]
[#b9afd0 17GiB/35GiB(50%) CN:8 DL:8.7MiB ETA:34m]
[#b9afd0 17GiB/35GiB(50%) CN:8 DL:9.1MiB ETA:32m17s]
[#b9afd0 17GiB/35GiB(50%) CN:8 DL:9.2MiB ETA:32m2s]
[#b9afd0 17GiB/35GiB(50%) CN:8 DL:9.0MiB ETA:32m40s]
[#b9afd0 18GiB/35GiB(50%) CN:8 DL:9.0MiB ETA:32m38s]
[#b9afd0 18GiB/35GiB(50%) CN:8 DL:9.3MiB ETA:31m46s]
[#b9afd0 18GiB/35GiB(50%) CN:8 DL:9.1MiB ETA:32m20s]
[#b9afd0 18GiB/35GiB(50%) CN:8 DL:9.3MiB ETA:31m40s]
[#b9afd0 18GiB/35GiB(51%) CN:8 DL:9.2MiB ETA:31m52s]
[#b9afd0 18GiB/35GiB(51%) CN:8 DL:9.5MiB ETA:30m55s]
[#b9afd0 18GiB/35GiB(51%) CN:8 DL:9.8MiB ETA:30m6s]
[#b9afd0 18GiB/35GiB(51%) CN:8 DL:9.7MiB ETA:30m19s]
[#b9afd0 18GiB/35GiB(51%) CN:8 DL:9.6MiB ETA:30m40s]
[#b9afd0 18GiB/35GiB(51%) CN:8 DL:9.5MiB ETA:31m1s]
[#b9afd0 18GiB/35GiB(51%) CN:8 DL:9.8MiB ETA:30m4s]
[#b9afd0 18GiB/35GiB(51%) CN:8 DL:9.7MiB ETA:30m5s]
[#b9afd0 18GiB/35GiB(51%) CN:8 DL:9.9MiB ETA:29m43s]
[#b9afd0 18GiB/35GiB(51%) CN:8 DL:10MiB ETA:29m7s]
[#b9afd0 18GiB/35GiB(51%) CN:8 DL:9.9MiB ETA:29m29s]
[#b9afd0 18GiB/35GiB(51%) CN:8 DL:9.8MiB ETA:29m42s]
[#b9afd0 18GiB/35GiB(51%) CN:8 DL:9.5MiB ETA:30m49s]
[#b9afd0 18GiB/35GiB(51%) CN:8 DL:9.9MiB ETA:29m30s]
[#b9afd0 18GiB/35GiB(51%) CN:8 DL:10MiB ETA:28m50s]
 *** Download Progress Summary as of Sun Sep 20 13:13:53 2026 *** 
===============================================================================
[#b9afd0 18GiB/35GiB(51%) CN:8 DL:9.7MiB ETA:29m57s]
FILE: urbansarfloods/urban_sar_floods.tar.gz
-------------------------------------------------------------------------------

[#b9afd0 18GiB/35GiB(51%) CN:8 DL:9.7MiB ETA:29m57s]
[#b9afd0 18GiB/35GiB(51%) CN:8 DL:9.8MiB ETA:29m54s]
[#b9afd0 18GiB/35GiB(51%) CN:8 DL:9.7MiB ETA:29m55s]
[#b9afd0 18GiB/35GiB(51%) CN:8 DL:9.7MiB ETA:29m55s]
[#b9afd0 18GiB/35GiB(51%) CN:8 DL:9.6MiB ETA:30m27s]
[#b9afd0 18GiB/35GiB(51%) CN:8 DL:9.5MiB ETA:30m37s]
[#b9afd0 18GiB/35GiB(51%) CN:8 DL:9.6MiB ETA:30m24s]
[#b9afd0 18GiB/35GiB(51%) CN:8 DL:9.5MiB ETA:30m33s]
[#b9afd0 18GiB/35GiB(51%) CN:8 DL:9.6MiB ETA:30m21s]
[#b9afd0 18GiB/35GiB(51%) CN:8 DL:9.7MiB ETA:29m58s]
[#b9afd0 18GiB/35GiB(51%) CN:8 DL:9.7MiB ETA:29m59s]
[#b9afd0 18GiB/35GiB(51%) CN:8 DL:9.4MiB ETA:30m43s]
[#b9afd0 18GiB/35GiB(51%) CN:8 DL:9.4MiB ETA:30m42s]
[#b9afd0 18GiB/35GiB(51%) CN:8 DL:9.3MiB ETA:31m6s]
[#b9afd0 18GiB/35GiB(51%) CN:8 DL:9.3MiB ETA:31m9s]
[#b9afd0 18GiB/35GiB(51%) CN:8 DL:9.3MiB ETA:30m58s]
[#b9afd0 18GiB/35GiB(51%) CN:8 DL:9.3MiB ETA:31m7s]
[#b9afd0 18GiB/35GiB(51%) CN:8 DL:9.1MiB ETA:31m40s]
[#b9afd0 18GiB/35GiB(51%) CN:8 DL:9.0MiB ETA:32m6s]
[#b9afd0 18GiB/35GiB(51%) CN:8 DL:9.3MiB ETA:31m]
[#b9afd0 18GiB/35GiB(51%) CN:8 DL:9.3MiB ETA:31m11s]
[#b9afd0 18GiB/35GiB(51%) CN:8 DL:9.2MiB ETA:31m31s]
[#b9afd0 18GiB/35GiB(51%) CN:8 DL:8.9MiB ETA:32m16s]
[#b9afd0 18GiB/35GiB(52%) CN:8 DL:8.8MiB ETA:32m35s]
[#b9afd0 18GiB/35GiB(52%) CN:8 DL:8.9MiB ETA:32m17s]
[#b9afd0 18GiB/35GiB(52%) CN:8 DL:9.2MiB ETA:31m17s]
[#b9afd0 18GiB/35GiB(52%) CN:8 DL:9.1MiB ETA:31m44s]
[#b9afd0 18GiB/35GiB(52%) CN:8 DL:9.2MiB ETA:31m24s]
[#b9afd0 18GiB/35GiB(52%) CN:8 DL:9.3MiB ETA:30m58s]
[#b9afd0 18GiB/35GiB(52%) CN:8 DL:9.2MiB ETA:31m4s]
[#b9afd0 18GiB/35GiB(52%) CN:8 DL:9.6MiB ETA:30m1s]
[#b9afd0 18GiB/35GiB(52%) CN:8 DL:9.4MiB ETA:30m29s]
[#b9afd0 18GiB/35GiB(52%) CN:8 DL:9.5MiB ETA:30m2s]
[#b9afd0 18GiB/35GiB(52%) CN:8 DL:9.3MiB ETA:30m52s]
[#b9afd0 18GiB/35GiB(52%) CN:8 DL:9.1MiB ETA:31m31s]
[#b9afd0 18GiB/35GiB(52%) CN:8 DL:8.8MiB ETA:32m35s]
[#b9afd0 18GiB/35GiB(52%) CN:8 DL:9.1MiB ETA:31m31s]
[#b9afd0 18GiB/35GiB(52%) CN:8 DL:9.1MiB ETA:31m21s]
[#b9afd0 18GiB/35GiB(52%) CN:8 DL:9.1MiB ETA:31m19s]
[#b9afd0 18GiB/35GiB(52%) CN:8 DL:8.8MiB ETA:32m31s]
[#b9afd0 18GiB/35GiB(52%) CN:8 DL:9.1MiB ETA:31m17s]
[#b9afd0 18GiB/35GiB(52%) CN:8 DL:8.6MiB ETA:33m9s]
[#b9afd0 18GiB/35GiB(52%) CN:8 DL:8.3MiB ETA:34m11s]
[#b9afd0 18GiB/35GiB(52%) CN:8 DL:8.5MiB ETA:33m27s]
[#b9afd0 18GiB/35GiB(52%) CN:8 DL:8.7MiB ETA:32m48s]
[#b9afd0 18GiB/35GiB(52%) CN:8 DL:8.8MiB ETA:32m28s]
[#b9afd0 18GiB/35GiB(52%) CN:8 DL:8.8MiB ETA:32m21s]
[#b9afd0 18GiB/35GiB(52%) CN:8 DL:8.7MiB ETA:32m40s]
[#b9afd0 18GiB/35GiB(52%) CN:8 DL:8.8MiB ETA:32m10s]
[#b9afd0 18GiB/35GiB(52%) CN:8 DL:9.3MiB ETA:30m31s]
[#b9afd0 18GiB/35GiB(52%) CN:8 DL:9.7MiB ETA:29m17s]
[#b9afd0 18GiB/35GiB(52%) CN:8 DL:10MiB ETA:28m8s]
[#b9afd0 18GiB/35GiB(52%) CN:8 DL:9.9MiB ETA:28m39s]
[#b9afd0 18GiB/35GiB(52%) CN:8 DL:9.8MiB ETA:28m52s]
[#b9afd0 18GiB/35GiB(52%) CN:8 DL:9.9MiB ETA:28m38s]
[#b9afd0 18GiB/35GiB(52%) CN:8 DL:9.8MiB ETA:28m49s]
[#b9afd0 18GiB/35GiB(52%) CN:8 DL:10MiB ETA:27m14s]
[#b9afd0 18GiB/35GiB(52%) CN:8 DL:10MiB ETA:27m56s]
[#b9afd0 18GiB/35GiB(52%) CN:8 DL:10MiB ETA:28m19s]
[#b9afd0 18GiB/35GiB(52%) CN:8 DL:9.9MiB ETA:28m28s]
[#b9afd0 18GiB/35GiB(52%) CN:8 DL:10MiB ETA:28m1s]
[#b9afd0 18GiB/35GiB(53%) CN:8 DL:10MiB ETA:27m32s]
[#b9afd0 18GiB/35GiB(53%) CN:8 DL:9.9MiB ETA:28m38s]
[#b9afd0 18GiB/35GiB(53%) CN:8 DL:9.6MiB ETA:29m20s]
[#b9afd0 18GiB/35GiB(53%) CN:8 DL:9.6MiB ETA:29m17s]
[#b9afd0 18GiB/35GiB(53%) CN:8 DL:9.0MiB ETA:31m8s]
[#b9afd0 18GiB/35GiB(53%) CN:8 DL:9.1MiB ETA:31m3s]
[#b9afd0 18GiB/35GiB(53%) CN:8 DL:8.9MiB ETA:31m37s]
[#b9afd0 18GiB/35GiB(53%) CN:8 DL:8.8MiB ETA:31m57s]
[#b9afd0 18GiB/35GiB(53%) CN:8 DL:8.8MiB ETA:31m51s]
[#b9afd0 18GiB/35GiB(53%) CN:8 DL:8.7MiB ETA:32m21s]
[#b9afd0 18GiB/35GiB(53%) CN:8 DL:9.0MiB ETA:31m20s]
[#b9afd0 18GiB/35GiB(53%) CN:8 DL:8.9MiB ETA:31m25s]
[#b9afd0 18GiB/35GiB(53%) CN:8 DL:8.4MiB ETA:33m12s]
[#b9afd0 18GiB/35GiB(53%) CN:8 DL:8.8MiB ETA:31m56s]
[#b9afd0 18GiB/35GiB(53%) CN:8 DL:9.0MiB ETA:31m16s]
[#b9afd0 18GiB/35GiB(53%) CN:8 DL:8.9MiB ETA:31m38s]
[#b9afd0 18GiB/35GiB(53%) CN:8 DL:8.9MiB ETA:31m35s]
[#b9afd0 18GiB/35GiB(53%) CN:8 DL:8.9MiB ETA:31m20s]
[#b9afd0 18GiB/35GiB(53%) CN:8 DL:9.0MiB ETA:31m8s]
[#b9afd0 18GiB/35GiB(53%) CN:8 DL:8.9MiB ETA:31m15s]
[#b9afd0 18GiB/35GiB(53%) CN:8 DL:9.0MiB ETA:30m58s]
[#b9afd0 18GiB/35GiB(53%) CN:8 DL:9.1MiB ETA:30m31s]
[#b9afd0 18GiB/35GiB(53%) CN:8 DL:9.2MiB ETA:30m25s]
[#b9afd0 18GiB/35GiB(53%) CN:8 DL:9.2MiB ETA:30m19s]
[#b9afd0 18GiB/35GiB(53%) CN:8 DL:9.2MiB ETA:30m22s]
[#b9afd0 18GiB/35GiB(53%) CN:8 DL:9.5MiB ETA:29m16s]
[#b9afd0 18GiB/35GiB(53%) CN:8 DL:9.3MiB ETA:29m59s]
[#b9afd0 18GiB/35GiB(53%) CN:8 DL:9.4MiB ETA:29m27s]
[#b9afd0 19GiB/35GiB(53%) CN:8 DL:9.4MiB ETA:29m35s]
[#b9afd0 19GiB/35GiB(53%) CN:8 DL:9.5MiB ETA:29m12s]
[#b9afd0 19GiB/35GiB(53%) CN:8 DL:9.5MiB ETA:29m11s]
[#b9afd0 19GiB/35GiB(53%) CN:8 DL:9.6MiB ETA:28m48s]
[#b9afd0 19GiB/35GiB(53%) CN:8 DL:9.9MiB ETA:28m]
[#b9afd0 19GiB/35GiB(53%) CN:8 DL:9.6MiB ETA:28m58s]
[#b9afd0 19GiB/35GiB(53%) CN:8 DL:9.7MiB ETA:28m37s]
[#b9afd0 19GiB/35GiB(53%) CN:8 DL:9.5MiB ETA:29m7s]
[#b9afd0 19GiB/35GiB(53%) CN:8 DL:9.8MiB ETA:28m21s]
[#b9afd0 19GiB/35GiB(53%) CN:8 DL:9.7MiB ETA:28m27s]
[#b9afd0 19GiB/35GiB(53%) CN:8 DL:9.5MiB ETA:29m1s]
[#b9afd0 19GiB/35GiB(53%) CN:8 DL:9.6MiB ETA:28m42s]
[#b9afd0 19GiB/35GiB(54%) CN:8 DL:9.6MiB ETA:28m54s]
[#b9afd0 19GiB/35GiB(54%) CN:8 DL:9.5MiB ETA:29m2s]
[#b9afd0 19GiB/35GiB(54%) CN:8 DL:9.7MiB ETA:28m27s]
[#b9afd0 19GiB/35GiB(54%) CN:8 DL:9.4MiB ETA:29m19s]
[#b9afd0 19GiB/35GiB(54%) CN:8 DL:9.6MiB ETA:28m49s]
[#b9afd0 19GiB/35GiB(54%) CN:8 DL:9.5MiB ETA:28m58s]
[#b9afd0 19GiB/35GiB(54%) CN:8 DL:9.3MiB ETA:29m29s]
[#b9afd0 19GiB/35GiB(54%) CN:8 DL:9.5MiB ETA:28m52s]
[#b9afd0 19GiB/35GiB(54%) CN:8 DL:9.5MiB ETA:28m54s]
[#b9afd0 19GiB/35GiB(54%) CN:8 DL:9.5MiB ETA:28m56s]
[#b9afd0 19GiB/35GiB(54%) CN:8 DL:9.3MiB ETA:29m22s]
[#b9afd0 19GiB/35GiB(54%) CN:8 DL:9.5MiB ETA:28m53s]
[#b9afd0 19GiB/35GiB(54%) CN:8 DL:9.4MiB ETA:29m6s]
[#b9afd0 19GiB/35GiB(54%) CN:8 DL:9.5MiB ETA:28m54s]
[#b9afd0 19GiB/35GiB(54%) CN:8 DL:9.2MiB ETA:29m45s]
[#b9afd0 19GiB/35GiB(54%) CN:8 DL:9.3MiB ETA:29m30s]
[#b9afd0 19GiB/35GiB(54%) CN:8 DL:9.2MiB ETA:29m47s]
[#b9afd0 19GiB/35GiB(54%) CN:8 DL:9.1MiB ETA:30m10s]
[#b9afd0 19GiB/35GiB(54%) CN:8 DL:9.3MiB ETA:29m21s]
[#b9afd0 19GiB/35GiB(54%) CN:8 DL:9.3MiB ETA:29m29s]
[#b9afd0 19GiB/35GiB(54%) CN:8 DL:8.9MiB ETA:30m36s]
[#b9afd0 19GiB/35GiB(54%) CN:8 DL:9.3MiB ETA:29m24s]
[#b9afd0 19GiB/35GiB(54%) CN:8 DL:9.4MiB ETA:28m58s]
[#b9afd0 19GiB/35GiB(54%) CN:8 DL:9.4MiB ETA:29m1s]
[#b9afd0 19GiB/35GiB(54%) CN:8 DL:9.0MiB ETA:30m21s]
[#b9afd0 19GiB/35GiB(54%) CN:8 DL:9.1MiB ETA:30m2s]
[#b9afd0 19GiB/35GiB(54%) CN:8 DL:8.8MiB ETA:30m52s]
[#b9afd0 19GiB/35GiB(54%) CN:8 DL:9.2MiB ETA:29m37s]
[#b9afd0 19GiB/35GiB(54%) CN:8 DL:8.9MiB ETA:30m35s]
[#b9afd0 19GiB/35GiB(54%) CN:8 DL:8.8MiB ETA:30m57s]
[#b9afd0 19GiB/35GiB(54%) CN:8 DL:8.5MiB ETA:31m46s]
[#b9afd0 19GiB/35GiB(54%) CN:8 DL:8.5MiB ETA:31m52s]
[#b9afd0 19GiB/35GiB(54%) CN:8 DL:8.8MiB ETA:30m55s]
[#b9afd0 19GiB/35GiB(54%) CN:8 DL:9.0MiB ETA:30m9s]
[#b9afd0 19GiB/35GiB(54%) CN:8 DL:8.9MiB ETA:30m33s]
[#b9afd0 19GiB/35GiB(54%) CN:8 DL:8.8MiB ETA:30m53s]
[#b9afd0 19GiB/35GiB(54%) CN:8 DL:9.0MiB ETA:29m57s]
[#b9afd0 19GiB/35GiB(54%) CN:8 DL:9.1MiB ETA:29m43s]
[#b9afd0 19GiB/35GiB(54%) CN:8 DL:9.1MiB ETA:29m32s]
[#b9afd0 19GiB/35GiB(55%) CN:8 DL:9.2MiB ETA:29m15s]
[#b9afd0 19GiB/35GiB(55%) CN:8 DL:9.5MiB ETA:28m28s]
[#b9afd0 19GiB/35GiB(55%) CN:8 DL:9.1MiB ETA:29m29s]
[#b9afd0 19GiB/35GiB(55%) CN:8 DL:9.2MiB ETA:29m21s]
[#b9afd0 19GiB/35GiB(55%) CN:8 DL:9.3MiB ETA:29m6s]
[#b9afd0 19GiB/35GiB(55%) CN:8 DL:9.3MiB ETA:28m51s]
[#b9afd0 19GiB/35GiB(55%) CN:8 DL:9.2MiB ETA:29m20s]
[#b9afd0 19GiB/35GiB(55%) CN:8 DL:8.9MiB ETA:30m6s]
[#b9afd0 19GiB/35GiB(55%) CN:8 DL:8.8MiB ETA:30m32s]
[#b9afd0 19GiB/35GiB(55%) CN:8 DL:9.2MiB ETA:29m21s]
[#b9afd0 19GiB/35GiB(55%) CN:8 DL:8.8MiB ETA:30m34s]
[#b9afd0 19GiB/35GiB(55%) CN:8 DL:8.7MiB ETA:30m49s]
[#b9afd0 19GiB/35GiB(55%) CN:8 DL:8.7MiB ETA:30m43s]
[#b9afd0 19GiB/35GiB(55%) CN:8 DL:8.9MiB ETA:30m]
[#b9afd0 19GiB/35GiB(55%) CN:8 DL:9.0MiB ETA:29m56s]
[#b9afd0 19GiB/35GiB(55%) CN:8 DL:9.0MiB ETA:29m50s]
[#b9afd0 19GiB/35GiB(55%) CN:8 DL:8.7MiB ETA:30m37s]
[#b9afd0 19GiB/35GiB(55%) CN:8 DL:9.0MiB ETA:29m38s]
[#b9afd0 19GiB/35GiB(55%) CN:8 DL:8.9MiB ETA:30m6s]
[#b9afd0 19GiB/35GiB(55%) CN:8 DL:8.6MiB ETA:30m56s]
[#b9afd0 19GiB/35GiB(55%) CN:8 DL:8.7MiB ETA:30m43s]
[#b9afd0 19GiB/35GiB(55%) CN:8 DL:8.7MiB ETA:30m46s]
[#b9afd0 19GiB/35GiB(55%) CN:8 DL:8.5MiB ETA:31m30s]
[#b9afd0 19GiB/35GiB(55%) CN:8 DL:8.1MiB ETA:32m59s]
[#b9afd0 19GiB/35GiB(55%) CN:8 DL:8.3MiB ETA:32m16s]
[#b9afd0 19GiB/35GiB(55%) CN:8 DL:8.4MiB ETA:31m40s]
[#b9afd0 19GiB/35GiB(55%) CN:8 DL:8.0MiB ETA:33m7s]
[#b9afd0 19GiB/35GiB(55%) CN:8 DL:7.8MiB ETA:34m16s]
[#b9afd0 19GiB/35GiB(55%) CN:8 DL:7.7MiB ETA:34m35s]
[#b9afd0 19GiB/35GiB(55%) CN:8 DL:7.6MiB ETA:34m56s]
[#b9afd0 19GiB/35GiB(55%) CN:8 DL:7.7MiB ETA:34m28s]
[#b9afd0 19GiB/35GiB(55%) CN:8 DL:7.7MiB ETA:34m18s]
[#b9afd0 19GiB/35GiB(55%) CN:8 DL:7.8MiB ETA:33m55s]
[#b9afd0 19GiB/35GiB(55%) CN:8 DL:7.8MiB ETA:34m9s]
[#b9afd0 19GiB/35GiB(55%) CN:8 DL:7.8MiB ETA:34m11s]
[#b9afd0 19GiB/35GiB(55%) CN:8 DL:8.3MiB ETA:31m52s]
[#b9afd0 19GiB/35GiB(55%) CN:8 DL:8.4MiB ETA:31m36s]
[#b9afd0 19GiB/35GiB(55%) CN:8 DL:8.4MiB ETA:31m41s]
[#b9afd0 19GiB/35GiB(55%) CN:8 DL:8.6MiB ETA:30m54s]
[#b9afd0 19GiB/35GiB(55%) CN:8 DL:8.6MiB ETA:30m45s]
[#b9afd0 19GiB/35GiB(55%) CN:8 DL:8.8MiB ETA:29m57s]
[#b9afd0 19GiB/35GiB(55%) CN:8 DL:8.9MiB ETA:29m47s]
[#b9afd0 19GiB/35GiB(56%) CN:8 DL:8.9MiB ETA:29m35s]
[#b9afd0 19GiB/35GiB(56%) CN:8 DL:9.0MiB ETA:29m21s]
[#b9afd0 19GiB/35GiB(56%) CN:8 DL:9.0MiB ETA:29m21s]
[#b9afd0 19GiB/35GiB(56%) CN:8 DL:9.1MiB ETA:29m]
[#b9afd0 19GiB/35GiB(56%) CN:8 DL:9.6MiB ETA:27m25s]
[#b9afd0 19GiB/35GiB(56%) CN:8 DL:9.2MiB ETA:28m40s]
[#b9afd0 19GiB/35GiB(56%) CN:8 DL:9.2MiB ETA:28m32s]
[#b9afd0 19GiB/35GiB(56%) CN:8 DL:9.3MiB ETA:28m23s]
[#b9afd0 19GiB/35GiB(56%) CN:8 DL:9.4MiB ETA:28m3s]
[#b9afd0 19GiB/35GiB(56%) CN:8 DL:9.5MiB ETA:27m39s]
[#b9afd0 19GiB/35GiB(56%) CN:8 DL:9.5MiB ETA:27m39s]
[#b9afd0 19GiB/35GiB(56%) CN:8 DL:9.5MiB ETA:27m35s]
[#b9afd0 19GiB/35GiB(56%) CN:8 DL:9.6MiB ETA:27m11s]
[#b9afd0 19GiB/35GiB(56%) CN:8 DL:9.4MiB ETA:27m48s]
[#b9afd0 19GiB/35GiB(56%) CN:8 DL:9.7MiB ETA:27m5s]
[#b9afd0 19GiB/35GiB(56%) CN:8 DL:9.3MiB ETA:28m16s]
[#b9afd0 19GiB/35GiB(56%) CN:8 DL:9.0MiB ETA:29m7s]
[#b9afd0 19GiB/35GiB(56%) CN:8 DL:8.7MiB ETA:30m7s]
[#b9afd0 19GiB/35GiB(56%) CN:8 DL:8.7MiB ETA:30m12s]
[#b9afd0 19GiB/35GiB(56%) CN:8 DL:8.6MiB ETA:30m26s]
[#b9afd0 19GiB/35GiB(56%) CN:8 DL:8.6MiB ETA:30m15s]
[#b9afd0 20GiB/35GiB(56%) CN:8 DL:8.6MiB ETA:30m16s]
[#b9afd0 20GiB/35GiB(56%) CN:8 DL:8.5MiB ETA:30m41s]
[#b9afd0 20GiB/35GiB(56%) CN:8 DL:8.7MiB ETA:29m52s]
[#b9afd0 20GiB/35GiB(56%) CN:8 DL:8.5MiB ETA:30m32s]
[#b9afd0 20GiB/35GiB(56%) CN:8 DL:9.2MiB ETA:28m15s]
[#b9afd0 20GiB/35GiB(56%) CN:8 DL:9.4MiB ETA:27m47s]
[#b9afd0 20GiB/35GiB(56%) CN:8 DL:9.4MiB ETA:27m39s]
[#b9afd0 20GiB/35GiB(56%) CN:8 DL:9.3MiB ETA:27m51s]
[#b9afd0 20GiB/35GiB(56%) CN:8 DL:9.5MiB ETA:27m26s]
[#b9afd0 20GiB/35GiB(56%) CN:8 DL:9.5MiB ETA:27m18s]
[#b9afd0 20GiB/35GiB(56%) CN:8 DL:9.4MiB ETA:27m27s]
[#b9afd0 20GiB/35GiB(56%) CN:8 DL:9.2MiB ETA:28m9s]
[#b9afd0 20GiB/35GiB(56%) CN:8 DL:9.1MiB ETA:28m21s]
[#b9afd0 20GiB/35GiB(56%) CN:8 DL:8.9MiB ETA:29m9s]
[#b9afd0 20GiB/35GiB(56%) CN:8 DL:8.9MiB ETA:29m1s]
[#b9afd0 20GiB/35GiB(56%) CN:8 DL:8.6MiB ETA:29m57s]
[#b9afd0 20GiB/35GiB(56%) CN:8 DL:8.7MiB ETA:29m38s]
[#b9afd0 20GiB/35GiB(56%) CN:8 DL:8.2MiB ETA:31m23s]
[#b9afd0 20GiB/35GiB(56%) CN:8 DL:8.3MiB ETA:31m3s]
[#b9afd0 20GiB/35GiB(57%) CN:8 DL:8.1MiB ETA:31m40s]
[#b9afd0 20GiB/35GiB(57%) CN:8 DL:8.2MiB ETA:31m20s]
[#b9afd0 20GiB/35GiB(57%) CN:8 DL:8.3MiB ETA:31m7s]
[#b9afd0 20GiB/35GiB(57%) CN:8 DL:8.4MiB ETA:30m49s]
[#b9afd0 20GiB/35GiB(57%) CN:8 DL:8.6MiB ETA:29m57s]
[#b9afd0 20GiB/35GiB(57%) CN:8 DL:8.5MiB ETA:30m25s]
[#b9afd0 20GiB/35GiB(57%) CN:8 DL:8.7MiB ETA:29m29s]
[#b9afd0 20GiB/35GiB(57%) CN:8 DL:9.0MiB ETA:28m41s]
[#b9afd0 20GiB/35GiB(57%) CN:8 DL:8.8MiB ETA:29m17s]
[#b9afd0 20GiB/35GiB(57%) CN:8 DL:8.5MiB ETA:30m3s]
[#b9afd0 20GiB/35GiB(57%) CN:8 DL:8.8MiB ETA:29m4s]
[#b9afd0 20GiB/35GiB(57%) CN:8 DL:8.8MiB ETA:29m2s]
[#b9afd0 20GiB/35GiB(57%) CN:8 DL:8.8MiB ETA:29m10s]
[#b9afd0 20GiB/35GiB(57%) CN:8 DL:8.7MiB ETA:29m22s]
[#b9afd0 20GiB/35GiB(57%) CN:8 DL:8.7MiB ETA:29m17s]
[#b9afd0 20GiB/35GiB(57%) CN:8 DL:8.6MiB ETA:29m54s]
[#b9afd0 20GiB/35GiB(57%) CN:8 DL:8.7MiB ETA:29m16s]
[#b9afd0 20GiB/35GiB(57%) CN:8 DL:8.9MiB ETA:28m38s]
[#b9afd0 20GiB/35GiB(57%) CN:8 DL:9.0MiB ETA:28m29s]
[#b9afd0 20GiB/35GiB(57%) CN:8 DL:9.1MiB ETA:28m10s]
[#b9afd0 20GiB/35GiB(57%) CN:8 DL:8.8MiB ETA:28m52s]
[#b9afd0 20GiB/35GiB(57%) CN:8 DL:8.9MiB ETA:28m33s]
[#b9afd0 20GiB/35GiB(57%) CN:8 DL:9.2MiB ETA:27m51s]
[#b9afd0 20GiB/35GiB(57%) CN:8 DL:9.1MiB ETA:27m52s]
[#b9afd0 20GiB/35GiB(57%) CN:8 DL:9.2MiB ETA:27m42s]
[#b9afd0 20GiB/35GiB(57%) CN:8 DL:9.1MiB ETA:28m]
[#b9afd0 20GiB/35GiB(57%) CN:8 DL:9.2MiB ETA:27m43s]
[#b9afd0 20GiB/35GiB(57%) CN:8 DL:9.6MiB ETA:26m23s]
[#b9afd0 20GiB/35GiB(57%) CN:8 DL:9.3MiB ETA:27m25s]
[#b9afd0 20GiB/35GiB(57%) CN:8 DL:9.1MiB ETA:27m55s]
[#b9afd0 20GiB/35GiB(57%) CN:8 DL:9.2MiB ETA:27m26s]
[#b9afd0 20GiB/35GiB(57%) CN:8 DL:9.2MiB ETA:27m39s]
[#b9afd0 20GiB/35GiB(57%) CN:8 DL:9.2MiB ETA:27m35s]
[#b9afd0 20GiB/35GiB(57%) CN:8 DL:9.2MiB ETA:27m38s]
[#b9afd0 20GiB/35GiB(57%) CN:8 DL:9.1MiB ETA:27m41s]
[#b9afd0 20GiB/35GiB(57%) CN:8 DL:9.1MiB ETA:27m40s]
[#b9afd0 20GiB/35GiB(57%) CN:8 DL:8.9MiB ETA:28m17s]
[#b9afd0 20GiB/35GiB(57%) CN:8 DL:9.3MiB ETA:27m14s]
[#b9afd0 20GiB/35GiB(57%) CN:8 DL:9.6MiB ETA:26m24s]
[#b9afd0 20GiB/35GiB(57%) CN:8 DL:9.3MiB ETA:27m1s]
[#b9afd0 20GiB/35GiB(58%) CN:8 DL:9.2MiB ETA:27m20s]
[#b9afd0 20GiB/35GiB(58%) CN:8 DL:9.4MiB ETA:26m54s]
[#b9afd0 20GiB/35GiB(58%) CN:8 DL:9.5MiB ETA:26m31s]
[#b9afd0 20GiB/35GiB(58%) CN:8 DL:9.5MiB ETA:26m24s]
[#b9afd0 20GiB/35GiB(58%) CN:8 DL:9.7MiB ETA:26m2s]
[#b9afd0 20GiB/35GiB(58%) CN:8 DL:9.6MiB ETA:26m12s]
[#b9afd0 20GiB/35GiB(58%) CN:8 DL:9.4MiB ETA:26m45s]
[#b9afd0 20GiB/35GiB(58%) CN:8 DL:9.3MiB ETA:26m54s]
[#b9afd0 20GiB/35GiB(58%) CN:8 DL:9.5MiB ETA:26m32s]
[#b9afd0 20GiB/35GiB(58%) CN:8 DL:9.2MiB ETA:27m21s]
[#b9afd0 20GiB/35GiB(58%) CN:8 DL:9.0MiB ETA:27m46s]
[#b9afd0 20GiB/35GiB(58%) CN:8 DL:8.9MiB ETA:28m]
[#b9afd0 20GiB/35GiB(58%) CN:8 DL:8.8MiB ETA:28m22s]
[#b9afd0 20GiB/35GiB(58%) CN:8 DL:8.3MiB ETA:30m5s]
[#b9afd0 20GiB/35GiB(58%) CN:8 DL:8.3MiB ETA:30m3s]
[#b9afd0 20GiB/35GiB(58%) CN:8 DL:8.5MiB ETA:29m23s]
[#b9afd0 20GiB/35GiB(58%) CN:8 DL:8.8MiB ETA:28m25s]
[#b9afd0 20GiB/35GiB(58%) CN:8 DL:8.9MiB ETA:27m58s]
[#b9afd0 20GiB/35GiB(58%) CN:8 DL:9.1MiB ETA:27m31s]
[#b9afd0 20GiB/35GiB(58%) CN:8 DL:9.4MiB ETA:26m37s]
[#b9afd0 20GiB/35GiB(58%) CN:8 DL:9.2MiB ETA:27m7s]
[#b9afd0 20GiB/35GiB(58%) CN:8 DL:9.2MiB ETA:26m55s]
[#b9afd0 20GiB/35GiB(58%) CN:8 DL:9.2MiB ETA:26m59s]
[#b9afd0 20GiB/35GiB(58%) CN:8 DL:9.4MiB ETA:26m32s]
[#b9afd0 20GiB/35GiB(58%) CN:8 DL:9.3MiB ETA:26m38s]
[#b9afd0 20GiB/35GiB(58%) CN:8 DL:9.3MiB ETA:26m38s]
[#b9afd0 20GiB/35GiB(58%) CN:8 DL:9.2MiB ETA:26m50s]
[#b9afd0 20GiB/35GiB(58%) CN:8 DL:9.0MiB ETA:27m24s]
[#b9afd0 20GiB/35GiB(58%) CN:8 DL:8.9MiB ETA:27m44s]
[#b9afd0 20GiB/35GiB(58%) CN:8 DL:9.0MiB ETA:27m33s]
[#b9afd0 20GiB/35GiB(58%) CN:8 DL:8.8MiB ETA:28m1s]
[#b9afd0 20GiB/35GiB(58%) CN:8 DL:8.7MiB ETA:28m20s]
[#b9afd0 20GiB/35GiB(58%) CN:8 DL:8.7MiB ETA:28m23s]
[#b9afd0 20GiB/35GiB(58%) CN:8 DL:8.9MiB ETA:27m41s]
[#b9afd0 20GiB/35GiB(58%) CN:8 DL:8.9MiB ETA:27m39s]
[#b9afd0 20GiB/35GiB(58%) CN:8 DL:8.7MiB ETA:28m26s]
[#b9afd0 20GiB/35GiB(58%) CN:8 DL:9.0MiB ETA:27m19s]
[#b9afd0 20GiB/35GiB(58%) CN:8 DL:9.2MiB ETA:26m53s]
[#b9afd0 20GiB/35GiB(58%) CN:8 DL:9.2MiB ETA:26m44s]
 *** Download Progress Summary as of Sun Sep 20 13:18:54 2026 *** 
===============================================================================
[#b9afd0 20GiB/35GiB(58%) CN:8 DL:9.3MiB ETA:26m29s]
FILE: urbansarfloods/urban_sar_floods.tar.gz
-------------------------------------------------------------------------------

[#b9afd0 20GiB/35GiB(58%) CN:8 DL:9.3MiB ETA:26m29s]
[#b9afd0 20GiB/35GiB(59%) CN:8 DL:9.6MiB ETA:25m34s]
[#b9afd0 20GiB/35GiB(59%) CN:8 DL:9.5MiB ETA:25m48s]
[#b9afd0 20GiB/35GiB(59%) CN:8 DL:9.3MiB ETA:26m19s]
[#b9afd0 20GiB/35GiB(59%) CN:8 DL:9.5MiB ETA:25m49s]
[#b9afd0 20GiB/35GiB(59%) CN:8 DL:9.5MiB ETA:25m51s]
[#b9afd0 20GiB/35GiB(59%) CN:8 DL:9.7MiB ETA:25m17s]
[#b9afd0 20GiB/35GiB(59%) CN:8 DL:9.6MiB ETA:25m38s]
[#b9afd0 20GiB/35GiB(59%) CN:8 DL:9.8MiB ETA:25m3s]
[#b9afd0 20GiB/35GiB(59%) CN:8 DL:9.5MiB ETA:25m43s]
[#b9afd0 20GiB/35GiB(59%) CN:8 DL:9.6MiB ETA:25m27s]
[#b9afd0 20GiB/35GiB(59%) CN:8 DL:9.9MiB ETA:24m48s]
[#b9afd0 20GiB/35GiB(59%) CN:8 DL:9.6MiB ETA:25m23s]
[#b9afd0 20GiB/35GiB(59%) CN:8 DL:9.7MiB ETA:25m13s]
[#b9afd0 21GiB/35GiB(59%) CN:8 DL:9.8MiB ETA:24m55s]
[#b9afd0 21GiB/35GiB(59%) CN:8 DL:9.6MiB ETA:25m20s]
[#b9afd0 21GiB/35GiB(59%) CN:8 DL:9.7MiB ETA:25m]
[#b9afd0 21GiB/35GiB(59%) CN:8 DL:9.7MiB ETA:25m14s]
[#b9afd0 21GiB/35GiB(59%) CN:8 DL:9.7MiB ETA:25m9s]
[#b9afd0 21GiB/35GiB(59%) CN:8 DL:9.7MiB ETA:25m10s]
[#b9afd0 21GiB/35GiB(59%) CN:8 DL:9.5MiB ETA:25m32s]
[#b9afd0 21GiB/35GiB(59%) CN:8 DL:9.7MiB ETA:24m58s]
[#b9afd0 21GiB/35GiB(59%) CN:8 DL:9.8MiB ETA:24m45s]
[#b9afd0 21GiB/35GiB(59%) CN:8 DL:9.4MiB ETA:25m54s]
[#b9afd0 21GiB/35GiB(59%) CN:8 DL:9.5MiB ETA:25m32s]
[#b9afd0 21GiB/35GiB(59%) CN:8 DL:9.5MiB ETA:25m26s]
[#b9afd0 21GiB/35GiB(59%) CN:8 DL:9.4MiB ETA:25m39s]
[#b9afd0 21GiB/35GiB(59%) CN:8 DL:9.3MiB ETA:25m56s]
[#b9afd0 21GiB/35GiB(59%) CN:8 DL:9.3MiB ETA:25m56s]
[#b9afd0 21GiB/35GiB(59%) CN:8 DL:9.5MiB ETA:25m32s]
[#b9afd0 21GiB/35GiB(59%) CN:8 DL:9.6MiB ETA:25m8s]
[#b9afd0 21GiB/35GiB(59%) CN:8 DL:9.6MiB ETA:25m1s]
[#b9afd0 21GiB/35GiB(59%) CN:8 DL:9.9MiB ETA:24m24s]
[#b9afd0 21GiB/35GiB(59%) CN:8 DL:9.5MiB ETA:25m29s]
[#b9afd0 21GiB/35GiB(59%) CN:8 DL:9.6MiB ETA:24m58s]
[#b9afd0 21GiB/35GiB(59%) CN:8 DL:9.7MiB ETA:24m49s]
[#b9afd0 21GiB/35GiB(59%) CN:8 DL:9.7MiB ETA:24m54s]
[#b9afd0 21GiB/35GiB(59%) CN:8 DL:9.6MiB ETA:24m56s]
[#b9afd0 21GiB/35GiB(59%) CN:8 DL:9.6MiB ETA:24m57s]
[#b9afd0 21GiB/35GiB(60%) CN:8 DL:9.5MiB ETA:25m17s]
[#b9afd0 21GiB/35GiB(60%) CN:8 DL:9.6MiB ETA:25m4s]
[#b9afd0 21GiB/35GiB(60%) CN:8 DL:9.5MiB ETA:25m9s]
[#b9afd0 21GiB/35GiB(60%) CN:8 DL:9.9MiB ETA:24m13s]
[#b9afd0 21GiB/35GiB(60%) CN:8 DL:9.5MiB ETA:25m9s]
[#b9afd0 21GiB/35GiB(60%) CN:8 DL:9.5MiB ETA:25m7s]
[#b9afd0 21GiB/35GiB(60%) CN:8 DL:9.3MiB ETA:25m36s]
[#b9afd0 21GiB/35GiB(60%) CN:8 DL:9.4MiB ETA:25m30s]
[#b9afd0 21GiB/35GiB(60%) CN:8 DL:9.6MiB ETA:24m59s]
[#b9afd0 21GiB/35GiB(60%) CN:8 DL:9.6MiB ETA:24m58s]
[#b9afd0 21GiB/35GiB(60%) CN:8 DL:9.3MiB ETA:25m41s]
[#b9afd0 21GiB/35GiB(60%) CN:8 DL:9.7MiB ETA:24m36s]
[#b9afd0 21GiB/35GiB(60%) CN:8 DL:9.4MiB ETA:25m20s]
[#b9afd0 21GiB/35GiB(60%) CN:8 DL:9.8MiB ETA:24m20s]
[#b9afd0 21GiB/35GiB(60%) CN:8 DL:9.5MiB ETA:24m55s]
[#b9afd0 21GiB/35GiB(60%) CN:8 DL:9.5MiB ETA:24m59s]
[#b9afd0 21GiB/35GiB(60%) CN:8 DL:9.5MiB ETA:25m7s]
[#b9afd0 21GiB/35GiB(60%) CN:8 DL:9.4MiB ETA:25m21s]
[#b9afd0 21GiB/35GiB(60%) CN:8 DL:9.0MiB ETA:26m13s]
[#b9afd0 21GiB/35GiB(60%) CN:8 DL:9.3MiB ETA:25m33s]
[#b9afd0 21GiB/35GiB(60%) CN:8 DL:9.1MiB ETA:25m59s]
[#b9afd0 21GiB/35GiB(60%) CN:8 DL:9.0MiB ETA:26m15s]
[#b9afd0 21GiB/35GiB(60%) CN:8 DL:8.9MiB ETA:26m26s]
[#b9afd0 21GiB/35GiB(60%) CN:8 DL:9.5MiB ETA:24m49s]
[#b9afd0 21GiB/35GiB(60%) CN:8 DL:9.3MiB ETA:25m28s]
[#b9afd0 21GiB/35GiB(60%) CN:8 DL:9.1MiB ETA:25m54s]
[#b9afd0 21GiB/35GiB(60%) CN:8 DL:9.1MiB ETA:25m51s]
[#b9afd0 21GiB/35GiB(60%) CN:8 DL:9.1MiB ETA:25m48s]
[#b9afd0 21GiB/35GiB(60%) CN:8 DL:9.4MiB ETA:25m2s]
[#b9afd0 21GiB/35GiB(60%) CN:8 DL:9.3MiB ETA:25m19s]
[#b9afd0 21GiB/35GiB(60%) CN:8 DL:9.2MiB ETA:25m40s]
[#b9afd0 21GiB/35GiB(60%) CN:8 DL:9.3MiB ETA:25m18s]
[#b9afd0 21GiB/35GiB(60%) CN:8 DL:9.6MiB ETA:24m33s]
[#b9afd0 21GiB/35GiB(60%) CN:8 DL:9.3MiB ETA:25m14s]
[#b9afd0 21GiB/35GiB(60%) CN:8 DL:9.5MiB ETA:24m36s]
[#b9afd0 21GiB/35GiB(60%) CN:8 DL:9.5MiB ETA:24m37s]
[#b9afd0 21GiB/35GiB(60%) CN:8 DL:9.4MiB ETA:24m51s]
[#b9afd0 21GiB/35GiB(60%) CN:8 DL:9.6MiB ETA:24m25s]
[#b9afd0 21GiB/35GiB(61%) CN:8 DL:9.5MiB ETA:24m43s]
[#b9afd0 21GiB/35GiB(61%) CN:8 DL:9.5MiB ETA:24m31s]
[#b9afd0 21GiB/35GiB(61%) CN:8 DL:9.6MiB ETA:24m15s]
[#b9afd0 21GiB/35GiB(61%) CN:8 DL:9.3MiB ETA:25m1s]
[#b9afd0 21GiB/35GiB(61%) CN:8 DL:9.2MiB ETA:25m15s]
[#b9afd0 21GiB/35GiB(61%) CN:8 DL:9.2MiB ETA:25m24s]
[#b9afd0 21GiB/35GiB(61%) CN:8 DL:9.7MiB ETA:24m4s]
[#b9afd0 21GiB/35GiB(61%) CN:8 DL:9.5MiB ETA:24m28s]
[#b9afd0 21GiB/35GiB(61%) CN:8 DL:8.9MiB ETA:26m7s]
[#b9afd0 21GiB/35GiB(61%) CN:8 DL:9.2MiB ETA:25m16s]
[#b9afd0 21GiB/35GiB(61%) CN:8 DL:9.1MiB ETA:25m36s]
[#b9afd0 21GiB/35GiB(61%) CN:8 DL:8.8MiB ETA:26m27s]
[#b9afd0 21GiB/35GiB(61%) CN:8 DL:8.5MiB ETA:27m17s]
[#b9afd0 21GiB/35GiB(61%) CN:8 DL:8.6MiB ETA:27m1s]
[#b9afd0 21GiB/35GiB(61%) CN:8 DL:8.8MiB ETA:26m22s]
[#b9afd0 21GiB/35GiB(61%) CN:8 DL:8.7MiB ETA:26m41s]
[#b9afd0 21GiB/35GiB(61%) CN:8 DL:8.2MiB ETA:28m11s]
[#b9afd0 21GiB/35GiB(61%) CN:8 DL:8.5MiB ETA:27m10s]
[#b9afd0 21GiB/35GiB(61%) CN:8 DL:8.4MiB ETA:27m25s]
[#b9afd0 21GiB/35GiB(61%) CN:8 DL:8.4MiB ETA:27m32s]
[#b9afd0 21GiB/35GiB(61%) CN:8 DL:8.3MiB ETA:27m51s]
[#b9afd0 21GiB/35GiB(61%) CN:8 DL:8.8MiB ETA:26m16s]
[#b9afd0 21GiB/35GiB(61%) CN:8 DL:8.7MiB ETA:26m32s]
[#b9afd0 21GiB/35GiB(61%) CN:8 DL:8.7MiB ETA:26m29s]
[#b9afd0 21GiB/35GiB(61%) CN:8 DL:8.9MiB ETA:26m2s]
[#b9afd0 21GiB/35GiB(61%) CN:8 DL:9.1MiB ETA:25m23s]
[#b9afd0 21GiB/35GiB(61%) CN:8 DL:9.1MiB ETA:25m18s]
[#b9afd0 21GiB/35GiB(61%) CN:8 DL:9.2MiB ETA:25m2s]
[#b9afd0 21GiB/35GiB(61%) CN:8 DL:9.3MiB ETA:24m38s]
[#b9afd0 21GiB/35GiB(61%) CN:8 DL:9.0MiB ETA:25m31s]
[#b9afd0 21GiB/35GiB(61%) CN:8 DL:9.0MiB ETA:25m33s]
[#b9afd0 21GiB/35GiB(61%) CN:8 DL:9.0MiB ETA:25m22s]
[#b9afd0 21GiB/35GiB(61%) CN:8 DL:8.8MiB ETA:26m1s]
[#b9afd0 21GiB/35GiB(61%) CN:8 DL:8.9MiB ETA:25m37s]
[#b9afd0 21GiB/35GiB(61%) CN:8 DL:8.8MiB ETA:26m1s]
[#b9afd0 21GiB/35GiB(61%) CN:8 DL:8.7MiB ETA:26m14s]
[#b9afd0 21GiB/35GiB(61%) CN:8 DL:8.6MiB ETA:26m39s]
[#b9afd0 21GiB/35GiB(61%) CN:8 DL:8.5MiB ETA:27m1s]
[#b9afd0 21GiB/35GiB(61%) CN:8 DL:8.9MiB ETA:25m40s]
[#b9afd0 21GiB/35GiB(61%) CN:8 DL:8.7MiB ETA:26m19s]
[#b9afd0 21GiB/35GiB(61%) CN:8 DL:8.6MiB ETA:26m32s]
[#b9afd0 21GiB/35GiB(62%) CN:8 DL:8.9MiB ETA:25m40s]
[#b9afd0 21GiB/35GiB(62%) CN:8 DL:8.8MiB ETA:25m50s]
[#b9afd0 21GiB/35GiB(62%) CN:8 DL:9.2MiB ETA:24m45s]
[#b9afd0 21GiB/35GiB(62%) CN:8 DL:9.0MiB ETA:25m10s]
[#b9afd0 21GiB/35GiB(62%) CN:8 DL:9.4MiB ETA:24m4s]
[#b9afd0 21GiB/35GiB(62%) CN:8 DL:9.5MiB ETA:24m2s]
[#b9afd0 22GiB/35GiB(62%) CN:8 DL:9.4MiB ETA:24m5s]
[#b9afd0 22GiB/35GiB(62%) CN:8 DL:9.7MiB ETA:23m19s]
[#b9afd0 22GiB/35GiB(62%) CN:8 DL:9.5MiB ETA:24m]
[#b9afd0 22GiB/35GiB(62%) CN:8 DL:9.5MiB ETA:23m58s]
[#b9afd0 22GiB/35GiB(62%) CN:8 DL:9.5MiB ETA:23m56s]
[#b9afd0 22GiB/35GiB(62%) CN:8 DL:9.2MiB ETA:24m39s]
[#b9afd0 22GiB/35GiB(62%) CN:8 DL:9.2MiB ETA:24m35s]
[#b9afd0 22GiB/35GiB(62%) CN:8 DL:9.3MiB ETA:24m22s]
[#b9afd0 22GiB/35GiB(62%) CN:8 DL:8.9MiB ETA:25m16s]
[#b9afd0 22GiB/35GiB(62%) CN:8 DL:8.9MiB ETA:25m26s]
[#b9afd0 22GiB/35GiB(62%) CN:8 DL:9.0MiB ETA:25m11s]
[#b9afd0 22GiB/35GiB(62%) CN:8 DL:9.2MiB ETA:24m24s]
[#b9afd0 22GiB/35GiB(62%) CN:8 DL:9.2MiB ETA:24m36s]
[#b9afd0 22GiB/35GiB(62%) CN:8 DL:8.9MiB ETA:25m13s]
[#b9afd0 22GiB/35GiB(62%) CN:8 DL:8.6MiB ETA:26m2s]
[#b9afd0 22GiB/35GiB(62%) CN:8 DL:8.8MiB ETA:25m24s]
[#b9afd0 22GiB/35GiB(62%) CN:8 DL:8.6MiB ETA:26m11s]
[#b9afd0 22GiB/35GiB(62%) CN:8 DL:8.6MiB ETA:26m]
[#b9afd0 22GiB/35GiB(62%) CN:8 DL:8.4MiB ETA:26m39s]
[#b9afd0 22GiB/35GiB(62%) CN:8 DL:8.6MiB ETA:26m11s]
[#b9afd0 22GiB/35GiB(62%) CN:8 DL:8.3MiB ETA:27m]
[#b9afd0 22GiB/35GiB(62%) CN:8 DL:8.4MiB ETA:26m38s]
[#b9afd0 22GiB/35GiB(62%) CN:8 DL:8.8MiB ETA:25m23s]
[#b9afd0 22GiB/35GiB(62%) CN:8 DL:8.8MiB ETA:25m27s]
[#b9afd0 22GiB/35GiB(62%) CN:8 DL:8.6MiB ETA:25m54s]
[#b9afd0 22GiB/35GiB(62%) CN:8 DL:8.6MiB ETA:25m59s]
[#b9afd0 22GiB/35GiB(62%) CN:8 DL:8.9MiB ETA:25m7s]
[#b9afd0 22GiB/35GiB(62%) CN:8 DL:8.6MiB ETA:25m55s]
[#b9afd0 22GiB/35GiB(62%) CN:8 DL:8.6MiB ETA:25m48s]
[#b9afd0 22GiB/35GiB(62%) CN:8 DL:8.7MiB ETA:25m35s]
[#b9afd0 22GiB/35GiB(62%) CN:8 DL:8.7MiB ETA:25m37s]
[#b9afd0 22GiB/35GiB(62%) CN:8 DL:8.6MiB ETA:25m45s]
[#b9afd0 22GiB/35GiB(62%) CN:8 DL:8.8MiB ETA:25m10s]
[#b9afd0 22GiB/35GiB(62%) CN:8 DL:8.5MiB ETA:26m]
[#b9afd0 22GiB/35GiB(63%) CN:8 DL:8.7MiB ETA:25m32s]
[#b9afd0 22GiB/35GiB(63%) CN:8 DL:8.8MiB ETA:25m8s]
[#b9afd0 22GiB/35GiB(63%) CN:8 DL:9.0MiB ETA:24m45s]
[#b9afd0 22GiB/35GiB(63%) CN:8 DL:9.2MiB ETA:24m2s]
[#b9afd0 22GiB/35GiB(63%) CN:8 DL:8.9MiB ETA:24m52s]
[#b9afd0 22GiB/35GiB(63%) CN:8 DL:8.9MiB ETA:24m47s]
[#b9afd0 22GiB/35GiB(63%) CN:8 DL:8.9MiB ETA:24m49s]
[#b9afd0 22GiB/35GiB(63%) CN:8 DL:8.7MiB ETA:25m16s]
[#b9afd0 22GiB/35GiB(63%) CN:8 DL:9.2MiB ETA:24m]
[#b9afd0 22GiB/35GiB(63%) CN:8 DL:8.9MiB ETA:24m42s]
[#b9afd0 22GiB/35GiB(63%) CN:8 DL:8.8MiB ETA:25m7s]
[#b9afd0 22GiB/35GiB(63%) CN:8 DL:8.6MiB ETA:25m43s]
[#b9afd0 22GiB/35GiB(63%) CN:8 DL:8.6MiB ETA:25m33s]
[#b9afd0 22GiB/35GiB(63%) CN:8 DL:8.4MiB ETA:26m4s]
[#b9afd0 22GiB/35GiB(63%) CN:8 DL:8.4MiB ETA:26m10s]
[#b9afd0 22GiB/35GiB(63%) CN:8 DL:8.4MiB ETA:26m4s]
[#b9afd0 22GiB/35GiB(63%) CN:8 DL:8.5MiB ETA:25m47s]
[#b9afd0 22GiB/35GiB(63%) CN:8 DL:8.2MiB ETA:26m42s]
[#b9afd0 22GiB/35GiB(63%) CN:8 DL:8.4MiB ETA:26m10s]
[#b9afd0 22GiB/35GiB(63%) CN:8 DL:8.3MiB ETA:26m20s]
[#b9afd0 22GiB/35GiB(63%) CN:8 DL:8.2MiB ETA:26m47s]
[#b9afd0 22GiB/35GiB(63%) CN:8 DL:8.5MiB ETA:25m54s]
[#b9afd0 22GiB/35GiB(63%) CN:8 DL:8.6MiB ETA:25m24s]
[#b9afd0 22GiB/35GiB(63%) CN:8 DL:8.4MiB ETA:26m1s]
[#b9afd0 22GiB/35GiB(63%) CN:8 DL:8.4MiB ETA:25m52s]
[#b9afd0 22GiB/35GiB(63%) CN:8 DL:8.4MiB ETA:26m]
[#b9afd0 22GiB/35GiB(63%) CN:8 DL:8.4MiB ETA:25m58s]
[#b9afd0 22GiB/35GiB(63%) CN:8 DL:8.7MiB ETA:25m3s]
[#b9afd0 22GiB/35GiB(63%) CN:8 DL:8.8MiB ETA:24m48s]
[#b9afd0 22GiB/35GiB(63%) CN:8 DL:8.9MiB ETA:24m25s]
[#b9afd0 22GiB/35GiB(63%) CN:8 DL:8.4MiB ETA:25m54s]
[#b9afd0 22GiB/35GiB(63%) CN:8 DL:8.4MiB ETA:25m51s]
[#b9afd0 22GiB/35GiB(63%) CN:8 DL:8.7MiB ETA:24m51s]
[#b9afd0 22GiB/35GiB(63%) CN:8 DL:8.5MiB ETA:25m26s]
[#b9afd0 22GiB/35GiB(63%) CN:8 DL:8.8MiB ETA:24m47s]
[#b9afd0 22GiB/35GiB(63%) CN:8 DL:8.7MiB ETA:24m54s]
[#b9afd0 22GiB/35GiB(63%) CN:8 DL:8.8MiB ETA:24m31s]
[#b9afd0 22GiB/35GiB(63%) CN:8 DL:8.7MiB ETA:24m54s]
[#b9afd0 22GiB/35GiB(63%) CN:8 DL:8.6MiB ETA:25m9s]
[#b9afd0 22GiB/35GiB(63%) CN:8 DL:8.8MiB ETA:24m36s]
[#b9afd0 22GiB/35GiB(63%) CN:8 DL:9.0MiB ETA:23m57s]
[#b9afd0 22GiB/35GiB(64%) CN:8 DL:8.9MiB ETA:24m20s]
[#b9afd0 22GiB/35GiB(64%) CN:8 DL:8.9MiB ETA:24m22s]
[#b9afd0 22GiB/35GiB(64%) CN:8 DL:9.1MiB ETA:23m40s]
[#b9afd0 22GiB/35GiB(64%) CN:8 DL:9.2MiB ETA:23m24s]
[#b9afd0 22GiB/35GiB(64%) CN:8 DL:9.4MiB ETA:22m56s]
[#b9afd0 22GiB/35GiB(64%) CN:8 DL:9.5MiB ETA:22m38s]
[#b9afd0 22GiB/35GiB(64%) CN:8 DL:9.1MiB ETA:23m36s]
[#b9afd0 22GiB/35GiB(64%) CN:8 DL:8.9MiB ETA:24m14s]
[#b9afd0 22GiB/35GiB(64%) CN:8 DL:8.4MiB ETA:25m40s]
[#b9afd0 22GiB/35GiB(64%) CN:8 DL:8.7MiB ETA:24m47s]
[#b9afd0 22GiB/35GiB(64%) CN:8 DL:8.5MiB ETA:25m12s]
[#b9afd0 22GiB/35GiB(64%) CN:8 DL:8.5MiB ETA:25m18s]
[#b9afd0 22GiB/35GiB(64%) CN:8 DL:7.8MiB ETA:27m26s]
[#b9afd0 22GiB/35GiB(64%) CN:8 DL:7.9MiB ETA:27m13s]
[#b9afd0 22GiB/35GiB(64%) CN:8 DL:7.7MiB ETA:27m36s]
[#b9afd0 22GiB/35GiB(64%) CN:8 DL:8.0MiB ETA:26m51s]
[#b9afd0 22GiB/35GiB(64%) CN:8 DL:8.3MiB ETA:25m47s]
[#b9afd0 22GiB/35GiB(64%) CN:8 DL:8.3MiB ETA:25m50s]
[#b9afd0 22GiB/35GiB(64%) CN:8 DL:8.4MiB ETA:25m27s]
[#b9afd0 22GiB/35GiB(64%) CN:8 DL:8.8MiB ETA:24m16s]
[#b9afd0 22GiB/35GiB(64%) CN:8 DL:8.8MiB ETA:24m9s]
[#b9afd0 22GiB/35GiB(64%) CN:8 DL:8.7MiB ETA:24m37s]
[#b9afd0 22GiB/35GiB(64%) CN:8 DL:8.9MiB ETA:23m51s]
[#b9afd0 22GiB/35GiB(64%) CN:8 DL:9.2MiB ETA:23m12s]
[#b9afd0 22GiB/35GiB(64%) CN:8 DL:9.2MiB ETA:22m59s]
[#b9afd0 22GiB/35GiB(64%) CN:8 DL:8.9MiB ETA:23m53s]
[#b9afd0 22GiB/35GiB(64%) CN:8 DL:8.5MiB ETA:24m52s]
[#b9afd0 22GiB/35GiB(64%) CN:8 DL:9.2MiB ETA:23m10s]
[#b9afd0 22GiB/35GiB(64%) CN:8 DL:9.0MiB ETA:23m39s]
[#b9afd0 22GiB/35GiB(64%) CN:8 DL:8.8MiB ETA:24m8s]
[#b9afd0 22GiB/35GiB(64%) CN:8 DL:8.6MiB ETA:24m29s]
[#b9afd0 22GiB/35GiB(64%) CN:8 DL:8.6MiB ETA:24m34s]
[#b9afd0 22GiB/35GiB(64%) CN:8 DL:8.5MiB ETA:24m54s]
[#b9afd0 22GiB/35GiB(64%) CN:8 DL:8.3MiB ETA:25m32s]
[#b9afd0 22GiB/35GiB(64%) CN:8 DL:8.5MiB ETA:24m57s]
[#b9afd0 22GiB/35GiB(64%) CN:8 DL:8.7MiB ETA:24m19s]
[#b9afd0 22GiB/35GiB(64%) CN:8 DL:8.3MiB ETA:25m32s]
[#b9afd0 22GiB/35GiB(64%) CN:8 DL:8.4MiB ETA:25m13s]
[#b9afd0 22GiB/35GiB(64%) CN:8 DL:8.6MiB ETA:24m34s]
[#b9afd0 22GiB/35GiB(64%) CN:8 DL:8.6MiB ETA:24m31s]
[#b9afd0 22GiB/35GiB(64%) CN:8 DL:8.5MiB ETA:24m42s]
[#b9afd0 22GiB/35GiB(64%) CN:8 DL:8.2MiB ETA:25m32s]
[#b9afd0 23GiB/35GiB(65%) CN:8 DL:8.4MiB ETA:24m53s]
[#b9afd0 23GiB/35GiB(65%) CN:8 DL:8.4MiB ETA:24m56s]
[#b9afd0 23GiB/35GiB(65%) CN:8 DL:8.4MiB ETA:25m3s]
[#b9afd0 23GiB/35GiB(65%) CN:8 DL:8.5MiB ETA:24m44s]
[#b9afd0 23GiB/35GiB(65%) CN:8 DL:8.6MiB ETA:24m23s]
[#b9afd0 23GiB/35GiB(65%) CN:8 DL:8.9MiB ETA:23m24s]
[#b9afd0 23GiB/35GiB(65%) CN:8 DL:8.9MiB ETA:23m35s]
[#b9afd0 23GiB/35GiB(65%) CN:8 DL:8.8MiB ETA:23m50s]
[#b9afd0 23GiB/35GiB(65%) CN:8 DL:8.9MiB ETA:23m35s]
[#b9afd0 23GiB/35GiB(65%) CN:8 DL:9.4MiB ETA:22m15s]
[#b9afd0 23GiB/35GiB(65%) CN:8 DL:9.2MiB ETA:22m43s]
[#b9afd0 23GiB/35GiB(65%) CN:8 DL:9.0MiB ETA:23m6s]
[#b9afd0 23GiB/35GiB(65%) CN:8 DL:9.1MiB ETA:22m57s]
[#b9afd0 23GiB/35GiB(65%) CN:8 DL:8.8MiB ETA:23m34s]
[#b9afd0 23GiB/35GiB(65%) CN:8 DL:9.0MiB ETA:23m5s]
[#b9afd0 23GiB/35GiB(65%) CN:8 DL:8.8MiB ETA:23m41s]
[#b9afd0 23GiB/35GiB(65%) CN:8 DL:8.8MiB ETA:23m34s]
[#b9afd0 23GiB/35GiB(65%) CN:8 DL:9.2MiB ETA:22m27s]
[#b9afd0 23GiB/35GiB(65%) CN:8 DL:9.0MiB ETA:23m7s]
[#b9afd0 23GiB/35GiB(65%) CN:8 DL:9.2MiB ETA:22m28s]
[#b9afd0 23GiB/35GiB(65%) CN:8 DL:9.2MiB ETA:22m35s]
[#b9afd0 23GiB/35GiB(65%) CN:8 DL:9.1MiB ETA:22m43s]
[#b9afd0 23GiB/35GiB(65%) CN:8 DL:9.2MiB ETA:22m24s]
[#b9afd0 23GiB/35GiB(65%) CN:8 DL:9.1MiB ETA:22m34s]
[#b9afd0 23GiB/35GiB(65%) CN:8 DL:9.1MiB ETA:22m43s]
[#b9afd0 23GiB/35GiB(65%) CN:8 DL:9.5MiB ETA:21m49s]
[#b9afd0 23GiB/35GiB(65%) CN:8 DL:9.1MiB ETA:22m37s]
[#b9afd0 23GiB/35GiB(65%) CN:8 DL:8.6MiB ETA:23m51s]
[#b9afd0 23GiB/35GiB(65%) CN:8 DL:8.7MiB ETA:23m39s]
[#b9afd0 23GiB/35GiB(65%) CN:8 DL:9.1MiB ETA:22m40s]
[#b9afd0 23GiB/35GiB(65%) CN:8 DL:8.6MiB ETA:24m1s]
[#b9afd0 23GiB/35GiB(65%) CN:8 DL:8.4MiB ETA:24m32s]
[#b9afd0 23GiB/35GiB(65%) CN:8 DL:8.3MiB ETA:24m43s]
[#b9afd0 23GiB/35GiB(65%) CN:8 DL:8.4MiB ETA:24m26s]
[#b9afd0 23GiB/35GiB(65%) CN:8 DL:8.2MiB ETA:24m57s]
[#b9afd0 23GiB/35GiB(65%) CN:8 DL:8.3MiB ETA:24m34s]
[#b9afd0 23GiB/35GiB(65%) CN:8 DL:8.5MiB ETA:24m6s]
[#b9afd0 23GiB/35GiB(65%) CN:8 DL:8.5MiB ETA:23m55s]
[#b9afd0 23GiB/35GiB(65%) CN:8 DL:8.7MiB ETA:23m23s]
[#b9afd0 23GiB/35GiB(65%) CN:8 DL:9.0MiB ETA:22m36s]
[#b9afd0 23GiB/35GiB(66%) CN:8 DL:9.1MiB ETA:22m25s]
[#b9afd0 23GiB/35GiB(66%) CN:8 DL:8.9MiB ETA:22m49s]
[#b9afd0 23GiB/35GiB(66%) CN:8 DL:8.9MiB ETA:23m]
[#b9afd0 23GiB/35GiB(66%) CN:8 DL:8.9MiB ETA:22m49s]
[#b9afd0 23GiB/35GiB(66%) CN:8 DL:9.1MiB ETA:22m23s]
[#b9afd0 23GiB/35GiB(66%) CN:8 DL:9.1MiB ETA:22m17s]
[#b9afd0 23GiB/35GiB(66%) CN:8 DL:8.8MiB ETA:23m7s]
[#b9afd0 23GiB/35GiB(66%) CN:8 DL:8.7MiB ETA:23m16s]
[#b9afd0 23GiB/35GiB(66%) CN:8 DL:9.1MiB ETA:22m15s]
[#b9afd0 23GiB/35GiB(66%) CN:8 DL:9.2MiB ETA:22m9s]
[#b9afd0 23GiB/35GiB(66%) CN:8 DL:9.3MiB ETA:21m41s]
[#b9afd0 23GiB/35GiB(66%) CN:8 DL:8.9MiB ETA:22m51s]
[#b9afd0 23GiB/35GiB(66%) CN:8 DL:8.9MiB ETA:22m48s]
[#b9afd0 23GiB/35GiB(66%) CN:8 DL:8.9MiB ETA:22m41s]
[#b9afd0 23GiB/35GiB(66%) CN:8 DL:9.0MiB ETA:22m28s]
[#b9afd0 23GiB/35GiB(66%) CN:8 DL:9.0MiB ETA:22m19s]
[#b9afd0 23GiB/35GiB(66%) CN:8 DL:9.0MiB ETA:22m24s]
[#b9afd0 23GiB/35GiB(66%) CN:8 DL:9.0MiB ETA:22m29s]
[#b9afd0 23GiB/35GiB(66%) CN:8 DL:9.1MiB ETA:22m14s]
 *** Download Progress Summary as of Sun Sep 20 13:23:54 2026 *** 
===============================================================================
[#b9afd0 23GiB/35GiB(66%) CN:8 DL:9.0MiB ETA:22m28s]
FILE: urbansarfloods/urban_sar_floods.tar.gz
-------------------------------------------------------------------------------

[#b9afd0 23GiB/35GiB(66%) CN:8 DL:9.0MiB ETA:22m28s]
[#b9afd0 23GiB/35GiB(66%) CN:8 DL:9.5MiB ETA:21m16s]
[#b9afd0 23GiB/35GiB(66%) CN:8 DL:9.3MiB ETA:21m40s]
[#b9afd0 23GiB/35GiB(66%) CN:8 DL:9.3MiB ETA:21m33s]
[#b9afd0 23GiB/35GiB(66%) CN:8 DL:9.0MiB ETA:22m22s]
[#b9afd0 23GiB/35GiB(66%) CN:8 DL:9.3MiB ETA:21m38s]
[#b9afd0 23GiB/35GiB(66%) CN:8 DL:9.4MiB ETA:21m24s]
[#b9afd0 23GiB/35GiB(66%) CN:8 DL:8.9MiB ETA:22m32s]
[#b9afd0 23GiB/35GiB(66%) CN:8 DL:9.0MiB ETA:22m17s]
[#b9afd0 23GiB/35GiB(66%) CN:8 DL:9.3MiB ETA:21m24s]
[#b9afd0 23GiB/35GiB(66%) CN:8 DL:9.3MiB ETA:21m34s]
[#b9afd0 23GiB/35GiB(66%) CN:8 DL:9.5MiB ETA:21m2s]
[#b9afd0 23GiB/35GiB(66%) CN:8 DL:9.5MiB ETA:21m5s]
[#b9afd0 23GiB/35GiB(66%) CN:8 DL:9.6MiB ETA:20m49s]
[#b9afd0 23GiB/35GiB(66%) CN:8 DL:9.4MiB ETA:21m6s]
[#b9afd0 23GiB/35GiB(66%) CN:8 DL:9.4MiB ETA:21m9s]
[#b9afd0 23GiB/35GiB(66%) CN:8 DL:9.3MiB ETA:21m24s]
[#b9afd0 23GiB/35GiB(66%) CN:8 DL:9.4MiB ETA:21m4s]
[#b9afd0 23GiB/35GiB(66%) CN:8 DL:9.4MiB ETA:21m8s]
[#b9afd0 23GiB/35GiB(66%) CN:8 DL:8.9MiB ETA:22m19s]
[#b9afd0 23GiB/35GiB(66%) CN:8 DL:9.0MiB ETA:22m5s]
[#b9afd0 23GiB/35GiB(67%) CN:8 DL:8.7MiB ETA:22m42s]
[#b9afd0 23GiB/35GiB(67%) CN:8 DL:8.7MiB ETA:22m46s]
[#b9afd0 23GiB/35GiB(67%) CN:8 DL:8.5MiB ETA:23m16s]
[#b9afd0 23GiB/35GiB(67%) CN:8 DL:8.5MiB ETA:23m19s]
[#b9afd0 23GiB/35GiB(67%) CN:8 DL:8.5MiB ETA:23m9s]
[#b9afd0 23GiB/35GiB(67%) CN:8 DL:8.3MiB ETA:23m39s]
[#b9afd0 23GiB/35GiB(67%) CN:8 DL:8.5MiB ETA:23m19s]
[#b9afd0 23GiB/35GiB(67%) CN:8 DL:8.5MiB ETA:23m15s]
[#b9afd0 23GiB/35GiB(67%) CN:8 DL:8.8MiB ETA:22m19s]
[#b9afd0 23GiB/35GiB(67%) CN:8 DL:8.8MiB ETA:22m14s]
[#b9afd0 23GiB/35GiB(67%) CN:8 DL:9.0MiB ETA:21m57s]
[#b9afd0 23GiB/35GiB(67%) CN:8 DL:8.9MiB ETA:22m7s]
[#b9afd0 23GiB/35GiB(67%) CN:8 DL:9.1MiB ETA:21m40s]
[#b9afd0 23GiB/35GiB(67%) CN:8 DL:9.1MiB ETA:21m37s]
[#b9afd0 23GiB/35GiB(67%) CN:8 DL:9.1MiB ETA:21m35s]
[#b9afd0 23GiB/35GiB(67%) CN:8 DL:8.9MiB ETA:21m58s]
[#b9afd0 23GiB/35GiB(67%) CN:8 DL:9.1MiB ETA:21m30s]
[#b9afd0 23GiB/35GiB(67%) CN:8 DL:8.9MiB ETA:22m2s]
[#b9afd0 23GiB/35GiB(67%) CN:8 DL:8.9MiB ETA:21m51s]
[#b9afd0 23GiB/35GiB(67%) CN:8 DL:9.0MiB ETA:21m35s]
[#b9afd0 23GiB/35GiB(67%) CN:8 DL:8.9MiB ETA:21m58s]
[#b9afd0 23GiB/35GiB(67%) CN:8 DL:9.0MiB ETA:21m37s]
[#b9afd0 23GiB/35GiB(67%) CN:8 DL:9.1MiB ETA:21m29s]
[#b9afd0 23GiB/35GiB(67%) CN:8 DL:8.9MiB ETA:21m48s]
[#b9afd0 23GiB/35GiB(67%) CN:8 DL:9.0MiB ETA:21m33s]
[#b9afd0 23GiB/35GiB(67%) CN:8 DL:9.2MiB ETA:21m13s]
[#b9afd0 23GiB/35GiB(67%) CN:8 DL:8.9MiB ETA:21m50s]
[#b9afd0 23GiB/35GiB(67%) CN:8 DL:8.9MiB ETA:21m41s]
[#b9afd0 23GiB/35GiB(67%) CN:8 DL:8.6MiB ETA:22m38s]
[#b9afd0 23GiB/35GiB(67%) CN:8 DL:8.6MiB ETA:22m32s]
[#b9afd0 23GiB/35GiB(67%) CN:8 DL:8.5MiB ETA:22m46s]
[#b9afd0 23GiB/35GiB(67%) CN:8 DL:8.4MiB ETA:22m57s]
[#b9afd0 23GiB/35GiB(67%) CN:8 DL:8.5MiB ETA:22m41s]
[#b9afd0 23GiB/35GiB(67%) CN:8 DL:8.3MiB ETA:23m19s]
[#b9afd0 24GiB/35GiB(67%) CN:8 DL:8.1MiB ETA:23m53s]
[#b9afd0 24GiB/35GiB(67%) CN:8 DL:8.1MiB ETA:23m51s]
[#b9afd0 24GiB/35GiB(67%) CN:8 DL:8.1MiB ETA:23m55s]
[#b9afd0 24GiB/35GiB(67%) CN:8 DL:8.3MiB ETA:23m14s]
[#b9afd0 24GiB/35GiB(67%) CN:8 DL:8.2MiB ETA:23m35s]
[#b9afd0 24GiB/35GiB(67%) CN:8 DL:8.2MiB ETA:23m21s]
[#b9afd0 24GiB/35GiB(67%) CN:8 DL:8.2MiB ETA:23m29s]
[#b9afd0 24GiB/35GiB(68%) CN:8 DL:8.4MiB ETA:22m48s]
[#b9afd0 24GiB/35GiB(68%) CN:8 DL:8.6MiB ETA:22m18s]
[#b9afd0 24GiB/35GiB(68%) CN:8 DL:8.5MiB ETA:22m37s]
[#b9afd0 24GiB/35GiB(68%) CN:8 DL:8.6MiB ETA:22m18s]
[#b9afd0 24GiB/35GiB(68%) CN:8 DL:8.6MiB ETA:22m14s]
[#b9afd0 24GiB/35GiB(68%) CN:8 DL:8.7MiB ETA:22m1s]
[#b9afd0 24GiB/35GiB(68%) CN:8 DL:8.8MiB ETA:21m50s]
[#b9afd0 24GiB/35GiB(68%) CN:8 DL:8.9MiB ETA:21m23s]
[#b9afd0 24GiB/35GiB(68%) CN:8 DL:9.1MiB ETA:20m52s]
[#b9afd0 24GiB/35GiB(68%) CN:8 DL:9.2MiB ETA:20m46s]
[#b9afd0 24GiB/35GiB(68%) CN:8 DL:9.2MiB ETA:20m46s]
[#b9afd0 24GiB/35GiB(68%) CN:8 DL:9.3MiB ETA:20m25s]
[#b9afd0 24GiB/35GiB(68%) CN:8 DL:9.5MiB ETA:19m58s]
[#b9afd0 24GiB/35GiB(68%) CN:8 DL:9.6MiB ETA:19m48s]
[#b9afd0 24GiB/35GiB(68%) CN:8 DL:9.7MiB ETA:19m35s]
[#b9afd0 24GiB/35GiB(68%) CN:8 DL:9.7MiB ETA:19m30s]
[#b9afd0 24GiB/35GiB(68%) CN:8 DL:9.7MiB ETA:19m37s]
[#b9afd0 24GiB/35GiB(68%) CN:8 DL:9.5MiB ETA:20m1s]
[#b9afd0 24GiB/35GiB(68%) CN:8 DL:9.3MiB ETA:20m17s]
[#b9afd0 24GiB/35GiB(68%) CN:8 DL:9.6MiB ETA:19m44s]
[#b9afd0 24GiB/35GiB(68%) CN:8 DL:9.5MiB ETA:19m57s]
[#b9afd0 24GiB/35GiB(68%) CN:8 DL:9.1MiB ETA:20m49s]
[#b9afd0 24GiB/35GiB(68%) CN:8 DL:9.4MiB ETA:20m10s]
[#b9afd0 24GiB/35GiB(68%) CN:8 DL:9.1MiB ETA:20m38s]
[#b9afd0 24GiB/35GiB(68%) CN:8 DL:8.9MiB ETA:21m10s]
[#b9afd0 24GiB/35GiB(68%) CN:8 DL:9.0MiB ETA:20m49s]
[#b9afd0 24GiB/35GiB(68%) CN:8 DL:8.6MiB ETA:21m53s]
[#b9afd0 24GiB/35GiB(68%) CN:8 DL:8.8MiB ETA:21m15s]
[#b9afd0 24GiB/35GiB(68%) CN:8 DL:8.7MiB ETA:21m29s]
[#b9afd0 24GiB/35GiB(68%) CN:8 DL:8.6MiB ETA:21m54s]
[#b9afd0 24GiB/35GiB(68%) CN:8 DL:8.8MiB ETA:21m14s]
[#b9afd0 24GiB/35GiB(68%) CN:8 DL:8.9MiB ETA:21m3s]
[#b9afd0 24GiB/35GiB(68%) CN:8 DL:9.1MiB ETA:20m31s]
[#b9afd0 24GiB/35GiB(68%) CN:8 DL:8.8MiB ETA:21m16s]
[#b9afd0 24GiB/35GiB(68%) CN:8 DL:8.9MiB ETA:20m53s]
[#b9afd0 24GiB/35GiB(68%) CN:8 DL:9.1MiB ETA:20m33s]
[#b9afd0 24GiB/35GiB(68%) CN:8 DL:9.1MiB ETA:20m31s]
[#b9afd0 24GiB/35GiB(68%) CN:8 DL:9.1MiB ETA:20m29s]
[#b9afd0 24GiB/35GiB(68%) CN:8 DL:9.0MiB ETA:20m48s]
[#b9afd0 24GiB/35GiB(68%) CN:8 DL:8.9MiB ETA:20m54s]
[#b9afd0 24GiB/35GiB(69%) CN:8 DL:9.1MiB ETA:20m33s]
[#b9afd0 24GiB/35GiB(69%) CN:8 DL:9.2MiB ETA:20m11s]
[#b9afd0 24GiB/35GiB(69%) CN:8 DL:9.1MiB ETA:20m20s]
[#b9afd0 24GiB/35GiB(69%) CN:8 DL:9.3MiB ETA:20m]
[#b9afd0 24GiB/35GiB(69%) CN:8 DL:9.0MiB ETA:20m34s]
[#b9afd0 24GiB/35GiB(69%) CN:8 DL:8.9MiB ETA:20m46s]
[#b9afd0 24GiB/35GiB(69%) CN:8 DL:8.9MiB ETA:20m48s]
[#b9afd0 24GiB/35GiB(69%) CN:8 DL:9.0MiB ETA:20m27s]
[#b9afd0 24GiB/35GiB(69%) CN:8 DL:9.1MiB ETA:20m12s]
[#b9afd0 24GiB/35GiB(69%) CN:8 DL:9.1MiB ETA:20m17s]
[#b9afd0 24GiB/35GiB(69%) CN:8 DL:9.1MiB ETA:20m14s]
[#b9afd0 24GiB/35GiB(69%) CN:8 DL:9.1MiB ETA:20m9s]
[#b9afd0 24GiB/35GiB(69%) CN:8 DL:9.5MiB ETA:19m29s]
[#b9afd0 24GiB/35GiB(69%) CN:8 DL:9.7MiB ETA:18m57s]
[#b9afd0 24GiB/35GiB(69%) CN:8 DL:9.4MiB ETA:19m32s]
[#b9afd0 24GiB/35GiB(69%) CN:8 DL:9.5MiB ETA:19m23s]
[#b9afd0 24GiB/35GiB(69%) CN:8 DL:9.3MiB ETA:19m44s]
[#b9afd0 24GiB/35GiB(69%) CN:8 DL:9.4MiB ETA:19m33s]
[#b9afd0 24GiB/35GiB(69%) CN:8 DL:9.3MiB ETA:19m40s]
[#b9afd0 24GiB/35GiB(69%) CN:8 DL:9.3MiB ETA:19m39s]
[#b9afd0 24GiB/35GiB(69%) CN:8 DL:9.5MiB ETA:19m16s]
[#b9afd0 24GiB/35GiB(69%) CN:8 DL:9.5MiB ETA:19m19s]
[#b9afd0 24GiB/35GiB(69%) CN:8 DL:9.3MiB ETA:19m43s]
[#b9afd0 24GiB/35GiB(69%) CN:8 DL:9.8MiB ETA:18m39s]
[#b9afd0 24GiB/35GiB(69%) CN:8 DL:9.6MiB ETA:19m4s]
[#b9afd0 24GiB/35GiB(69%) CN:8 DL:9.7MiB ETA:18m52s]
[#b9afd0 24GiB/35GiB(69%) CN:8 DL:9.4MiB ETA:19m20s]
[#b9afd0 24GiB/35GiB(69%) CN:8 DL:9.5MiB ETA:19m6s]
[#b9afd0 24GiB/35GiB(69%) CN:8 DL:9.6MiB ETA:18m56s]
[#b9afd0 24GiB/35GiB(69%) CN:8 DL:9.2MiB ETA:19m41s]
[#b9afd0 24GiB/35GiB(69%) CN:8 DL:9.3MiB ETA:19m30s]
[#b9afd0 24GiB/35GiB(69%) CN:8 DL:8.9MiB ETA:20m19s]
[#b9afd0 24GiB/35GiB(69%) CN:8 DL:8.8MiB ETA:20m37s]
[#b9afd0 24GiB/35GiB(69%) CN:8 DL:8.5MiB ETA:21m11s]
[#b9afd0 24GiB/35GiB(69%) CN:8 DL:8.8MiB ETA:20m29s]
[#b9afd0 24GiB/35GiB(69%) CN:8 DL:8.7MiB ETA:20m40s]
[#b9afd0 24GiB/35GiB(69%) CN:8 DL:8.6MiB ETA:20m53s]
[#b9afd0 24GiB/35GiB(69%) CN:8 DL:8.4MiB ETA:21m22s]
[#b9afd0 24GiB/35GiB(69%) CN:8 DL:8.6MiB ETA:21m1s]
[#b9afd0 24GiB/35GiB(70%) CN:8 DL:8.9MiB ETA:20m15s]
[#b9afd0 24GiB/35GiB(70%) CN:8 DL:8.7MiB ETA:20m45s]
[#b9afd0 24GiB/35GiB(70%) CN:8 DL:9.2MiB ETA:19m26s]
[#b9afd0 24GiB/35GiB(70%) CN:8 DL:9.2MiB ETA:19m27s]
[#b9afd0 24GiB/35GiB(70%) CN:8 DL:9.4MiB ETA:19m2s]
[#b9afd0 24GiB/35GiB(70%) CN:8 DL:9.6MiB ETA:18m45s]
[#b9afd0 24GiB/35GiB(70%) CN:8 DL:9.6MiB ETA:18m45s]
[#b9afd0 24GiB/35GiB(70%) CN:8 DL:9.5MiB ETA:18m55s]
[#b9afd0 24GiB/35GiB(70%) CN:8 DL:9.6MiB ETA:18m33s]
[#b9afd0 24GiB/35GiB(70%) CN:8 DL:9.8MiB ETA:18m16s]
[#b9afd0 24GiB/35GiB(70%) CN:8 DL:9.6MiB ETA:18m34s]
[#b9afd0 24GiB/35GiB(70%) CN:8 DL:9.6MiB ETA:18m40s]
[#b9afd0 24GiB/35GiB(70%) CN:8 DL:9.5MiB ETA:18m46s]
[#b9afd0 24GiB/35GiB(70%) CN:8 DL:9.4MiB ETA:18m54s]
[#b9afd0 24GiB/35GiB(70%) CN:8 DL:9.3MiB ETA:19m5s]
[#b9afd0 24GiB/35GiB(70%) CN:8 DL:9.2MiB ETA:19m16s]
[#b9afd0 24GiB/35GiB(70%) CN:8 DL:9.4MiB ETA:18m51s]
[#b9afd0 24GiB/35GiB(70%) CN:8 DL:9.1MiB ETA:19m35s]
[#b9afd0 24GiB/35GiB(70%) CN:8 DL:9.1MiB ETA:19m26s]
[#b9afd0 24GiB/35GiB(70%) CN:8 DL:8.7MiB ETA:20m16s]
[#b9afd0 24GiB/35GiB(70%) CN:8 DL:9.1MiB ETA:19m31s]
[#b9afd0 24GiB/35GiB(70%) CN:8 DL:9.3MiB ETA:19m5s]
[#b9afd0 24GiB/35GiB(70%) CN:8 DL:9.2MiB ETA:19m11s]
[#b9afd0 24GiB/35GiB(70%) CN:8 DL:9.1MiB ETA:19m21s]
[#b9afd0 24GiB/35GiB(70%) CN:8 DL:9.3MiB ETA:19m]
[#b9afd0 25GiB/35GiB(70%) CN:8 DL:9.2MiB ETA:19m4s]
[#b9afd0 25GiB/35GiB(70%) CN:8 DL:9.9MiB ETA:17m45s]
[#b9afd0 25GiB/35GiB(70%) CN:8 DL:9.4MiB ETA:18m40s]
[#b9afd0 25GiB/35GiB(70%) CN:8 DL:9.6MiB ETA:18m18s]
[#b9afd0 25GiB/35GiB(70%) CN:8 DL:9.7MiB ETA:18m6s]
[#b9afd0 25GiB/35GiB(70%) CN:8 DL:9.8MiB ETA:17m58s]
[#b9afd0 25GiB/35GiB(70%) CN:8 DL:9.7MiB ETA:18m6s]
[#b9afd0 25GiB/35GiB(70%) CN:8 DL:9.7MiB ETA:18m4s]
[#b9afd0 25GiB/35GiB(70%) CN:8 DL:9.9MiB ETA:17m45s]
[#b9afd0 25GiB/35GiB(70%) CN:8 DL:9.8MiB ETA:17m46s]
[#b9afd0 25GiB/35GiB(70%) CN:8 DL:9.7MiB ETA:18m4s]
[#b9afd0 25GiB/35GiB(70%) CN:8 DL:10MiB ETA:17m24s]
[#b9afd0 25GiB/35GiB(70%) CN:8 DL:10MiB ETA:17m19s]
[#b9afd0 25GiB/35GiB(71%) CN:8 DL:9.8MiB ETA:17m42s]
[#b9afd0 25GiB/35GiB(71%) CN:8 DL:9.6MiB ETA:18m7s]
[#b9afd0 25GiB/35GiB(71%) CN:8 DL:9.8MiB ETA:17m41s]
[#b9afd0 25GiB/35GiB(71%) CN:8 DL:9.8MiB ETA:17m43s]
[#b9afd0 25GiB/35GiB(71%) CN:8 DL:9.6MiB ETA:18m2s]
[#b9afd0 25GiB/35GiB(71%) CN:8 DL:9.5MiB ETA:18m15s]
[#b9afd0 25GiB/35GiB(71%) CN:8 DL:9.7MiB ETA:17m51s]
[#b9afd0 25GiB/35GiB(71%) CN:8 DL:9.8MiB ETA:17m41s]
[#b9afd0 25GiB/35GiB(71%) CN:8 DL:9.8MiB ETA:17m36s]
[#b9afd0 25GiB/35GiB(71%) CN:8 DL:9.9MiB ETA:17m25s]
[#b9afd0 25GiB/35GiB(71%) CN:8 DL:9.7MiB ETA:17m50s]
[#b9afd0 25GiB/35GiB(71%) CN:8 DL:9.8MiB ETA:17m32s]
[#b9afd0 25GiB/35GiB(71%) CN:8 DL:9.7MiB ETA:17m42s]
[#b9afd0 25GiB/35GiB(71%) CN:8 DL:9.8MiB ETA:17m37s]
[#b9afd0 25GiB/35GiB(71%) CN:8 DL:9.7MiB ETA:17m46s]
[#b9afd0 25GiB/35GiB(71%) CN:8 DL:9.9MiB ETA:17m22s]
[#b9afd0 25GiB/35GiB(71%) CN:8 DL:9.8MiB ETA:17m26s]
[#b9afd0 25GiB/35GiB(71%) CN:8 DL:9.6MiB ETA:17m48s]
[#b9afd0 25GiB/35GiB(71%) CN:8 DL:9.6MiB ETA:17m51s]
[#b9afd0 25GiB/35GiB(71%) CN:8 DL:10MiB ETA:17m5s]
[#b9afd0 25GiB/35GiB(71%) CN:8 DL:9.7MiB ETA:17m34s]
[#b9afd0 25GiB/35GiB(71%) CN:8 DL:9.5MiB ETA:17m57s]
[#b9afd0 25GiB/35GiB(71%) CN:8 DL:9.5MiB ETA:17m59s]
[#b9afd0 25GiB/35GiB(71%) CN:8 DL:9.5MiB ETA:17m52s]
[#b9afd0 25GiB/35GiB(71%) CN:8 DL:9.5MiB ETA:17m59s]
[#b9afd0 25GiB/35GiB(71%) CN:8 DL:9.6MiB ETA:17m45s]
[#b9afd0 25GiB/35GiB(71%) CN:8 DL:9.4MiB ETA:17m59s]
[#b9afd0 25GiB/35GiB(71%) CN:8 DL:9.6MiB ETA:17m40s]
[#b9afd0 25GiB/35GiB(71%) CN:8 DL:9.6MiB ETA:17m42s]
[#b9afd0 25GiB/35GiB(71%) CN:8 DL:9.8MiB ETA:17m16s]
[#b9afd0 25GiB/35GiB(71%) CN:8 DL:10MiB ETA:16m57s]
[#b9afd0 25GiB/35GiB(71%) CN:8 DL:9.7MiB ETA:17m23s]
[#b9afd0 25GiB/35GiB(71%) CN:8 DL:9.9MiB ETA:17m7s]
[#b9afd0 25GiB/35GiB(71%) CN:8 DL:9.6MiB ETA:17m37s]
[#b9afd0 25GiB/35GiB(71%) CN:8 DL:9.7MiB ETA:17m19s]
[#b9afd0 25GiB/35GiB(71%) CN:8 DL:9.8MiB ETA:17m7s]
[#b9afd0 25GiB/35GiB(71%) CN:8 DL:9.8MiB ETA:17m9s]
[#b9afd0 25GiB/35GiB(72%) CN:8 DL:9.6MiB ETA:17m25s]
[#b9afd0 25GiB/35GiB(72%) CN:8 DL:9.8MiB ETA:17m11s]
[#b9afd0 25GiB/35GiB(72%) CN:8 DL:9.8MiB ETA:17m4s]
[#b9afd0 25GiB/35GiB(72%) CN:8 DL:9.9MiB ETA:17m]
[#b9afd0 25GiB/35GiB(72%) CN:8 DL:9.8MiB ETA:17m9s]
[#b9afd0 25GiB/35GiB(72%) CN:8 DL:9.8MiB ETA:17m5s]
[#b9afd0 25GiB/35GiB(72%) CN:8 DL:9.7MiB ETA:17m9s]
[#b9afd0 25GiB/35GiB(72%) CN:8 DL:9.7MiB ETA:17m7s]
[#b9afd0 25GiB/35GiB(72%) CN:8 DL:9.5MiB ETA:17m34s]
[#b9afd0 25GiB/35GiB(72%) CN:8 DL:9.6MiB ETA:17m20s]
[#b9afd0 25GiB/35GiB(72%) CN:8 DL:9.7MiB ETA:17m12s]
[#b9afd0 25GiB/35GiB(72%) CN:8 DL:9.5MiB ETA:17m26s]
[#b9afd0 25GiB/35GiB(72%) CN:8 DL:9.3MiB ETA:17m47s]
[#b9afd0 25GiB/35GiB(72%) CN:8 DL:9.3MiB ETA:17m52s]
[#b9afd0 25GiB/35GiB(72%) CN:8 DL:9.5MiB ETA:17m32s]
[#b9afd0 25GiB/35GiB(72%) CN:8 DL:9.2MiB ETA:17m57s]
[#b9afd0 25GiB/35GiB(72%) CN:8 DL:9.2MiB ETA:17m56s]
[#b9afd0 25GiB/35GiB(72%) CN:8 DL:9.2MiB ETA:17m54s]
[#b9afd0 25GiB/35GiB(72%) CN:8 DL:9.4MiB ETA:17m33s]
[#b9afd0 25GiB/35GiB(72%) CN:8 DL:9.4MiB ETA:17m31s]
[#b9afd0 25GiB/35GiB(72%) CN:8 DL:9.3MiB ETA:17m42s]
[#b9afd0 25GiB/35GiB(72%) CN:8 DL:9.4MiB ETA:17m29s]
[#b9afd0 25GiB/35GiB(72%) CN:8 DL:9.5MiB ETA:17m16s]
[#b9afd0 25GiB/35GiB(72%) CN:8 DL:9.6MiB ETA:17m10s]
[#b9afd0 25GiB/35GiB(72%) CN:8 DL:9.9MiB ETA:16m35s]
[#b9afd0 25GiB/35GiB(72%) CN:8 DL:9.8MiB ETA:16m46s]
[#b9afd0 25GiB/35GiB(72%) CN:8 DL:9.8MiB ETA:16m48s]
[#b9afd0 25GiB/35GiB(72%) CN:8 DL:9.7MiB ETA:16m49s]
[#b9afd0 25GiB/35GiB(72%) CN:8 DL:9.7MiB ETA:16m52s]
[#b9afd0 25GiB/35GiB(72%) CN:8 DL:9.8MiB ETA:16m41s]
[#b9afd0 25GiB/35GiB(72%) CN:8 DL:9.7MiB ETA:16m52s]
[#b9afd0 25GiB/35GiB(72%) CN:8 DL:9.4MiB ETA:17m24s]
[#b9afd0 25GiB/35GiB(72%) CN:8 DL:9.4MiB ETA:17m21s]
[#b9afd0 25GiB/35GiB(72%) CN:8 DL:9.6MiB ETA:16m57s]
[#b9afd0 25GiB/35GiB(72%) CN:8 DL:9.5MiB ETA:17m8s]
[#b9afd0 25GiB/35GiB(72%) CN:8 DL:9.5MiB ETA:17m7s]
[#b9afd0 25GiB/35GiB(72%) CN:8 DL:9.2MiB ETA:17m34s]
[#b9afd0 25GiB/35GiB(72%) CN:8 DL:9.2MiB ETA:17m36s]
[#b9afd0 25GiB/35GiB(73%) CN:8 DL:9.2MiB ETA:17m36s]
[#b9afd0 25GiB/35GiB(73%) CN:8 DL:9.0MiB ETA:18m]
[#b9afd0 25GiB/35GiB(73%) CN:8 DL:8.9MiB ETA:18m12s]
[#b9afd0 25GiB/35GiB(73%) CN:8 DL:9.3MiB ETA:17m25s]
[#b9afd0 25GiB/35GiB(73%) CN:8 DL:9.1MiB ETA:17m47s]
[#b9afd0 25GiB/35GiB(73%) CN:8 DL:9.1MiB ETA:17m42s]
[#b9afd0 25GiB/35GiB(73%) CN:8 DL:9.1MiB ETA:17m42s]
[#b9afd0 25GiB/35GiB(73%) CN:8 DL:9.4MiB ETA:17m9s]
[#b9afd0 25GiB/35GiB(73%) CN:8 DL:8.9MiB ETA:18m3s]
[#b9afd0 25GiB/35GiB(73%) CN:8 DL:9.0MiB ETA:17m54s]
[#b9afd0 25GiB/35GiB(73%) CN:8 DL:8.8MiB ETA:18m16s]
[#b9afd0 25GiB/35GiB(73%) CN:8 DL:8.9MiB ETA:18m1s]
[#b9afd0 25GiB/35GiB(73%) CN:8 DL:8.7MiB ETA:18m29s]
[#b9afd0 25GiB/35GiB(73%) CN:8 DL:8.5MiB ETA:18m47s]
[#b9afd0 25GiB/35GiB(73%) CN:8 DL:8.3MiB ETA:19m9s]
[#b9afd0 25GiB/35GiB(73%) CN:8 DL:8.1MiB ETA:19m39s]
[#b9afd0 25GiB/35GiB(73%) CN:8 DL:8.2MiB ETA:19m34s]
[#b9afd0 25GiB/35GiB(73%) CN:8 DL:8.3MiB ETA:19m9s]
[#b9afd0 25GiB/35GiB(73%) CN:8 DL:8.1MiB ETA:19m44s]
[#b9afd0 25GiB/35GiB(73%) CN:8 DL:8.0MiB ETA:19m59s]
[#b9afd0 25GiB/35GiB(73%) CN:8 DL:7.8MiB ETA:20m17s]
[#b9afd0 26GiB/35GiB(73%) CN:8 DL:7.8MiB ETA:20m31s]
[#b9afd0 26GiB/35GiB(73%) CN:8 DL:7.7MiB ETA:20m42s]
[#b9afd0 26GiB/35GiB(73%) CN:8 DL:7.7MiB ETA:20m42s]
[#b9afd0 26GiB/35GiB(73%) CN:8 DL:7.6MiB ETA:20m46s]
[#b9afd0 26GiB/35GiB(73%) CN:8 DL:7.4MiB ETA:21m21s]
[#b9afd0 26GiB/35GiB(73%) CN:8 DL:7.7MiB ETA:20m34s]
[#b9afd0 26GiB/35GiB(73%) CN:8 DL:7.6MiB ETA:20m41s]
[#b9afd0 26GiB/35GiB(73%) CN:8 DL:7.5MiB ETA:21m12s]
[#b9afd0 26GiB/35GiB(73%) CN:8 DL:7.2MiB ETA:21m54s]
[#b9afd0 26GiB/35GiB(73%) CN:8 DL:7.7MiB ETA:20m30s]
[#b9afd0 26GiB/35GiB(73%) CN:8 DL:7.6MiB ETA:20m52s]
[#b9afd0 26GiB/35GiB(73%) CN:8 DL:7.6MiB ETA:20m48s]
[#b9afd0 26GiB/35GiB(73%) CN:8 DL:7.5MiB ETA:21m2s]
[#b9afd0 26GiB/35GiB(73%) CN:8 DL:7.6MiB ETA:20m42s]
[#b9afd0 26GiB/35GiB(73%) CN:8 DL:7.5MiB ETA:21m5s]
[#b9afd0 26GiB/35GiB(73%) CN:8 DL:7.8MiB ETA:20m1s]
[#b9afd0 26GiB/35GiB(73%) CN:8 DL:8.1MiB ETA:19m17s]
[#b9afd0 26GiB/35GiB(73%) CN:8 DL:8.6MiB ETA:18m8s]
[#b9afd0 26GiB/35GiB(73%) CN:8 DL:8.2MiB ETA:19m5s]
[#b9afd0 26GiB/35GiB(73%) CN:8 DL:8.3MiB ETA:18m50s]
[#b9afd0 26GiB/35GiB(73%) CN:8 DL:8.6MiB ETA:18m11s]
[#b9afd0 26GiB/35GiB(73%) CN:8 DL:8.5MiB ETA:18m24s]
[#b9afd0 26GiB/35GiB(73%) CN:8 DL:8.7MiB ETA:17m53s]
[#b9afd0 26GiB/35GiB(74%) CN:8 DL:9.0MiB ETA:17m24s]
[#b9afd0 26GiB/35GiB(74%) CN:8 DL:9.1MiB ETA:17m7s]
 *** Download Progress Summary as of Sun Sep 20 13:28:54 2026 *** 
===============================================================================
[#b9afd0 26GiB/35GiB(74%) CN:8 DL:8.8MiB ETA:17m46s]
FILE: urbansarfloods/urban_sar_floods.tar.gz
-------------------------------------------------------------------------------

[#b9afd0 26GiB/35GiB(74%) CN:8 DL:8.8MiB ETA:17m46s]
[#b9afd0 26GiB/35GiB(74%) CN:8 DL:8.9MiB ETA:17m26s]
[#b9afd0 26GiB/35GiB(74%) CN:8 DL:9.4MiB ETA:16m36s]
[#b9afd0 26GiB/35GiB(74%) CN:8 DL:8.9MiB ETA:17m27s]
[#b9afd0 26GiB/35GiB(74%) CN:8 DL:8.8MiB ETA:17m41s]
[#b9afd0 26GiB/35GiB(74%) CN:8 DL:8.9MiB ETA:17m25s]
[#b9afd0 26GiB/35GiB(74%) CN:8 DL:8.8MiB ETA:17m32s]
[#b9afd0 26GiB/35GiB(74%) CN:8 DL:8.5MiB ETA:18m17s]
[#b9afd0 26GiB/35GiB(74%) CN:8 DL:8.5MiB ETA:18m6s]
[#b9afd0 26GiB/35GiB(74%) CN:8 DL:8.5MiB ETA:18m9s]
[#b9afd0 26GiB/35GiB(74%) CN:8 DL:8.6MiB ETA:18m2s]
[#b9afd0 26GiB/35GiB(74%) CN:8 DL:8.4MiB ETA:18m23s]
[#b9afd0 26GiB/35GiB(74%) CN:8 DL:8.8MiB ETA:17m34s]
[#b9afd0 26GiB/35GiB(74%) CN:8 DL:8.9MiB ETA:17m17s]
[#b9afd0 26GiB/35GiB(74%) CN:8 DL:8.5MiB ETA:17m59s]
[#b9afd0 26GiB/35GiB(74%) CN:8 DL:8.8MiB ETA:17m29s]
[#b9afd0 26GiB/35GiB(74%) CN:8 DL:8.7MiB ETA:17m36s]
[#b9afd0 26GiB/35GiB(74%) CN:8 DL:9.0MiB ETA:17m7s]
[#b9afd0 26GiB/35GiB(74%) CN:8 DL:8.8MiB ETA:17m22s]
[#b9afd0 26GiB/35GiB(74%) CN:8 DL:9.0MiB ETA:17m4s]
[#b9afd0 26GiB/35GiB(74%) CN:8 DL:9.0MiB ETA:16m55s]
[#b9afd0 26GiB/35GiB(74%) CN:8 DL:9.0MiB ETA:16m53s]
[#b9afd0 26GiB/35GiB(74%) CN:8 DL:9.1MiB ETA:16m40s]
[#b9afd0 26GiB/35GiB(74%) CN:8 DL:9.2MiB ETA:16m28s]
[#b9afd0 26GiB/35GiB(74%) CN:8 DL:9.2MiB ETA:16m35s]
[#b9afd0 26GiB/35GiB(74%) CN:8 DL:9.2MiB ETA:16m35s]
[#b9afd0 26GiB/35GiB(74%) CN:8 DL:9.4MiB ETA:16m8s]
[#b9afd0 26GiB/35GiB(74%) CN:8 DL:9.2MiB ETA:16m32s]
[#b9afd0 26GiB/35GiB(74%) CN:8 DL:9.3MiB ETA:16m17s]
[#b9afd0 26GiB/35GiB(74%) CN:8 DL:9.2MiB ETA:16m26s]
[#b9afd0 26GiB/35GiB(74%) CN:8 DL:9.2MiB ETA:16m26s]
[#b9afd0 26GiB/35GiB(74%) CN:8 DL:9.2MiB ETA:16m26s]
[#b9afd0 26GiB/35GiB(74%) CN:8 DL:9.2MiB ETA:16m26s]
[#b9afd0 26GiB/35GiB(74%) CN:8 DL:9.1MiB ETA:16m29s]
[#b9afd0 26GiB/35GiB(74%) CN:8 DL:9.4MiB ETA:16m5s]
[#b9afd0 26GiB/35GiB(74%) CN:8 DL:9.2MiB ETA:16m26s]
[#b9afd0 26GiB/35GiB(74%) CN:8 DL:9.1MiB ETA:16m27s]
[#b9afd0 26GiB/35GiB(74%) CN:8 DL:9.2MiB ETA:16m20s]
[#b9afd0 26GiB/35GiB(75%) CN:8 DL:9.4MiB ETA:15m58s]
[#b9afd0 26GiB/35GiB(75%) CN:8 DL:9.3MiB ETA:16m9s]
[#b9afd0 26GiB/35GiB(75%) CN:8 DL:9.2MiB ETA:16m12s]
[#b9afd0 26GiB/35GiB(75%) CN:8 DL:9.3MiB ETA:16m]
[#b9afd0 26GiB/35GiB(75%) CN:8 DL:9.4MiB ETA:15m57s]
[#b9afd0 26GiB/35GiB(75%) CN:8 DL:9.3MiB ETA:16m7s]
[#b9afd0 26GiB/35GiB(75%) CN:8 DL:9.5MiB ETA:15m45s]
[#b9afd0 26GiB/35GiB(75%) CN:8 DL:9.2MiB ETA:16m17s]
[#b9afd0 26GiB/35GiB(75%) CN:8 DL:9.3MiB ETA:15m57s]
[#b9afd0 26GiB/35GiB(75%) CN:8 DL:9.1MiB ETA:16m15s]
[#b9afd0 26GiB/35GiB(75%) CN:8 DL:9.1MiB ETA:16m21s]
[#b9afd0 26GiB/35GiB(75%) CN:8 DL:9.0MiB ETA:16m25s]
[#b9afd0 26GiB/35GiB(75%) CN:8 DL:9.1MiB ETA:16m18s]
[#b9afd0 26GiB/35GiB(75%) CN:8 DL:9.1MiB ETA:16m19s]
[#b9afd0 26GiB/35GiB(75%) CN:8 DL:8.9MiB ETA:16m37s]
[#b9afd0 26GiB/35GiB(75%) CN:8 DL:8.8MiB ETA:16m43s]
[#b9afd0 26GiB/35GiB(75%) CN:8 DL:9.1MiB ETA:16m15s]
[#b9afd0 26GiB/35GiB(75%) CN:8 DL:9.1MiB ETA:16m16s]
[#b9afd0 26GiB/35GiB(75%) CN:8 DL:9.0MiB ETA:16m23s]
[#b9afd0 26GiB/35GiB(75%) CN:8 DL:9.1MiB ETA:16m12s]
[#b9afd0 26GiB/35GiB(75%) CN:8 DL:9.1MiB ETA:16m6s]
[#b9afd0 26GiB/35GiB(75%) CN:8 DL:9.1MiB ETA:16m6s]
[#b9afd0 26GiB/35GiB(75%) CN:8 DL:8.9MiB ETA:16m33s]
[#b9afd0 26GiB/35GiB(75%) CN:8 DL:8.9MiB ETA:16m31s]
[#b9afd0 26GiB/35GiB(75%) CN:8 DL:9.1MiB ETA:16m10s]
[#b9afd0 26GiB/35GiB(75%) CN:8 DL:9.1MiB ETA:16m2s]
[#b9afd0 26GiB/35GiB(75%) CN:8 DL:8.9MiB ETA:16m20s]
[#b9afd0 26GiB/35GiB(75%) CN:8 DL:9.0MiB ETA:16m11s]
[#b9afd0 26GiB/35GiB(75%) CN:8 DL:9.2MiB ETA:15m55s]
[#b9afd0 26GiB/35GiB(75%) CN:8 DL:8.9MiB ETA:16m20s]
[#b9afd0 26GiB/35GiB(75%) CN:8 DL:8.8MiB ETA:16m33s]
[#b9afd0 26GiB/35GiB(75%) CN:8 DL:9.0MiB ETA:16m5s]
[#b9afd0 26GiB/35GiB(75%) CN:8 DL:9.2MiB ETA:15m45s]
[#b9afd0 26GiB/35GiB(75%) CN:8 DL:9.3MiB ETA:15m39s]
[#b9afd0 26GiB/35GiB(75%) CN:8 DL:9.3MiB ETA:15m38s]
[#b9afd0 26GiB/35GiB(75%) CN:8 DL:9.2MiB ETA:15m45s]
[#b9afd0 26GiB/35GiB(75%) CN:8 DL:9.5MiB ETA:15m9s]
[#b9afd0 26GiB/35GiB(75%) CN:8 DL:9.8MiB ETA:14m46s]
[#b9afd0 26GiB/35GiB(75%) CN:8 DL:9.6MiB ETA:15m4s]
[#b9afd0 26GiB/35GiB(76%) CN:8 DL:9.4MiB ETA:15m15s]
[#b9afd0 26GiB/35GiB(76%) CN:8 DL:9.6MiB ETA:15m1s]
[#b9afd0 26GiB/35GiB(76%) CN:8 DL:9.3MiB ETA:15m24s]
[#b9afd0 26GiB/35GiB(76%) CN:8 DL:9.4MiB ETA:15m19s]
[#b9afd0 26GiB/35GiB(76%) CN:8 DL:9.4MiB ETA:15m17s]
[#b9afd0 26GiB/35GiB(76%) CN:8 DL:9.4MiB ETA:15m17s]
[#b9afd0 26GiB/35GiB(76%) CN:8 DL:9.2MiB ETA:15m29s]
[#b9afd0 26GiB/35GiB(76%) CN:8 DL:9.2MiB ETA:15m29s]
[#b9afd0 26GiB/35GiB(76%) CN:8 DL:9.1MiB ETA:15m37s]
[#b9afd0 26GiB/35GiB(76%) CN:8 DL:9.3MiB ETA:15m25s]
[#b9afd0 26GiB/35GiB(76%) CN:8 DL:9.1MiB ETA:15m37s]
[#b9afd0 26GiB/35GiB(76%) CN:8 DL:9.0MiB ETA:15m46s]
[#b9afd0 26GiB/35GiB(76%) CN:8 DL:9.2MiB ETA:15m26s]
[#b9afd0 27GiB/35GiB(76%) CN:8 DL:9.1MiB ETA:15m41s]
[#b9afd0 27GiB/35GiB(76%) CN:8 DL:9.0MiB ETA:15m44s]
[#b9afd0 27GiB/35GiB(76%) CN:8 DL:8.9MiB ETA:15m56s]
[#b9afd0 27GiB/35GiB(76%) CN:8 DL:8.9MiB ETA:15m59s]
[#b9afd0 27GiB/35GiB(76%) CN:8 DL:9.0MiB ETA:15m46s]
[#b9afd0 27GiB/35GiB(76%) CN:8 DL:8.9MiB ETA:15m48s]
[#b9afd0 27GiB/35GiB(76%) CN:8 DL:9.2MiB ETA:15m24s]
[#b9afd0 27GiB/35GiB(76%) CN:8 DL:8.9MiB ETA:15m52s]
[#b9afd0 27GiB/35GiB(76%) CN:8 DL:9.1MiB ETA:15m27s]
[#b9afd0 27GiB/35GiB(76%) CN:8 DL:8.9MiB ETA:15m54s]
[#b9afd0 27GiB/35GiB(76%) CN:8 DL:9.1MiB ETA:15m25s]
[#b9afd0 27GiB/35GiB(76%) CN:8 DL:8.9MiB ETA:15m48s]
[#b9afd0 27GiB/35GiB(76%) CN:8 DL:8.9MiB ETA:15m41s]
[#b9afd0 27GiB/35GiB(76%) CN:8 DL:9.2MiB ETA:15m17s]
[#b9afd0 27GiB/35GiB(76%) CN:8 DL:9.1MiB ETA:15m18s]
[#b9afd0 27GiB/35GiB(76%) CN:8 DL:9.3MiB ETA:15m1s]
[#b9afd0 27GiB/35GiB(76%) CN:8 DL:9.5MiB ETA:14m44s]
[#b9afd0 27GiB/35GiB(76%) CN:8 DL:9.2MiB ETA:15m15s]
[#b9afd0 27GiB/35GiB(76%) CN:8 DL:9.2MiB ETA:15m9s]
[#b9afd0 27GiB/35GiB(76%) CN:8 DL:9.2MiB ETA:15m6s]
[#b9afd0 27GiB/35GiB(76%) CN:8 DL:9.3MiB ETA:14m53s]
[#b9afd0 27GiB/35GiB(76%) CN:8 DL:9.1MiB ETA:15m12s]
[#b9afd0 27GiB/35GiB(76%) CN:8 DL:9.0MiB ETA:15m30s]
[#b9afd0 27GiB/35GiB(76%) CN:8 DL:9.0MiB ETA:15m29s]
[#b9afd0 27GiB/35GiB(76%) CN:8 DL:9.2MiB ETA:15m7s]
[#b9afd0 27GiB/35GiB(76%) CN:8 DL:9.0MiB ETA:15m18s]
[#b9afd0 27GiB/35GiB(76%) CN:8 DL:9.3MiB ETA:14m48s]
[#b9afd0 27GiB/35GiB(77%) CN:8 DL:9.4MiB ETA:14m41s]
[#b9afd0 27GiB/35GiB(77%) CN:8 DL:9.0MiB ETA:15m22s]
[#b9afd0 27GiB/35GiB(77%) CN:8 DL:8.9MiB ETA:15m32s]
[#b9afd0 27GiB/35GiB(77%) CN:8 DL:8.6MiB ETA:15m58s]
[#b9afd0 27GiB/35GiB(77%) CN:8 DL:8.8MiB ETA:15m38s]
[#b9afd0 27GiB/35GiB(77%) CN:8 DL:8.7MiB ETA:15m50s]
[#b9afd0 27GiB/35GiB(77%) CN:8 DL:8.5MiB ETA:16m13s]
[#b9afd0 27GiB/35GiB(77%) CN:8 DL:8.2MiB ETA:16m37s]
[#b9afd0 27GiB/35GiB(77%) CN:8 DL:8.2MiB ETA:16m35s]
[#b9afd0 27GiB/35GiB(77%) CN:8 DL:8.1MiB ETA:16m46s]
[#b9afd0 27GiB/35GiB(77%) CN:8 DL:8.4MiB ETA:16m14s]
[#b9afd0 27GiB/35GiB(77%) CN:8 DL:7.9MiB ETA:17m10s]
[#b9afd0 27GiB/35GiB(77%) CN:8 DL:8.2MiB ETA:16m38s]
[#b9afd0 27GiB/35GiB(77%) CN:8 DL:8.3MiB ETA:16m22s]
[#b9afd0 27GiB/35GiB(77%) CN:8 DL:8.2MiB ETA:16m31s]
[#b9afd0 27GiB/35GiB(77%) CN:8 DL:8.4MiB ETA:16m8s]
[#b9afd0 27GiB/35GiB(77%) CN:8 DL:8.7MiB ETA:15m39s]
[#b9afd0 27GiB/35GiB(77%) CN:8 DL:8.8MiB ETA:15m27s]
[#b9afd0 27GiB/35GiB(77%) CN:8 DL:8.7MiB ETA:15m31s]
[#b9afd0 27GiB/35GiB(77%) CN:8 DL:8.8MiB ETA:15m26s]
[#b9afd0 27GiB/35GiB(77%) CN:8 DL:9.2MiB ETA:14m36s]
[#b9afd0 27GiB/35GiB(77%) CN:8 DL:9.0MiB ETA:15m3s]
[#b9afd0 27GiB/35GiB(77%) CN:8 DL:9.0MiB ETA:14m56s]
[#b9afd0 27GiB/35GiB(77%) CN:8 DL:9.0MiB ETA:14m56s]
[#b9afd0 27GiB/35GiB(77%) CN:8 DL:9.1MiB ETA:14m47s]
[#b9afd0 27GiB/35GiB(77%) CN:8 DL:9.0MiB ETA:14m53s]
[#b9afd0 27GiB/35GiB(77%) CN:8 DL:8.7MiB ETA:15m25s]
[#b9afd0 27GiB/35GiB(77%) CN:8 DL:8.9MiB ETA:15m8s]
[#b9afd0 27GiB/35GiB(77%) CN:8 DL:8.8MiB ETA:15m15s]
[#b9afd0 27GiB/35GiB(77%) CN:8 DL:8.7MiB ETA:15m18s]
[#b9afd0 27GiB/35GiB(77%) CN:8 DL:8.7MiB ETA:15m21s]
[#b9afd0 27GiB/35GiB(77%) CN:8 DL:8.8MiB ETA:15m11s]
[#b9afd0 27GiB/35GiB(77%) CN:8 DL:8.5MiB ETA:15m47s]
[#b9afd0 27GiB/35GiB(77%) CN:8 DL:8.3MiB ETA:15m59s]
[#b9afd0 27GiB/35GiB(77%) CN:8 DL:8.2MiB ETA:16m10s]
[#b9afd0 27GiB/35GiB(77%) CN:8 DL:8.0MiB ETA:16m31s]
[#b9afd0 27GiB/35GiB(77%) CN:8 DL:8.2MiB ETA:16m13s]
[#b9afd0 27GiB/35GiB(77%) CN:8 DL:8.0MiB ETA:16m38s]
[#b9afd0 27GiB/35GiB(77%) CN:8 DL:8.1MiB ETA:16m24s]
[#b9afd0 27GiB/35GiB(77%) CN:8 DL:8.0MiB ETA:16m30s]
[#b9afd0 27GiB/35GiB(77%) CN:8 DL:8.1MiB ETA:16m16s]
[#b9afd0 27GiB/35GiB(77%) CN:8 DL:8.5MiB ETA:15m33s]
[#b9afd0 27GiB/35GiB(77%) CN:8 DL:8.4MiB ETA:15m48s]
[#b9afd0 27GiB/35GiB(78%) CN:8 DL:8.3MiB ETA:15m57s]
[#b9afd0 27GiB/35GiB(78%) CN:8 DL:8.2MiB ETA:16m7s]
[#b9afd0 27GiB/35GiB(78%) CN:8 DL:8.5MiB ETA:15m31s]
[#b9afd0 27GiB/35GiB(78%) CN:8 DL:8.4MiB ETA:15m37s]
[#b9afd0 27GiB/35GiB(78%) CN:8 DL:8.5MiB ETA:15m31s]
[#b9afd0 27GiB/35GiB(78%) CN:8 DL:8.4MiB ETA:15m34s]
[#b9afd0 27GiB/35GiB(78%) CN:8 DL:8.6MiB ETA:15m18s]
[#b9afd0 27GiB/35GiB(78%) CN:8 DL:8.5MiB ETA:15m22s]
[#b9afd0 27GiB/35GiB(78%) CN:8 DL:8.5MiB ETA:15m22s]
[#b9afd0 27GiB/35GiB(78%) CN:8 DL:8.6MiB ETA:15m15s]
[#b9afd0 27GiB/35GiB(78%) CN:8 DL:8.6MiB ETA:15m7s]
[#b9afd0 27GiB/35GiB(78%) CN:8 DL:8.6MiB ETA:15m6s]
[#b9afd0 27GiB/35GiB(78%) CN:8 DL:8.4MiB ETA:15m30s]
[#b9afd0 27GiB/35GiB(78%) CN:8 DL:8.5MiB ETA:15m23s]
[#b9afd0 27GiB/35GiB(78%) CN:8 DL:8.5MiB ETA:15m12s]
[#b9afd0 27GiB/35GiB(78%) CN:8 DL:8.4MiB ETA:15m26s]
[#b9afd0 27GiB/35GiB(78%) CN:8 DL:8.2MiB ETA:15m45s]
[#b9afd0 27GiB/35GiB(78%) CN:8 DL:8.2MiB ETA:15m42s]
[#b9afd0 27GiB/35GiB(78%) CN:8 DL:8.3MiB ETA:15m40s]
[#b9afd0 27GiB/35GiB(78%) CN:8 DL:8.4MiB ETA:15m28s]
[#b9afd0 27GiB/35GiB(78%) CN:8 DL:8.1MiB ETA:16m2s]
[#b9afd0 27GiB/35GiB(78%) CN:8 DL:8.1MiB ETA:15m50s]
[#b9afd0 27GiB/35GiB(78%) CN:8 DL:8.2MiB ETA:15m47s]
[#b9afd0 27GiB/35GiB(78%) CN:8 DL:8.2MiB ETA:15m45s]
[#b9afd0 27GiB/35GiB(78%) CN:8 DL:8.0MiB ETA:15m58s]
[#b9afd0 27GiB/35GiB(78%) CN:8 DL:8.1MiB ETA:15m48s]
[#b9afd0 27GiB/35GiB(78%) CN:8 DL:8.0MiB ETA:16m5s]
[#b9afd0 27GiB/35GiB(78%) CN:8 DL:8.1MiB ETA:15m47s]
[#b9afd0 27GiB/35GiB(78%) CN:8 DL:8.1MiB ETA:15m49s]
[#b9afd0 27GiB/35GiB(78%) CN:8 DL:8.3MiB ETA:15m27s]
[#b9afd0 27GiB/35GiB(78%) CN:8 DL:8.1MiB ETA:15m43s]
[#b9afd0 27GiB/35GiB(78%) CN:8 DL:7.8MiB ETA:16m17s]
[#b9afd0 27GiB/35GiB(78%) CN:8 DL:7.7MiB ETA:16m30s]
[#b9afd0 27GiB/35GiB(78%) CN:8 DL:7.4MiB ETA:17m12s]
[#b9afd0 27GiB/35GiB(78%) CN:8 DL:7.4MiB ETA:17m11s]
[#b9afd0 27GiB/35GiB(78%) CN:8 DL:7.3MiB ETA:17m28s]
[#b9afd0 27GiB/35GiB(78%) CN:8 DL:7.0MiB ETA:18m6s]
[#b9afd0 27GiB/35GiB(78%) CN:8 DL:6.9MiB ETA:18m15s]
[#b9afd0 27GiB/35GiB(78%) CN:8 DL:6.9MiB ETA:18m28s]
[#b9afd0 27GiB/35GiB(78%) CN:8 DL:6.7MiB ETA:18m48s]
[#b9afd0 27GiB/35GiB(78%) CN:8 DL:6.9MiB ETA:18m20s]
[#b9afd0 27GiB/35GiB(78%) CN:8 DL:6.8MiB ETA:18m42s]
[#b9afd0 27GiB/35GiB(78%) CN:8 DL:6.9MiB ETA:18m17s]
[#b9afd0 27GiB/35GiB(78%) CN:8 DL:6.9MiB ETA:18m15s]
[#b9afd0 27GiB/35GiB(78%) CN:8 DL:7.0MiB ETA:18m6s]
[#b9afd0 27GiB/35GiB(79%) CN:8 DL:7.0MiB ETA:17m56s]
[#b9afd0 27GiB/35GiB(79%) CN:8 DL:7.3MiB ETA:17m17s]
[#b9afd0 27GiB/35GiB(79%) CN:8 DL:7.2MiB ETA:17m23s]
[#b9afd0 27GiB/35GiB(79%) CN:8 DL:7.4MiB ETA:16m51s]
[#b9afd0 27GiB/35GiB(79%) CN:8 DL:7.4MiB ETA:16m56s]
[#b9afd0 27GiB/35GiB(79%) CN:8 DL:7.8MiB ETA:16m5s]
[#b9afd0 27GiB/35GiB(79%) CN:8 DL:7.6MiB ETA:16m25s]
[#b9afd0 28GiB/35GiB(79%) CN:8 DL:7.6MiB ETA:16m24s]
[#b9afd0 28GiB/35GiB(79%) CN:8 DL:7.9MiB ETA:15m48s]
[#b9afd0 28GiB/35GiB(79%) CN:8 DL:8.0MiB ETA:15m41s]
[#b9afd0 28GiB/35GiB(79%) CN:8 DL:8.0MiB ETA:15m31s]
[#b9afd0 28GiB/35GiB(79%) CN:8 DL:8.0MiB ETA:15m32s]
[#b9afd0 28GiB/35GiB(79%) CN:8 DL:8.1MiB ETA:15m16s]
[#b9afd0 28GiB/35GiB(79%) CN:8 DL:8.3MiB ETA:14m59s]
[#b9afd0 28GiB/35GiB(79%) CN:8 DL:8.6MiB ETA:14m30s]
[#b9afd0 28GiB/35GiB(79%) CN:8 DL:8.6MiB ETA:14m23s]
[#b9afd0 28GiB/35GiB(79%) CN:8 DL:8.5MiB ETA:14m35s]
[#b9afd0 28GiB/35GiB(79%) CN:8 DL:8.2MiB ETA:15m3s]
[#b9afd0 28GiB/35GiB(79%) CN:8 DL:8.4MiB ETA:14m38s]
[#b9afd0 28GiB/35GiB(79%) CN:8 DL:8.0MiB ETA:15m23s]
[#b9afd0 28GiB/35GiB(79%) CN:8 DL:8.2MiB ETA:15m7s]
[#b9afd0 28GiB/35GiB(79%) CN:8 DL:8.0MiB ETA:15m20s]
[#b9afd0 28GiB/35GiB(79%) CN:8 DL:7.9MiB ETA:15m36s]
[#b9afd0 28GiB/35GiB(79%) CN:8 DL:7.7MiB ETA:15m56s]
[#b9afd0 28GiB/35GiB(79%) CN:8 DL:7.8MiB ETA:15m44s]
[#b9afd0 28GiB/35GiB(79%) CN:8 DL:7.5MiB ETA:16m26s]
[#b9afd0 28GiB/35GiB(79%) CN:8 DL:7.8MiB ETA:15m45s]
[#b9afd0 28GiB/35GiB(79%) CN:8 DL:7.5MiB ETA:16m24s]
[#b9afd0 28GiB/35GiB(79%) CN:8 DL:7.5MiB ETA:16m17s]
[#b9afd0 28GiB/35GiB(79%) CN:8 DL:7.6MiB ETA:16m10s]
[#b9afd0 28GiB/35GiB(79%) CN:8 DL:7.6MiB ETA:15m59s]
[#b9afd0 28GiB/35GiB(79%) CN:8 DL:7.6MiB ETA:16m4s]
[#b9afd0 28GiB/35GiB(79%) CN:8 DL:7.6MiB ETA:16m7s]
[#b9afd0 28GiB/35GiB(79%) CN:8 DL:7.4MiB ETA:16m25s]
[#b9afd0 28GiB/35GiB(79%) CN:8 DL:7.6MiB ETA:15m56s]
[#b9afd0 28GiB/35GiB(79%) CN:8 DL:7.8MiB ETA:15m37s]
[#b9afd0 28GiB/35GiB(79%) CN:8 DL:7.8MiB ETA:15m28s]
[#b9afd0 28GiB/35GiB(79%) CN:8 DL:7.8MiB ETA:15m36s]
[#b9afd0 28GiB/35GiB(79%) CN:8 DL:7.4MiB ETA:16m16s]
[#b9afd0 28GiB/35GiB(79%) CN:8 DL:7.5MiB ETA:16m9s]
[#b9afd0 28GiB/35GiB(79%) CN:8 DL:7.5MiB ETA:16m4s]
[#b9afd0 28GiB/35GiB(79%) CN:8 DL:7.4MiB ETA:16m19s]
[#b9afd0 28GiB/35GiB(79%) CN:8 DL:7.4MiB ETA:16m15s]
[#b9afd0 28GiB/35GiB(79%) CN:8 DL:7.5MiB ETA:15m58s]
[#b9afd0 28GiB/35GiB(79%) CN:8 DL:7.4MiB ETA:16m10s]
[#b9afd0 28GiB/35GiB(79%) CN:8 DL:7.6MiB ETA:15m47s]
[#b9afd0 28GiB/35GiB(80%) CN:8 DL:7.8MiB ETA:15m19s]
[#b9afd0 28GiB/35GiB(80%) CN:8 DL:7.9MiB ETA:15m6s]
[#b9afd0 28GiB/35GiB(80%) CN:8 DL:8.1MiB ETA:14m47s]
[#b9afd0 28GiB/35GiB(80%) CN:8 DL:8.2MiB ETA:14m40s]
[#b9afd0 28GiB/35GiB(80%) CN:8 DL:8.2MiB ETA:14m31s]
[#b9afd0 28GiB/35GiB(80%) CN:8 DL:8.1MiB ETA:14m39s]
[#b9afd0 28GiB/35GiB(80%) CN:8 DL:8.3MiB ETA:14m17s]
[#b9afd0 28GiB/35GiB(80%) CN:8 DL:8.3MiB ETA:14m18s]
[#b9afd0 28GiB/35GiB(80%) CN:8 DL:8.3MiB ETA:14m15s]
[#b9afd0 28GiB/35GiB(80%) CN:8 DL:8.3MiB ETA:14m19s]
[#b9afd0 28GiB/35GiB(80%) CN:8 DL:8.3MiB ETA:14m17s]
[#b9afd0 28GiB/35GiB(80%) CN:8 DL:8.4MiB ETA:14m11s]
[#b9afd0 28GiB/35GiB(80%) CN:8 DL:8.5MiB ETA:13m51s]
[#b9afd0 28GiB/35GiB(80%) CN:8 DL:8.5MiB ETA:13m58s]
[#b9afd0 28GiB/35GiB(80%) CN:8 DL:8.5MiB ETA:13m50s]
[#b9afd0 28GiB/35GiB(80%) CN:8 DL:8.7MiB ETA:13m33s]
[#b9afd0 28GiB/35GiB(80%) CN:8 DL:8.5MiB ETA:13m47s]
[#b9afd0 28GiB/35GiB(80%) CN:8 DL:8.7MiB ETA:13m30s]
[#b9afd0 28GiB/35GiB(80%) CN:8 DL:8.5MiB ETA:13m52s]
[#b9afd0 28GiB/35GiB(80%) CN:8 DL:8.5MiB ETA:13m44s]
[#b9afd0 28GiB/35GiB(80%) CN:8 DL:8.5MiB ETA:13m46s]
[#b9afd0 28GiB/35GiB(80%) CN:8 DL:8.4MiB ETA:13m51s]
[#b9afd0 28GiB/35GiB(80%) CN:8 DL:8.3MiB ETA:14m7s]
[#b9afd0 28GiB/35GiB(80%) CN:8 DL:8.1MiB ETA:14m25s]
[#b9afd0 28GiB/35GiB(80%) CN:8 DL:8.2MiB ETA:14m13s]
[#b9afd0 28GiB/35GiB(80%) CN:8 DL:8.1MiB ETA:14m21s]
[#b9afd0 28GiB/35GiB(80%) CN:8 DL:8.0MiB ETA:14m32s]
[#b9afd0 28GiB/35GiB(80%) CN:8 DL:8.0MiB ETA:14m28s]
[#b9afd0 28GiB/35GiB(80%) CN:8 DL:8.1MiB ETA:14m17s]
[#b9afd0 28GiB/35GiB(80%) CN:8 DL:8.2MiB ETA:14m7s]
[#b9afd0 28GiB/35GiB(80%) CN:8 DL:8.4MiB ETA:13m49s]
[#b9afd0 28GiB/35GiB(80%) CN:8 DL:8.3MiB ETA:13m55s]
[#b9afd0 28GiB/35GiB(80%) CN:8 DL:8.8MiB ETA:13m5s]
[#b9afd0 28GiB/35GiB(80%) CN:8 DL:8.8MiB ETA:13m3s]
[#b9afd0 28GiB/35GiB(80%) CN:8 DL:8.5MiB ETA:13m30s]
[#b9afd0 28GiB/35GiB(80%) CN:8 DL:8.7MiB ETA:13m14s]
[#b9afd0 28GiB/35GiB(80%) CN:8 DL:8.8MiB ETA:13m7s]
[#b9afd0 28GiB/35GiB(80%) CN:8 DL:8.9MiB ETA:12m51s]
[#b9afd0 28GiB/35GiB(80%) CN:8 DL:9.0MiB ETA:12m47s]
[#b9afd0 28GiB/35GiB(80%) CN:8 DL:8.7MiB ETA:13m13s]
[#b9afd0 28GiB/35GiB(80%) CN:8 DL:8.7MiB ETA:13m13s]
[#b9afd0 28GiB/35GiB(80%) CN:8 DL:8.9MiB ETA:12m54s]
[#b9afd0 28GiB/35GiB(80%) CN:8 DL:8.7MiB ETA:13m9s]
[#b9afd0 28GiB/35GiB(81%) CN:8 DL:9.0MiB ETA:12m37s]
[#b9afd0 28GiB/35GiB(81%) CN:8 DL:8.6MiB ETA:13m18s]
[#b9afd0 28GiB/35GiB(81%) CN:8 DL:8.7MiB ETA:13m8s]
[#b9afd0 28GiB/35GiB(81%) CN:8 DL:8.8MiB ETA:12m50s]
[#b9afd0 28GiB/35GiB(81%) CN:8 DL:8.8MiB ETA:12m49s]
[#b9afd0 28GiB/35GiB(81%) CN:8 DL:8.9MiB ETA:12m41s]
[#b9afd0 28GiB/35GiB(81%) CN:8 DL:9.3MiB ETA:12m13s]
 *** Download Progress Summary as of Sun Sep 20 13:33:55 2026 *** 
===============================================================================
[#b9afd0 28GiB/35GiB(81%) CN:8 DL:9.0MiB ETA:12m30s]
FILE: urbansarfloods/urban_sar_floods.tar.gz
-------------------------------------------------------------------------------

[#b9afd0 28GiB/35GiB(81%) CN:8 DL:9.0MiB ETA:12m30s]
[#b9afd0 28GiB/35GiB(81%) CN:8 DL:9.0MiB ETA:12m36s]
[#b9afd0 28GiB/35GiB(81%) CN:8 DL:9.2MiB ETA:12m13s]
[#b9afd0 28GiB/35GiB(81%) CN:8 DL:9.5MiB ETA:11m50s]
[#b9afd0 28GiB/35GiB(81%) CN:8 DL:9.2MiB ETA:12m14s]
[#b9afd0 28GiB/35GiB(81%) CN:8 DL:9.0MiB ETA:12m28s]
[#b9afd0 28GiB/35GiB(81%) CN:8 DL:9.1MiB ETA:12m19s]
[#b9afd0 28GiB/35GiB(81%) CN:8 DL:9.1MiB ETA:12m16s]
[#b9afd0 28GiB/35GiB(81%) CN:8 DL:8.8MiB ETA:12m38s]
[#b9afd0 28GiB/35GiB(81%) CN:8 DL:9.2MiB ETA:12m9s]
[#b9afd0 28GiB/35GiB(81%) CN:8 DL:9.0MiB ETA:12m19s]
[#b9afd0 28GiB/35GiB(81%) CN:8 DL:8.9MiB ETA:12m31s]
[#b9afd0 28GiB/35GiB(81%) CN:8 DL:9.0MiB ETA:12m22s]
[#b9afd0 28GiB/35GiB(81%) CN:8 DL:8.9MiB ETA:12m25s]
[#b9afd0 28GiB/35GiB(81%) CN:8 DL:8.9MiB ETA:12m30s]
[#b9afd0 28GiB/35GiB(81%) CN:8 DL:8.4MiB ETA:13m14s]
[#b9afd0 28GiB/35GiB(81%) CN:8 DL:8.5MiB ETA:12m56s]
[#b9afd0 28GiB/35GiB(81%) CN:8 DL:8.5MiB ETA:12m57s]
[#b9afd0 28GiB/35GiB(81%) CN:8 DL:8.4MiB ETA:13m10s]
[#b9afd0 28GiB/35GiB(81%) CN:8 DL:8.3MiB ETA:13m20s]
[#b9afd0 28GiB/35GiB(81%) CN:8 DL:8.2MiB ETA:13m20s]
[#b9afd0 28GiB/35GiB(81%) CN:8 DL:8.2MiB ETA:13m25s]
[#b9afd0 28GiB/35GiB(81%) CN:8 DL:8.4MiB ETA:13m1s]
[#b9afd0 28GiB/35GiB(81%) CN:8 DL:8.2MiB ETA:13m16s]
[#b9afd0 28GiB/35GiB(81%) CN:8 DL:8.3MiB ETA:13m13s]
[#b9afd0 28GiB/35GiB(81%) CN:8 DL:8.1MiB ETA:13m28s]
[#b9afd0 28GiB/35GiB(81%) CN:8 DL:8.3MiB ETA:13m6s]
[#b9afd0 28GiB/35GiB(81%) CN:8 DL:8.4MiB ETA:12m58s]
[#b9afd0 28GiB/35GiB(81%) CN:8 DL:8.4MiB ETA:12m54s]
[#b9afd0 28GiB/35GiB(81%) CN:8 DL:8.3MiB ETA:13m2s]
[#b9afd0 28GiB/35GiB(81%) CN:8 DL:8.8MiB ETA:12m19s]
[#b9afd0 28GiB/35GiB(81%) CN:8 DL:8.6MiB ETA:12m32s]
[#b9afd0 28GiB/35GiB(81%) CN:8 DL:8.3MiB ETA:12m59s]
[#b9afd0 29GiB/35GiB(81%) CN:8 DL:8.6MiB ETA:12m34s]
[#b9afd0 29GiB/35GiB(82%) CN:8 DL:8.9MiB ETA:12m7s]
[#b9afd0 29GiB/35GiB(82%) CN:8 DL:8.6MiB ETA:12m33s]
[#b9afd0 29GiB/35GiB(82%) CN:8 DL:8.7MiB ETA:12m23s]
[#b9afd0 29GiB/35GiB(82%) CN:8 DL:8.6MiB ETA:12m27s]
[#b9afd0 29GiB/35GiB(82%) CN:8 DL:8.6MiB ETA:12m28s]
[#b9afd0 29GiB/35GiB(82%) CN:8 DL:8.7MiB ETA:12m20s]
[#b9afd0 29GiB/35GiB(82%) CN:8 DL:8.7MiB ETA:12m20s]
[#b9afd0 29GiB/35GiB(82%) CN:8 DL:8.7MiB ETA:12m17s]
[#b9afd0 29GiB/35GiB(82%) CN:8 DL:8.4MiB ETA:12m42s]
[#b9afd0 29GiB/35GiB(82%) CN:8 DL:8.5MiB ETA:12m36s]
[#b9afd0 29GiB/35GiB(82%) CN:8 DL:8.6MiB ETA:12m25s]
[#b9afd0 29GiB/35GiB(82%) CN:8 DL:8.4MiB ETA:12m42s]
[#b9afd0 29GiB/35GiB(82%) CN:8 DL:8.5MiB ETA:12m31s]
[#b9afd0 29GiB/35GiB(82%) CN:8 DL:8.3MiB ETA:12m47s]
[#b9afd0 29GiB/35GiB(82%) CN:8 DL:8.3MiB ETA:12m43s]
[#b9afd0 29GiB/35GiB(82%) CN:8 DL:8.2MiB ETA:12m54s]
[#b9afd0 29GiB/35GiB(82%) CN:8 DL:8.4MiB ETA:12m37s]
[#b9afd0 29GiB/35GiB(82%) CN:8 DL:8.7MiB ETA:12m11s]
[#b9afd0 29GiB/35GiB(82%) CN:8 DL:8.7MiB ETA:12m11s]
[#b9afd0 29GiB/35GiB(82%) CN:8 DL:8.7MiB ETA:12m6s]
[#b9afd0 29GiB/35GiB(82%) CN:8 DL:8.6MiB ETA:12m10s]
[#b9afd0 29GiB/35GiB(82%) CN:8 DL:8.8MiB ETA:11m55s]
[#b9afd0 29GiB/35GiB(82%) CN:8 DL:8.5MiB ETA:12m18s]
[#b9afd0 29GiB/35GiB(82%) CN:8 DL:8.7MiB ETA:12m5s]
[#b9afd0 29GiB/35GiB(82%) CN:8 DL:8.8MiB ETA:11m50s]
[#b9afd0 29GiB/35GiB(82%) CN:8 DL:8.5MiB ETA:12m14s]
[#b9afd0 29GiB/35GiB(82%) CN:8 DL:8.5MiB ETA:12m14s]
[#b9afd0 29GiB/35GiB(82%) CN:8 DL:8.5MiB ETA:12m11s]
[#b9afd0 29GiB/35GiB(82%) CN:8 DL:8.3MiB ETA:12m36s]
[#b9afd0 29GiB/35GiB(82%) CN:8 DL:8.6MiB ETA:12m2s]
[#b9afd0 29GiB/35GiB(82%) CN:8 DL:8.6MiB ETA:12m3s]
[#b9afd0 29GiB/35GiB(82%) CN:8 DL:8.8MiB ETA:11m43s]
[#b9afd0 29GiB/35GiB(82%) CN:8 DL:8.7MiB ETA:11m54s]
[#b9afd0 29GiB/35GiB(82%) CN:8 DL:8.5MiB ETA:12m6s]
[#b9afd0 29GiB/35GiB(82%) CN:8 DL:8.4MiB ETA:12m13s]
[#b9afd0 29GiB/35GiB(82%) CN:8 DL:8.5MiB ETA:12m3s]
[#b9afd0 29GiB/35GiB(82%) CN:8 DL:8.6MiB ETA:11m59s]
[#b9afd0 29GiB/35GiB(82%) CN:8 DL:8.6MiB ETA:11m59s]
[#b9afd0 29GiB/35GiB(82%) CN:8 DL:8.5MiB ETA:12m]
[#b9afd0 29GiB/35GiB(82%) CN:8 DL:8.5MiB ETA:12m3s]
[#b9afd0 29GiB/35GiB(82%) CN:8 DL:8.5MiB ETA:12m5s]
[#b9afd0 29GiB/35GiB(82%) CN:8 DL:8.8MiB ETA:11m34s]
[#b9afd0 29GiB/35GiB(83%) CN:8 DL:8.7MiB ETA:11m47s]
[#b9afd0 29GiB/35GiB(83%) CN:8 DL:8.6MiB ETA:11m48s]
[#b9afd0 29GiB/35GiB(83%) CN:8 DL:8.7MiB ETA:11m41s]
[#b9afd0 29GiB/35GiB(83%) CN:8 DL:8.7MiB ETA:11m43s]
[#b9afd0 29GiB/35GiB(83%) CN:8 DL:8.9MiB ETA:11m24s]
[#b9afd0 29GiB/35GiB(83%) CN:8 DL:8.8MiB ETA:11m32s]
[#b9afd0 29GiB/35GiB(83%) CN:8 DL:8.8MiB ETA:11m30s]
[#b9afd0 29GiB/35GiB(83%) CN:8 DL:8.8MiB ETA:11m25s]
[#b9afd0 29GiB/35GiB(83%) CN:8 DL:8.7MiB ETA:11m33s]
[#b9afd0 29GiB/35GiB(83%) CN:8 DL:9.0MiB ETA:11m8s]
[#b9afd0 29GiB/35GiB(83%) CN:8 DL:9.2MiB ETA:10m57s]
[#b9afd0 29GiB/35GiB(83%) CN:8 DL:8.9MiB ETA:11m20s]
[#b9afd0 29GiB/35GiB(83%) CN:8 DL:8.9MiB ETA:11m12s]
[#b9afd0 29GiB/35GiB(83%) CN:8 DL:8.6MiB ETA:11m39s]
[#b9afd0 29GiB/35GiB(83%) CN:8 DL:8.8MiB ETA:11m22s]
[#b9afd0 29GiB/35GiB(83%) CN:8 DL:8.8MiB ETA:11m17s]
[#b9afd0 29GiB/35GiB(83%) CN:8 DL:8.9MiB ETA:11m11s]
[#b9afd0 29GiB/35GiB(83%) CN:8 DL:9.1MiB ETA:10m55s]
[#b9afd0 29GiB/35GiB(83%) CN:8 DL:8.9MiB ETA:11m8s]
[#b9afd0 29GiB/35GiB(83%) CN:8 DL:8.8MiB ETA:11m15s]
[#b9afd0 29GiB/35GiB(83%) CN:8 DL:9.3MiB ETA:10m39s]
[#b9afd0 29GiB/35GiB(83%) CN:8 DL:8.8MiB ETA:11m13s]
[#b9afd0 29GiB/35GiB(83%) CN:8 DL:8.7MiB ETA:11m21s]
[#b9afd0 29GiB/35GiB(83%) CN:8 DL:8.9MiB ETA:11m5s]
[#b9afd0 29GiB/35GiB(83%) CN:8 DL:8.8MiB ETA:11m13s]
[#b9afd0 29GiB/35GiB(83%) CN:8 DL:8.9MiB ETA:11m3s]
[#b9afd0 29GiB/35GiB(83%) CN:8 DL:8.9MiB ETA:11m4s]
[#b9afd0 29GiB/35GiB(83%) CN:8 DL:8.8MiB ETA:11m7s]
[#b9afd0 29GiB/35GiB(83%) CN:8 DL:9.1MiB ETA:10m44s]
[#b9afd0 29GiB/35GiB(83%) CN:8 DL:8.9MiB ETA:10m57s]
[#b9afd0 29GiB/35GiB(83%) CN:8 DL:8.9MiB ETA:10m57s]
[#b9afd0 29GiB/35GiB(83%) CN:8 DL:9.2MiB ETA:10m38s]
[#b9afd0 29GiB/35GiB(83%) CN:8 DL:9.1MiB ETA:10m39s]
[#b9afd0 29GiB/35GiB(83%) CN:8 DL:8.9MiB ETA:10m53s]
[#b9afd0 29GiB/35GiB(83%) CN:8 DL:8.9MiB ETA:10m53s]
[#b9afd0 29GiB/35GiB(83%) CN:8 DL:8.7MiB ETA:11m4s]
[#b9afd0 29GiB/35GiB(83%) CN:8 DL:8.8MiB ETA:11m1s]
[#b9afd0 29GiB/35GiB(83%) CN:8 DL:9.0MiB ETA:10m47s]
[#b9afd0 29GiB/35GiB(83%) CN:8 DL:8.6MiB ETA:11m15s]
[#b9afd0 29GiB/35GiB(83%) CN:8 DL:8.7MiB ETA:11m1s]
[#b9afd0 29GiB/35GiB(83%) CN:8 DL:8.8MiB ETA:10m54s]
[#b9afd0 29GiB/35GiB(84%) CN:8 DL:8.9MiB ETA:10m45s]
[#b9afd0 29GiB/35GiB(84%) CN:8 DL:8.5MiB ETA:11m17s]
[#b9afd0 29GiB/35GiB(84%) CN:8 DL:8.8MiB ETA:10m55s]
[#b9afd0 29GiB/35GiB(84%) CN:8 DL:8.7MiB ETA:11m1s]
[#b9afd0 29GiB/35GiB(84%) CN:8 DL:8.6MiB ETA:11m5s]
[#b9afd0 29GiB/35GiB(84%) CN:8 DL:8.6MiB ETA:11m1s]
[#b9afd0 29GiB/35GiB(84%) CN:8 DL:8.7MiB ETA:10m59s]
[#b9afd0 29GiB/35GiB(84%) CN:8 DL:8.6MiB ETA:10m59s]
[#b9afd0 29GiB/35GiB(84%) CN:8 DL:8.9MiB ETA:10m36s]
[#b9afd0 29GiB/35GiB(84%) CN:8 DL:8.7MiB ETA:10m50s]
[#b9afd0 29GiB/35GiB(84%) CN:8 DL:9.0MiB ETA:10m32s]
[#b9afd0 29GiB/35GiB(84%) CN:8 DL:8.9MiB ETA:10m39s]
[#b9afd0 29GiB/35GiB(84%) CN:8 DL:8.7MiB ETA:10m46s]
[#b9afd0 29GiB/35GiB(84%) CN:8 DL:8.7MiB ETA:10m50s]
[#b9afd0 29GiB/35GiB(84%) CN:8 DL:8.7MiB ETA:10m44s]
[#b9afd0 29GiB/35GiB(84%) CN:8 DL:8.6MiB ETA:10m53s]
[#b9afd0 29GiB/35GiB(84%) CN:8 DL:8.6MiB ETA:10m54s]
[#b9afd0 29GiB/35GiB(84%) CN:8 DL:8.4MiB ETA:11m6s]
[#b9afd0 29GiB/35GiB(84%) CN:8 DL:8.6MiB ETA:10m49s]
[#b9afd0 29GiB/35GiB(84%) CN:8 DL:8.7MiB ETA:10m45s]
[#b9afd0 29GiB/35GiB(84%) CN:8 DL:8.6MiB ETA:10m53s]
[#b9afd0 29GiB/35GiB(84%) CN:8 DL:9.2MiB ETA:10m3s]
[#b9afd0 29GiB/35GiB(84%) CN:8 DL:8.7MiB ETA:10m42s]
[#b9afd0 29GiB/35GiB(84%) CN:8 DL:8.8MiB ETA:10m28s]
[#b9afd0 29GiB/35GiB(84%) CN:8 DL:8.8MiB ETA:10m32s]
[#b9afd0 29GiB/35GiB(84%) CN:8 DL:8.7MiB ETA:10m33s]
[#b9afd0 29GiB/35GiB(84%) CN:8 DL:8.9MiB ETA:10m24s]
[#b9afd0 29GiB/35GiB(84%) CN:8 DL:8.8MiB ETA:10m29s]
[#b9afd0 29GiB/35GiB(84%) CN:8 DL:8.5MiB ETA:10m52s]
[#b9afd0 29GiB/35GiB(84%) CN:8 DL:8.8MiB ETA:10m23s]
[#b9afd0 29GiB/35GiB(84%) CN:8 DL:8.7MiB ETA:10m34s]
[#b9afd0 29GiB/35GiB(84%) CN:8 DL:8.6MiB ETA:10m35s]
[#b9afd0 29GiB/35GiB(84%) CN:8 DL:8.3MiB ETA:10m59s]
[#b9afd0 30GiB/35GiB(84%) CN:8 DL:8.4MiB ETA:10m48s]
[#b9afd0 30GiB/35GiB(84%) CN:8 DL:8.2MiB ETA:11m6s]
[#b9afd0 30GiB/35GiB(84%) CN:8 DL:8.2MiB ETA:11m5s]
[#b9afd0 30GiB/35GiB(84%) CN:8 DL:8.2MiB ETA:11m6s]
[#b9afd0 30GiB/35GiB(84%) CN:8 DL:8.4MiB ETA:10m46s]
[#b9afd0 30GiB/35GiB(84%) CN:8 DL:8.1MiB ETA:11m10s]
[#b9afd0 30GiB/35GiB(84%) CN:8 DL:8.2MiB ETA:11m4s]
[#b9afd0 30GiB/35GiB(84%) CN:8 DL:8.4MiB ETA:10m42s]
[#b9afd0 30GiB/35GiB(85%) CN:8 DL:8.7MiB ETA:10m24s]
[#b9afd0 30GiB/35GiB(85%) CN:8 DL:8.7MiB ETA:10m21s]
[#b9afd0 30GiB/35GiB(85%) CN:8 DL:8.7MiB ETA:10m21s]
[#b9afd0 30GiB/35GiB(85%) CN:8 DL:8.8MiB ETA:10m9s]
[#b9afd0 30GiB/35GiB(85%) CN:8 DL:8.7MiB ETA:10m19s]
[#b9afd0 30GiB/35GiB(85%) CN:8 DL:8.6MiB ETA:10m21s]
[#b9afd0 30GiB/35GiB(85%) CN:8 DL:8.7MiB ETA:10m16s]
[#b9afd0 30GiB/35GiB(85%) CN:8 DL:8.8MiB ETA:10m6s]
[#b9afd0 30GiB/35GiB(85%) CN:8 DL:8.6MiB ETA:10m19s]
[#b9afd0 30GiB/35GiB(85%) CN:8 DL:8.5MiB ETA:10m28s]
[#b9afd0 30GiB/35GiB(85%) CN:8 DL:8.6MiB ETA:10m20s]
[#b9afd0 30GiB/35GiB(85%) CN:8 DL:8.6MiB ETA:10m15s]
[#b9afd0 30GiB/35GiB(85%) CN:8 DL:8.6MiB ETA:10m18s]
[#b9afd0 30GiB/35GiB(85%) CN:8 DL:8.5MiB ETA:10m24s]
[#b9afd0 30GiB/35GiB(85%) CN:8 DL:8.6MiB ETA:10m14s]
[#b9afd0 30GiB/35GiB(85%) CN:8 DL:8.6MiB ETA:10m14s]
[#b9afd0 30GiB/35GiB(85%) CN:8 DL:8.1MiB ETA:10m46s]
[#b9afd0 30GiB/35GiB(85%) CN:8 DL:8.5MiB ETA:10m20s]
[#b9afd0 30GiB/35GiB(85%) CN:8 DL:8.4MiB ETA:10m26s]
[#b9afd0 30GiB/35GiB(85%) CN:8 DL:8.3MiB ETA:10m28s]
[#b9afd0 30GiB/35GiB(85%) CN:8 DL:8.4MiB ETA:10m23s]
[#b9afd0 30GiB/35GiB(85%) CN:8 DL:8.7MiB ETA:10m]
[#b9afd0 30GiB/35GiB(85%) CN:8 DL:8.3MiB ETA:10m25s]
[#b9afd0 30GiB/35GiB(85%) CN:8 DL:8.3MiB ETA:10m24s]
[#b9afd0 30GiB/35GiB(85%) CN:8 DL:8.3MiB ETA:10m29s]
[#b9afd0 30GiB/35GiB(85%) CN:8 DL:8.5MiB ETA:10m13s]
[#b9afd0 30GiB/35GiB(85%) CN:8 DL:8.4MiB ETA:10m15s]
[#b9afd0 30GiB/35GiB(85%) CN:8 DL:8.4MiB ETA:10m15s]
[#b9afd0 30GiB/35GiB(85%) CN:8 DL:8.6MiB ETA:10m3s]
[#b9afd0 30GiB/35GiB(85%) CN:8 DL:8.5MiB ETA:10m4s]
[#b9afd0 30GiB/35GiB(85%) CN:8 DL:8.6MiB ETA:9m59s]
[#b9afd0 30GiB/35GiB(85%) CN:8 DL:8.5MiB ETA:10m7s]
[#b9afd0 30GiB/35GiB(85%) CN:8 DL:8.8MiB ETA:9m43s]
[#b9afd0 30GiB/35GiB(85%) CN:8 DL:8.5MiB ETA:10m3s]
[#b9afd0 30GiB/35GiB(85%) CN:8 DL:8.6MiB ETA:9m57s]
[#b9afd0 30GiB/35GiB(85%) CN:8 DL:8.5MiB ETA:10m1s]
[#b9afd0 30GiB/35GiB(85%) CN:8 DL:8.6MiB ETA:9m55s]
[#b9afd0 30GiB/35GiB(85%) CN:8 DL:8.5MiB ETA:10m]
[#b9afd0 30GiB/35GiB(85%) CN:8 DL:8.4MiB ETA:10m4s]
[#b9afd0 30GiB/35GiB(85%) CN:8 DL:8.6MiB ETA:9m47s]
[#b9afd0 30GiB/35GiB(85%) CN:8 DL:8.7MiB ETA:9m44s]
[#b9afd0 30GiB/35GiB(85%) CN:8 DL:8.5MiB ETA:9m56s]
[#b9afd0 30GiB/35GiB(85%) CN:8 DL:8.9MiB ETA:9m25s]
[#b9afd0 30GiB/35GiB(86%) CN:8 DL:8.7MiB ETA:9m40s]
[#b9afd0 30GiB/35GiB(86%) CN:8 DL:8.6MiB ETA:9m44s]
[#b9afd0 30GiB/35GiB(86%) CN:8 DL:8.9MiB ETA:9m26s]
[#b9afd0 30GiB/35GiB(86%) CN:8 DL:8.8MiB ETA:9m31s]
[#b9afd0 30GiB/35GiB(86%) CN:8 DL:8.8MiB ETA:9m27s]
[#b9afd0 30GiB/35GiB(86%) CN:8 DL:8.7MiB ETA:9m33s]
[#b9afd0 30GiB/35GiB(86%) CN:8 DL:8.7MiB ETA:9m34s]
[#b9afd0 30GiB/35GiB(86%) CN:8 DL:8.8MiB ETA:9m28s]
[#b9afd0 30GiB/35GiB(86%) CN:8 DL:8.9MiB ETA:9m16s]
[#b9afd0 30GiB/35GiB(86%) CN:8 DL:8.8MiB ETA:9m25s]
[#b9afd0 30GiB/35GiB(86%) CN:8 DL:9.0MiB ETA:9m11s]
[#b9afd0 30GiB/35GiB(86%) CN:8 DL:8.8MiB ETA:9m18s]
[#b9afd0 30GiB/35GiB(86%) CN:8 DL:8.7MiB ETA:9m27s]
[#b9afd0 30GiB/35GiB(86%) CN:8 DL:8.9MiB ETA:9m13s]
[#b9afd0 30GiB/35GiB(86%) CN:8 DL:8.8MiB ETA:9m20s]
[#b9afd0 30GiB/35GiB(86%) CN:8 DL:8.7MiB ETA:9m23s]
[#b9afd0 30GiB/35GiB(86%) CN:8 DL:8.7MiB ETA:9m21s]
[#b9afd0 30GiB/35GiB(86%) CN:8 DL:8.7MiB ETA:9m21s]
[#b9afd0 30GiB/35GiB(86%) CN:8 DL:8.8MiB ETA:9m16s]
[#b9afd0 30GiB/35GiB(86%) CN:8 DL:8.7MiB ETA:9m20s]
[#b9afd0 30GiB/35GiB(86%) CN:8 DL:9.1MiB ETA:8m57s]
[#b9afd0 30GiB/35GiB(86%) CN:8 DL:8.7MiB ETA:9m15s]
[#b9afd0 30GiB/35GiB(86%) CN:8 DL:8.8MiB ETA:9m13s]
[#b9afd0 30GiB/35GiB(86%) CN:8 DL:8.7MiB ETA:9m15s]
[#b9afd0 30GiB/35GiB(86%) CN:8 DL:8.7MiB ETA:9m17s]
[#b9afd0 30GiB/35GiB(86%) CN:8 DL:8.6MiB ETA:9m23s]
[#b9afd0 30GiB/35GiB(86%) CN:8 DL:8.7MiB ETA:9m11s]
[#b9afd0 30GiB/35GiB(86%) CN:8 DL:8.6MiB ETA:9m19s]
[#b9afd0 30GiB/35GiB(86%) CN:8 DL:8.7MiB ETA:9m12s]
[#b9afd0 30GiB/35GiB(86%) CN:8 DL:8.6MiB ETA:9m16s]
[#b9afd0 30GiB/35GiB(86%) CN:8 DL:8.9MiB ETA:8m56s]
[#b9afd0 30GiB/35GiB(86%) CN:8 DL:8.8MiB ETA:9m4s]
[#b9afd0 30GiB/35GiB(86%) CN:8 DL:8.7MiB ETA:9m7s]
[#b9afd0 30GiB/35GiB(86%) CN:8 DL:8.7MiB ETA:9m4s]
[#b9afd0 30GiB/35GiB(86%) CN:8 DL:8.4MiB ETA:9m27s]
[#b9afd0 30GiB/35GiB(86%) CN:8 DL:8.7MiB ETA:9m1s]
[#b9afd0 30GiB/35GiB(86%) CN:8 DL:8.8MiB ETA:8m57s]
[#b9afd0 30GiB/35GiB(86%) CN:8 DL:8.7MiB ETA:8m59s]
[#b9afd0 30GiB/35GiB(86%) CN:8 DL:8.7MiB ETA:9m1s]
[#b9afd0 30GiB/35GiB(86%) CN:8 DL:8.8MiB ETA:8m56s]
[#b9afd0 30GiB/35GiB(86%) CN:8 DL:9.0MiB ETA:8m43s]
[#b9afd0 30GiB/35GiB(87%) CN:8 DL:9.2MiB ETA:8m29s]
[#b9afd0 30GiB/35GiB(87%) CN:8 DL:8.7MiB ETA:8m54s]
[#b9afd0 30GiB/35GiB(87%) CN:8 DL:9.1MiB ETA:8m30s]
[#b9afd0 30GiB/35GiB(87%) CN:8 DL:9.3MiB ETA:8m20s]
[#b9afd0 30GiB/35GiB(87%) CN:8 DL:8.8MiB ETA:8m45s]
[#b9afd0 30GiB/35GiB(87%) CN:8 DL:8.9MiB ETA:8m43s]
[#b9afd0 30GiB/35GiB(87%) CN:8 DL:8.9MiB ETA:8m39s]
[#b9afd0 30GiB/35GiB(87%) CN:8 DL:8.9MiB ETA:8m36s]
[#b9afd0 30GiB/35GiB(87%) CN:8 DL:8.9MiB ETA:8m38s]
[#b9afd0 30GiB/35GiB(87%) CN:8 DL:8.7MiB ETA:8m45s]
[#b9afd0 30GiB/35GiB(87%) CN:8 DL:9.0MiB ETA:8m31s]
[#b9afd0 30GiB/35GiB(87%) CN:8 DL:8.8MiB ETA:8m39s]
[#b9afd0 30GiB/35GiB(87%) CN:8 DL:8.8MiB ETA:8m38s]
[#b9afd0 30GiB/35GiB(87%) CN:8 DL:8.7MiB ETA:8m44s]
[#b9afd0 30GiB/35GiB(87%) CN:8 DL:8.8MiB ETA:8m40s]
[#b9afd0 30GiB/35GiB(87%) CN:8 DL:8.6MiB ETA:8m46s]
[#b9afd0 30GiB/35GiB(87%) CN:8 DL:8.7MiB ETA:8m43s]
[#b9afd0 30GiB/35GiB(87%) CN:8 DL:8.7MiB ETA:8m43s]
[#b9afd0 30GiB/35GiB(87%) CN:8 DL:8.5MiB ETA:8m53s]
[#b9afd0 30GiB/35GiB(87%) CN:8 DL:8.8MiB ETA:8m35s]
[#b9afd0 30GiB/35GiB(87%) CN:8 DL:8.8MiB ETA:8m30s]
[#b9afd0 30GiB/35GiB(87%) CN:8 DL:8.7MiB ETA:8m36s]
[#b9afd0 30GiB/35GiB(87%) CN:8 DL:8.6MiB ETA:8m40s]
[#b9afd0 30GiB/35GiB(87%) CN:8 DL:8.7MiB ETA:8m32s]
[#b9afd0 30GiB/35GiB(87%) CN:8 DL:8.8MiB ETA:8m30s]
[#b9afd0 30GiB/35GiB(87%) CN:8 DL:8.7MiB ETA:8m30s]
[#b9afd0 31GiB/35GiB(87%) CN:8 DL:8.8MiB ETA:8m23s]
[#b9afd0 31GiB/35GiB(87%) CN:8 DL:9.0MiB ETA:8m16s]
[#b9afd0 31GiB/35GiB(87%) CN:8 DL:8.9MiB ETA:8m15s]
[#b9afd0 31GiB/35GiB(87%) CN:8 DL:8.9MiB ETA:8m14s]
[#b9afd0 31GiB/35GiB(87%) CN:8 DL:9.0MiB ETA:8m11s]
[#b9afd0 31GiB/35GiB(87%) CN:8 DL:9.2MiB ETA:7m59s]
[#b9afd0 31GiB/35GiB(87%) CN:8 DL:9.0MiB ETA:8m6s]
[#b9afd0 31GiB/35GiB(87%) CN:8 DL:8.8MiB ETA:8m18s]
[#b9afd0 31GiB/35GiB(87%) CN:8 DL:9.0MiB ETA:8m5s]
[#b9afd0 31GiB/35GiB(87%) CN:8 DL:8.9MiB ETA:8m10s]
[#b9afd0 31GiB/35GiB(87%) CN:8 DL:8.9MiB ETA:8m11s]
[#b9afd0 31GiB/35GiB(87%) CN:8 DL:8.8MiB ETA:8m12s]
[#b9afd0 31GiB/35GiB(87%) CN:8 DL:8.9MiB ETA:8m8s]
[#b9afd0 31GiB/35GiB(87%) CN:8 DL:8.8MiB ETA:8m12s]
[#b9afd0 31GiB/35GiB(87%) CN:8 DL:8.9MiB ETA:8m8s]
[#b9afd0 31GiB/35GiB(88%) CN:8 DL:9.4MiB ETA:7m39s]
[#b9afd0 31GiB/35GiB(88%) CN:8 DL:9.1MiB ETA:7m54s]
[#b9afd0 31GiB/35GiB(88%) CN:8 DL:9.0MiB ETA:7m55s]
[#b9afd0 31GiB/35GiB(88%) CN:8 DL:8.9MiB ETA:8m2s]
[#b9afd0 31GiB/35GiB(88%) CN:8 DL:8.9MiB ETA:8m]
[#b9afd0 31GiB/35GiB(88%) CN:8 DL:9.0MiB ETA:7m56s]
[#b9afd0 31GiB/35GiB(88%) CN:8 DL:9.0MiB ETA:7m52s]
[#b9afd0 31GiB/35GiB(88%) CN:8 DL:9.1MiB ETA:7m47s]
[#b9afd0 31GiB/35GiB(88%) CN:8 DL:9.0MiB ETA:7m51s]
[#b9afd0 31GiB/35GiB(88%) CN:8 DL:9.0MiB ETA:7m51s]
[#b9afd0 31GiB/35GiB(88%) CN:8 DL:9.4MiB ETA:7m31s]
[#b9afd0 31GiB/35GiB(88%) CN:8 DL:9.2MiB ETA:7m36s]
[#b9afd0 31GiB/35GiB(88%) CN:8 DL:8.9MiB ETA:7m54s]
[#b9afd0 31GiB/35GiB(88%) CN:8 DL:9.1MiB ETA:7m43s]
[#b9afd0 31GiB/35GiB(88%) CN:8 DL:9.0MiB ETA:7m44s]
[#b9afd0 31GiB/35GiB(88%) CN:8 DL:9.1MiB ETA:7m39s]
[#b9afd0 31GiB/35GiB(88%) CN:8 DL:9.0MiB ETA:7m44s]
 *** Download Progress Summary as of Sun Sep 20 13:38:55 2026 *** 
===============================================================================
[#b9afd0 31GiB/35GiB(88%) CN:8 DL:9.2MiB ETA:7m33s]
FILE: urbansarfloods/urban_sar_floods.tar.gz
-------------------------------------------------------------------------------

[#b9afd0 31GiB/35GiB(88%) CN:8 DL:9.2MiB ETA:7m33s]
[#b9afd0 31GiB/35GiB(88%) CN:8 DL:9.3MiB ETA:7m26s]
[#b9afd0 31GiB/35GiB(88%) CN:8 DL:9.1MiB ETA:7m35s]
[#b9afd0 31GiB/35GiB(88%) CN:8 DL:9.4MiB ETA:7m19s]
[#b9afd0 31GiB/35GiB(88%) CN:8 DL:9.9MiB ETA:6m58s]
[#b9afd0 31GiB/35GiB(88%) CN:8 DL:9.5MiB ETA:7m14s]
[#b9afd0 31GiB/35GiB(88%) CN:8 DL:9.3MiB ETA:7m22s]
[#b9afd0 31GiB/35GiB(88%) CN:8 DL:9.3MiB ETA:7m22s]
[#b9afd0 31GiB/35GiB(88%) CN:8 DL:9.2MiB ETA:7m23s]
[#b9afd0 31GiB/35GiB(88%) CN:8 DL:9.1MiB ETA:7m29s]
[#b9afd0 31GiB/35GiB(88%) CN:8 DL:9.1MiB ETA:7m26s]
[#b9afd0 31GiB/35GiB(88%) CN:8 DL:8.9MiB ETA:7m36s]
[#b9afd0 31GiB/35GiB(88%) CN:8 DL:8.6MiB ETA:7m53s]
[#b9afd0 31GiB/35GiB(88%) CN:8 DL:8.3MiB ETA:8m7s]
[#b9afd0 31GiB/35GiB(88%) CN:8 DL:8.6MiB ETA:7m46s]
[#b9afd0 31GiB/35GiB(88%) CN:8 DL:8.6MiB ETA:7m48s]
[#b9afd0 31GiB/35GiB(88%) CN:8 DL:8.5MiB ETA:7m52s]
[#b9afd0 31GiB/35GiB(88%) CN:8 DL:8.3MiB ETA:8m2s]
[#b9afd0 31GiB/35GiB(88%) CN:8 DL:8.2MiB ETA:8m11s]
[#b9afd0 31GiB/35GiB(88%) CN:8 DL:8.5MiB ETA:7m48s]
[#b9afd0 31GiB/35GiB(88%) CN:8 DL:8.6MiB ETA:7m44s]
[#b9afd0 31GiB/35GiB(88%) CN:8 DL:8.5MiB ETA:7m48s]
[#b9afd0 31GiB/35GiB(88%) CN:8 DL:8.8MiB ETA:7m32s]
[#b9afd0 31GiB/35GiB(89%) CN:8 DL:8.6MiB ETA:7m38s]
[#b9afd0 31GiB/35GiB(89%) CN:8 DL:8.5MiB ETA:7m43s]
[#b9afd0 31GiB/35GiB(89%) CN:8 DL:8.9MiB ETA:7m25s]
[#b9afd0 31GiB/35GiB(89%) CN:8 DL:8.5MiB ETA:7m40s]
[#b9afd0 31GiB/35GiB(89%) CN:8 DL:8.6MiB ETA:7m36s]
[#b9afd0 31GiB/35GiB(89%) CN:8 DL:8.7MiB ETA:7m30s]
[#b9afd0 31GiB/35GiB(89%) CN:8 DL:8.6MiB ETA:7m32s]
[#b9afd0 31GiB/35GiB(89%) CN:8 DL:8.7MiB ETA:7m27s]
[#b9afd0 31GiB/35GiB(89%) CN:8 DL:8.9MiB ETA:7m15s]
[#b9afd0 31GiB/35GiB(89%) CN:8 DL:8.7MiB ETA:7m26s]
[#b9afd0 31GiB/35GiB(89%) CN:8 DL:8.8MiB ETA:7m22s]
[#b9afd0 31GiB/35GiB(89%) CN:8 DL:8.8MiB ETA:7m17s]
[#b9afd0 31GiB/35GiB(89%) CN:8 DL:9.1MiB ETA:7m4s]
[#b9afd0 31GiB/35GiB(89%) CN:8 DL:8.9MiB ETA:7m11s]
[#b9afd0 31GiB/35GiB(89%) CN:8 DL:9.0MiB ETA:7m8s]
[#b9afd0 31GiB/35GiB(89%) CN:8 DL:8.8MiB ETA:7m16s]
[#b9afd0 31GiB/35GiB(89%) CN:8 DL:8.9MiB ETA:7m8s]
[#b9afd0 31GiB/35GiB(89%) CN:8 DL:9.1MiB ETA:6m59s]
[#b9afd0 31GiB/35GiB(89%) CN:8 DL:8.8MiB ETA:7m12s]
[#b9afd0 31GiB/35GiB(89%) CN:8 DL:8.7MiB ETA:7m14s]
[#b9afd0 31GiB/35GiB(89%) CN:8 DL:8.7MiB ETA:7m13s]
[#b9afd0 31GiB/35GiB(89%) CN:8 DL:8.6MiB ETA:7m17s]
[#b9afd0 31GiB/35GiB(89%) CN:8 DL:8.8MiB ETA:7m6s]
[#b9afd0 31GiB/35GiB(89%) CN:8 DL:9.1MiB ETA:6m54s]
[#b9afd0 31GiB/35GiB(89%) CN:8 DL:8.9MiB ETA:7m1s]
[#b9afd0 31GiB/35GiB(89%) CN:8 DL:8.9MiB ETA:6m58s]
[#b9afd0 31GiB/35GiB(89%) CN:8 DL:8.9MiB ETA:6m59s]
[#b9afd0 31GiB/35GiB(89%) CN:8 DL:8.5MiB ETA:7m16s]
[#b9afd0 31GiB/35GiB(89%) CN:8 DL:9.0MiB ETA:6m52s]
[#b9afd0 31GiB/35GiB(89%) CN:8 DL:8.8MiB ETA:6m59s]
[#b9afd0 31GiB/35GiB(89%) CN:8 DL:8.7MiB ETA:7m7s]
[#b9afd0 31GiB/35GiB(89%) CN:8 DL:8.6MiB ETA:7m8s]
[#b9afd0 31GiB/35GiB(89%) CN:8 DL:8.4MiB ETA:7m18s]
[#b9afd0 31GiB/35GiB(89%) CN:8 DL:8.9MiB ETA:6m52s]
[#b9afd0 31GiB/35GiB(89%) CN:8 DL:8.5MiB ETA:7m11s]
[#b9afd0 31GiB/35GiB(89%) CN:8 DL:8.6MiB ETA:7m5s]
[#b9afd0 31GiB/35GiB(89%) CN:8 DL:8.7MiB ETA:6m59s]
[#b9afd0 31GiB/35GiB(89%) CN:8 DL:8.6MiB ETA:7m1s]
[#b9afd0 31GiB/35GiB(89%) CN:8 DL:8.6MiB ETA:7m3s]
[#b9afd0 31GiB/35GiB(89%) CN:8 DL:8.4MiB ETA:7m10s]
[#b9afd0 31GiB/35GiB(89%) CN:8 DL:8.7MiB ETA:6m56s]
[#b9afd0 31GiB/35GiB(90%) CN:8 DL:8.8MiB ETA:6m47s]
[#b9afd0 31GiB/35GiB(90%) CN:8 DL:8.8MiB ETA:6m49s]
[#b9afd0 31GiB/35GiB(90%) CN:8 DL:8.9MiB ETA:6m41s]
[#b9afd0 31GiB/35GiB(90%) CN:8 DL:9.0MiB ETA:6m37s]
[#b9afd0 31GiB/35GiB(90%) CN:8 DL:8.7MiB ETA:6m50s]
[#b9afd0 31GiB/35GiB(90%) CN:8 DL:8.6MiB ETA:6m54s]
[#b9afd0 31GiB/35GiB(90%) CN:8 DL:8.6MiB ETA:6m53s]
[#b9afd0 31GiB/35GiB(90%) CN:8 DL:8.8MiB ETA:6m42s]
[#b9afd0 31GiB/35GiB(90%) CN:8 DL:8.6MiB ETA:6m48s]
[#b9afd0 31GiB/35GiB(90%) CN:8 DL:8.2MiB ETA:7m8s]
[#b9afd0 31GiB/35GiB(90%) CN:8 DL:8.5MiB ETA:6m54s]
[#b9afd0 31GiB/35GiB(90%) CN:8 DL:8.6MiB ETA:6m47s]
[#b9afd0 31GiB/35GiB(90%) CN:8 DL:8.8MiB ETA:6m38s]
[#b9afd0 31GiB/35GiB(90%) CN:8 DL:8.7MiB ETA:6m41s]
[#b9afd0 31GiB/35GiB(90%) CN:8 DL:8.8MiB ETA:6m36s]
[#b9afd0 31GiB/35GiB(90%) CN:8 DL:8.6MiB ETA:6m41s]
[#b9afd0 31GiB/35GiB(90%) CN:8 DL:8.7MiB ETA:6m39s]
[#b9afd0 31GiB/35GiB(90%) CN:8 DL:8.8MiB ETA:6m34s]
[#b9afd0 31GiB/35GiB(90%) CN:8 DL:8.6MiB ETA:6m41s]
[#b9afd0 32GiB/35GiB(90%) CN:8 DL:8.9MiB ETA:6m24s]
[#b9afd0 32GiB/35GiB(90%) CN:8 DL:8.8MiB ETA:6m28s]
[#b9afd0 32GiB/35GiB(90%) CN:8 DL:8.8MiB ETA:6m30s]
[#b9afd0 32GiB/35GiB(90%) CN:8 DL:8.7MiB ETA:6m29s]
[#b9afd0 32GiB/35GiB(90%) CN:8 DL:8.8MiB ETA:6m26s]
[#b9afd0 32GiB/35GiB(90%) CN:8 DL:8.9MiB ETA:6m19s]
[#b9afd0 32GiB/35GiB(90%) CN:8 DL:8.9MiB ETA:6m22s]
[#b9afd0 32GiB/35GiB(90%) CN:8 DL:8.9MiB ETA:6m19s]
[#b9afd0 32GiB/35GiB(90%) CN:8 DL:8.9MiB ETA:6m18s]
[#b9afd0 32GiB/35GiB(90%) CN:8 DL:9.0MiB ETA:6m13s]
[#b9afd0 32GiB/35GiB(90%) CN:8 DL:8.8MiB ETA:6m22s]
[#b9afd0 32GiB/35GiB(90%) CN:8 DL:8.8MiB ETA:6m20s]
[#b9afd0 32GiB/35GiB(90%) CN:8 DL:8.7MiB ETA:6m21s]
[#b9afd0 32GiB/35GiB(90%) CN:8 DL:8.8MiB ETA:6m16s]
[#b9afd0 32GiB/35GiB(90%) CN:8 DL:8.9MiB ETA:6m13s]
[#b9afd0 32GiB/35GiB(90%) CN:8 DL:9.0MiB ETA:6m8s]
[#b9afd0 32GiB/35GiB(90%) CN:8 DL:8.7MiB ETA:6m18s]
[#b9afd0 32GiB/35GiB(90%) CN:8 DL:8.8MiB ETA:6m14s]
[#b9afd0 32GiB/35GiB(90%) CN:8 DL:8.6MiB ETA:6m20s]
[#b9afd0 32GiB/35GiB(90%) CN:8 DL:8.7MiB ETA:6m17s]
[#b9afd0 32GiB/35GiB(90%) CN:8 DL:8.5MiB ETA:6m21s]
[#b9afd0 32GiB/35GiB(90%) CN:8 DL:8.6MiB ETA:6m17s]
[#b9afd0 32GiB/35GiB(90%) CN:8 DL:8.4MiB ETA:6m24s]
[#b9afd0 32GiB/35GiB(91%) CN:8 DL:8.2MiB ETA:6m33s]
[#b9afd0 32GiB/35GiB(91%) CN:8 DL:8.4MiB ETA:6m22s]
[#b9afd0 32GiB/35GiB(91%) CN:8 DL:8.7MiB ETA:6m11s]
[#b9afd0 32GiB/35GiB(91%) CN:8 DL:8.3MiB ETA:6m29s]
[#b9afd0 32GiB/35GiB(91%) CN:8 DL:8.3MiB ETA:6m25s]
[#b9afd0 32GiB/35GiB(91%) CN:8 DL:8.3MiB ETA:6m27s]
[#b9afd0 32GiB/35GiB(91%) CN:8 DL:8.3MiB ETA:6m25s]
[#b9afd0 32GiB/35GiB(91%) CN:8 DL:8.4MiB ETA:6m16s]
[#b9afd0 32GiB/35GiB(91%) CN:8 DL:8.4MiB ETA:6m18s]
[#b9afd0 32GiB/35GiB(91%) CN:8 DL:8.1MiB ETA:6m28s]
[#b9afd0 32GiB/35GiB(91%) CN:8 DL:8.4MiB ETA:6m16s]
[#b9afd0 32GiB/35GiB(91%) CN:8 DL:8.4MiB ETA:6m14s]
[#b9afd0 32GiB/35GiB(91%) CN:8 DL:8.4MiB ETA:6m14s]
[#b9afd0 32GiB/35GiB(91%) CN:8 DL:8.5MiB ETA:6m8s]
[#b9afd0 32GiB/35GiB(91%) CN:8 DL:8.5MiB ETA:6m5s]
[#b9afd0 32GiB/35GiB(91%) CN:8 DL:8.4MiB ETA:6m11s]
[#b9afd0 32GiB/35GiB(91%) CN:8 DL:8.5MiB ETA:6m5s]
[#b9afd0 32GiB/35GiB(91%) CN:8 DL:8.5MiB ETA:6m3s]
[#b9afd0 32GiB/35GiB(91%) CN:8 DL:8.5MiB ETA:6m4s]
[#b9afd0 32GiB/35GiB(91%) CN:8 DL:8.4MiB ETA:6m5s]
[#b9afd0 32GiB/35GiB(91%) CN:8 DL:8.5MiB ETA:6m2s]
[#b9afd0 32GiB/35GiB(91%) CN:8 DL:8.6MiB ETA:5m57s]
[#b9afd0 32GiB/35GiB(91%) CN:8 DL:8.5MiB ETA:5m57s]
[#b9afd0 32GiB/35GiB(91%) CN:8 DL:8.9MiB ETA:5m43s]
[#b9afd0 32GiB/35GiB(91%) CN:8 DL:8.5MiB ETA:5m56s]
[#b9afd0 32GiB/35GiB(91%) CN:8 DL:8.5MiB ETA:5m55s]
[#b9afd0 32GiB/35GiB(91%) CN:8 DL:8.5MiB ETA:5m54s]
[#b9afd0 32GiB/35GiB(91%) CN:8 DL:8.6MiB ETA:5m49s]
[#b9afd0 32GiB/35GiB(91%) CN:8 DL:8.6MiB ETA:5m49s]
[#b9afd0 32GiB/35GiB(91%) CN:8 DL:8.7MiB ETA:5m43s]
[#b9afd0 32GiB/35GiB(91%) CN:8 DL:8.7MiB ETA:5m43s]
[#b9afd0 32GiB/35GiB(91%) CN:8 DL:8.7MiB ETA:5m41s]
[#b9afd0 32GiB/35GiB(91%) CN:8 DL:8.8MiB ETA:5m36s]
[#b9afd0 32GiB/35GiB(91%) CN:8 DL:9.1MiB ETA:5m25s]
[#b9afd0 32GiB/35GiB(91%) CN:8 DL:8.9MiB ETA:5m31s]
[#b9afd0 32GiB/35GiB(91%) CN:8 DL:8.9MiB ETA:5m28s]
[#b9afd0 32GiB/35GiB(91%) CN:8 DL:8.8MiB ETA:5m33s]
[#b9afd0 32GiB/35GiB(91%) CN:8 DL:8.6MiB ETA:5m41s]
[#b9afd0 32GiB/35GiB(91%) CN:8 DL:8.5MiB ETA:5m43s]
[#b9afd0 32GiB/35GiB(91%) CN:8 DL:8.5MiB ETA:5m40s]
[#b9afd0 32GiB/35GiB(91%) CN:8 DL:8.5MiB ETA:5m40s]
[#b9afd0 32GiB/35GiB(91%) CN:8 DL:8.5MiB ETA:5m39s]
[#b9afd0 32GiB/35GiB(92%) CN:8 DL:8.1MiB ETA:5m53s]
[#b9afd0 32GiB/35GiB(92%) CN:8 DL:8.3MiB ETA:5m45s]
[#b9afd0 32GiB/35GiB(92%) CN:8 DL:8.7MiB ETA:5m30s]
[#b9afd0 32GiB/35GiB(92%) CN:8 DL:8.3MiB ETA:5m42s]
[#b9afd0 32GiB/35GiB(92%) CN:8 DL:8.5MiB ETA:5m36s]
[#b9afd0 32GiB/35GiB(92%) CN:8 DL:8.4MiB ETA:5m36s]
[#b9afd0 32GiB/35GiB(92%) CN:8 DL:8.5MiB ETA:5m33s]
[#b9afd0 32GiB/35GiB(92%) CN:8 DL:8.6MiB ETA:5m27s]
[#b9afd0 32GiB/35GiB(92%) CN:8 DL:8.4MiB ETA:5m33s]
[#b9afd0 32GiB/35GiB(92%) CN:8 DL:8.6MiB ETA:5m24s]
[#b9afd0 32GiB/35GiB(92%) CN:8 DL:8.4MiB ETA:5m34s]
[#b9afd0 32GiB/35GiB(92%) CN:8 DL:8.7MiB ETA:5m21s]
[#b9afd0 32GiB/35GiB(92%) CN:8 DL:9.2MiB ETA:5m]
[#b9afd0 32GiB/35GiB(92%) CN:8 DL:8.8MiB ETA:5m15s]
[#b9afd0 32GiB/35GiB(92%) CN:8 DL:8.9MiB ETA:5m8s]
[#b9afd0 32GiB/35GiB(92%) CN:8 DL:8.9MiB ETA:5m10s]
[#b9afd0 32GiB/35GiB(92%) CN:8 DL:8.7MiB ETA:5m14s]
[#b9afd0 32GiB/35GiB(92%) CN:8 DL:8.8MiB ETA:5m11s]
[#b9afd0 32GiB/35GiB(92%) CN:8 DL:9.1MiB ETA:4m59s]
[#b9afd0 32GiB/35GiB(92%) CN:8 DL:9.2MiB ETA:4m54s]
[#b9afd0 32GiB/35GiB(92%) CN:8 DL:9.2MiB ETA:4m52s]
[#b9afd0 32GiB/35GiB(92%) CN:8 DL:8.8MiB ETA:5m7s]
[#b9afd0 32GiB/35GiB(92%) CN:8 DL:9.4MiB ETA:4m45s]
[#b9afd0 32GiB/35GiB(92%) CN:8 DL:9.1MiB ETA:4m52s]
[#b9afd0 32GiB/35GiB(92%) CN:8 DL:9.1MiB ETA:4m52s]
[#b9afd0 32GiB/35GiB(92%) CN:8 DL:8.9MiB ETA:4m58s]
[#b9afd0 32GiB/35GiB(92%) CN:8 DL:9.2MiB ETA:4m48s]
[#b9afd0 32GiB/35GiB(92%) CN:8 DL:8.9MiB ETA:4m56s]
[#b9afd0 32GiB/35GiB(92%) CN:8 DL:9.0MiB ETA:4m51s]
[#b9afd0 32GiB/35GiB(92%) CN:8 DL:8.9MiB ETA:4m54s]
[#b9afd0 32GiB/35GiB(92%) CN:8 DL:9.0MiB ETA:4m51s]
[#b9afd0 32GiB/35GiB(92%) CN:8 DL:9.0MiB ETA:4m50s]
[#b9afd0 32GiB/35GiB(92%) CN:8 DL:9.1MiB ETA:4m44s]
[#b9afd0 32GiB/35GiB(92%) CN:8 DL:9.3MiB ETA:4m36s]
[#b9afd0 32GiB/35GiB(92%) CN:8 DL:9.3MiB ETA:4m37s]
[#b9afd0 32GiB/35GiB(92%) CN:8 DL:9.2MiB ETA:4m39s]
[#b9afd0 32GiB/35GiB(92%) CN:8 DL:9.5MiB ETA:4m30s]
[#b9afd0 32GiB/35GiB(92%) CN:8 DL:9.4MiB ETA:4m31s]
[#b9afd0 32GiB/35GiB(92%) CN:8 DL:9.4MiB ETA:4m31s]
[#b9afd0 32GiB/35GiB(92%) CN:8 DL:9.4MiB ETA:4m30s]
[#b9afd0 32GiB/35GiB(93%) CN:8 DL:9.6MiB ETA:4m22s]
[#b9afd0 32GiB/35GiB(93%) CN:8 DL:9.5MiB ETA:4m24s]
[#b9afd0 32GiB/35GiB(93%) CN:8 DL:9.5MiB ETA:4m22s]
[#b9afd0 32GiB/35GiB(93%) CN:8 DL:9.5MiB ETA:4m23s]
[#b9afd0 32GiB/35GiB(93%) CN:8 DL:9.5MiB ETA:4m21s]
[#b9afd0 32GiB/35GiB(93%) CN:8 DL:9.4MiB ETA:4m23s]
[#b9afd0 32GiB/35GiB(93%) CN:8 DL:9.5MiB ETA:4m19s]
[#b9afd0 32GiB/35GiB(93%) CN:8 DL:9.4MiB ETA:4m22s]
[#b9afd0 32GiB/35GiB(93%) CN:8 DL:9.3MiB ETA:4m22s]
[#b9afd0 32GiB/35GiB(93%) CN:8 DL:9.5MiB ETA:4m15s]
[#b9afd0 32GiB/35GiB(93%) CN:8 DL:9.2MiB ETA:4m24s]
[#b9afd0 33GiB/35GiB(93%) CN:8 DL:9.2MiB ETA:4m23s]
[#b9afd0 33GiB/35GiB(93%) CN:8 DL:9.1MiB ETA:4m23s]
[#b9afd0 33GiB/35GiB(93%) CN:8 DL:9.1MiB ETA:4m23s]
[#b9afd0 33GiB/35GiB(93%) CN:8 DL:9.4MiB ETA:4m15s]
[#b9afd0 33GiB/35GiB(93%) CN:8 DL:9.1MiB ETA:4m23s]
[#b9afd0 33GiB/35GiB(93%) CN:8 DL:9.1MiB ETA:4m21s]
[#b9afd0 33GiB/35GiB(93%) CN:8 DL:9.1MiB ETA:4m19s]
[#b9afd0 33GiB/35GiB(93%) CN:8 DL:8.9MiB ETA:4m24s]
[#b9afd0 33GiB/35GiB(93%) CN:8 DL:9.2MiB ETA:4m15s]
[#b9afd0 33GiB/35GiB(93%) CN:8 DL:9.1MiB ETA:4m15s]
[#b9afd0 33GiB/35GiB(93%) CN:8 DL:9.2MiB ETA:4m13s]
[#b9afd0 33GiB/35GiB(93%) CN:8 DL:9.2MiB ETA:4m11s]
[#b9afd0 33GiB/35GiB(93%) CN:8 DL:9.1MiB ETA:4m14s]
[#b9afd0 33GiB/35GiB(93%) CN:8 DL:9.5MiB ETA:4m]
[#b9afd0 33GiB/35GiB(93%) CN:8 DL:9.3MiB ETA:4m6s]
[#b9afd0 33GiB/35GiB(93%) CN:8 DL:9.4MiB ETA:4m3s]
[#b9afd0 33GiB/35GiB(93%) CN:8 DL:9.4MiB ETA:4m1s]
[#b9afd0 33GiB/35GiB(93%) CN:8 DL:9.3MiB ETA:4m2s]
[#b9afd0 33GiB/35GiB(93%) CN:8 DL:9.4MiB ETA:3m59s]
[#b9afd0 33GiB/35GiB(93%) CN:8 DL:9.3MiB ETA:3m59s]
[#b9afd0 33GiB/35GiB(93%) CN:8 DL:9.4MiB ETA:3m56s]
[#b9afd0 33GiB/35GiB(93%) CN:8 DL:9.5MiB ETA:3m52s]
[#b9afd0 33GiB/35GiB(93%) CN:8 DL:9.6MiB ETA:3m49s]
[#b9afd0 33GiB/35GiB(93%) CN:8 DL:9.5MiB ETA:3m51s]
[#b9afd0 33GiB/35GiB(93%) CN:8 DL:9.5MiB ETA:3m50s]
[#b9afd0 33GiB/35GiB(93%) CN:8 DL:9.5MiB ETA:3m51s]
[#b9afd0 33GiB/35GiB(93%) CN:8 DL:9.3MiB ETA:3m53s]
[#b9afd0 33GiB/35GiB(93%) CN:8 DL:9.4MiB ETA:3m51s]
[#b9afd0 33GiB/35GiB(94%) CN:8 DL:9.1MiB ETA:3m57s]
[#b9afd0 33GiB/35GiB(94%) CN:8 DL:8.9MiB ETA:4m1s]
[#b9afd0 33GiB/35GiB(94%) CN:8 DL:8.7MiB ETA:4m5s]
[#b9afd0 33GiB/35GiB(94%) CN:8 DL:8.6MiB ETA:4m7s]
[#b9afd0 33GiB/35GiB(94%) CN:8 DL:8.8MiB ETA:4m1s]
[#b9afd0 33GiB/35GiB(94%) CN:8 DL:8.5MiB ETA:4m7s]
[#b9afd0 33GiB/35GiB(94%) CN:8 DL:8.9MiB ETA:3m55s]
[#b9afd0 33GiB/35GiB(94%) CN:8 DL:8.6MiB ETA:4m2s]
[#b9afd0 33GiB/35GiB(94%) CN:8 DL:8.2MiB ETA:4m15s]
[#b9afd0 33GiB/35GiB(94%) CN:8 DL:8.7MiB ETA:3m59s]
[#b9afd0 33GiB/35GiB(94%) CN:8 DL:8.6MiB ETA:4m]
[#b9afd0 33GiB/35GiB(94%) CN:8 DL:8.6MiB ETA:4m1s]
[#b9afd0 33GiB/35GiB(94%) CN:8 DL:8.7MiB ETA:3m55s]
[#b9afd0 33GiB/35GiB(94%) CN:8 DL:8.8MiB ETA:3m52s]
[#b9afd0 33GiB/35GiB(94%) CN:8 DL:8.7MiB ETA:3m55s]
[#b9afd0 33GiB/35GiB(94%) CN:8 DL:8.7MiB ETA:3m53s]
[#b9afd0 33GiB/35GiB(94%) CN:8 DL:9.0MiB ETA:3m44s]
[#b9afd0 33GiB/35GiB(94%) CN:8 DL:9.0MiB ETA:3m43s]
[#b9afd0 33GiB/35GiB(94%) CN:8 DL:8.8MiB ETA:3m48s]
[#b9afd0 33GiB/35GiB(94%) CN:8 DL:8.7MiB ETA:3m47s]
[#b9afd0 33GiB/35GiB(94%) CN:8 DL:8.9MiB ETA:3m42s]
[#b9afd0 33GiB/35GiB(94%) CN:8 DL:8.9MiB ETA:3m42s]
[#b9afd0 33GiB/35GiB(94%) CN:8 DL:8.6MiB ETA:3m48s]
[#b9afd0 33GiB/35GiB(94%) CN:8 DL:8.6MiB ETA:3m47s]
[#b9afd0 33GiB/35GiB(94%) CN:8 DL:8.6MiB ETA:3m45s]
[#b9afd0 33GiB/35GiB(94%) CN:8 DL:8.5MiB ETA:3m48s]
[#b9afd0 33GiB/35GiB(94%) CN:8 DL:8.6MiB ETA:3m45s]
[#b9afd0 33GiB/35GiB(94%) CN:8 DL:8.3MiB ETA:3m51s]
[#b9afd0 33GiB/35GiB(94%) CN:8 DL:8.0MiB ETA:4m]
[#b9afd0 33GiB/35GiB(94%) CN:8 DL:8.1MiB ETA:3m56s]
[#b9afd0 33GiB/35GiB(94%) CN:8 DL:7.9MiB ETA:4m1s]
[#b9afd0 33GiB/35GiB(94%) CN:8 DL:8.0MiB ETA:3m57s]
[#b9afd0 33GiB/35GiB(94%) CN:8 DL:7.9MiB ETA:3m59s]
[#b9afd0 33GiB/35GiB(94%) CN:8 DL:7.8MiB ETA:4m1s]
[#b9afd0 33GiB/35GiB(94%) CN:8 DL:7.7MiB ETA:4m1s]
[#b9afd0 33GiB/35GiB(94%) CN:8 DL:7.8MiB ETA:3m56s]
[#b9afd0 33GiB/35GiB(94%) CN:8 DL:8.0MiB ETA:3m50s]
[#b9afd0 33GiB/35GiB(94%) CN:8 DL:8.5MiB ETA:3m36s]
[#b9afd0 33GiB/35GiB(94%) CN:8 DL:8.0MiB ETA:3m50s]
[#b9afd0 33GiB/35GiB(94%) CN:8 DL:7.9MiB ETA:3m51s]
[#b9afd0 33GiB/35GiB(94%) CN:8 DL:8.2MiB ETA:3m42s]
[#b9afd0 33GiB/35GiB(94%) CN:8 DL:8.1MiB ETA:3m43s]
[#b9afd0 33GiB/35GiB(94%) CN:8 DL:8.3MiB ETA:3m38s]
[#b9afd0 33GiB/35GiB(95%) CN:8 DL:8.3MiB ETA:3m36s]
[#b9afd0 33GiB/35GiB(95%) CN:8 DL:8.3MiB ETA:3m34s]
[#b9afd0 33GiB/35GiB(95%) CN:8 DL:8.2MiB ETA:3m35s]
[#b9afd0 33GiB/35GiB(95%) CN:8 DL:8.2MiB ETA:3m35s]
[#b9afd0 33GiB/35GiB(95%) CN:8 DL:8.6MiB ETA:3m25s]
[#b9afd0 33GiB/35GiB(95%) CN:8 DL:8.4MiB ETA:3m28s]
[#b9afd0 33GiB/35GiB(95%) CN:8 DL:8.3MiB ETA:3m31s]
[#b9afd0 33GiB/35GiB(95%) CN:8 DL:8.2MiB ETA:3m31s]
[#b9afd0 33GiB/35GiB(95%) CN:8 DL:8.1MiB ETA:3m32s]
[#b9afd0 33GiB/35GiB(95%) CN:8 DL:8.0MiB ETA:3m36s]
[#b9afd0 33GiB/35GiB(95%) CN:8 DL:7.8MiB ETA:3m40s]
[#b9afd0 33GiB/35GiB(95%) CN:8 DL:7.7MiB ETA:3m40s]
[#b9afd0 33GiB/35GiB(95%) CN:8 DL:7.6MiB ETA:3m43s]
[#b9afd0 33GiB/35GiB(95%) CN:8 DL:7.8MiB ETA:3m37s]
[#b9afd0 33GiB/35GiB(95%) CN:8 DL:7.8MiB ETA:3m35s]
[#b9afd0 33GiB/35GiB(95%) CN:8 DL:7.7MiB ETA:3m38s]
[#b9afd0 33GiB/35GiB(95%) CN:8 DL:7.4MiB ETA:3m46s]
[#b9afd0 33GiB/35GiB(95%) CN:8 DL:7.6MiB ETA:3m39s]
[#b9afd0 33GiB/35GiB(95%) CN:8 DL:7.8MiB ETA:3m32s]
[#b9afd0 33GiB/35GiB(95%) CN:8 DL:7.9MiB ETA:3m27s]
[#b9afd0 33GiB/35GiB(95%) CN:8 DL:7.9MiB ETA:3m27s]
[#b9afd0 33GiB/35GiB(95%) CN:8 DL:7.9MiB ETA:3m25s]
[#b9afd0 33GiB/35GiB(95%) CN:8 DL:7.9MiB ETA:3m24s]
[#b9afd0 33GiB/35GiB(95%) CN:8 DL:7.9MiB ETA:3m23s]
[#b9afd0 33GiB/35GiB(95%) CN:8 DL:8.0MiB ETA:3m20s]
[#b9afd0 33GiB/35GiB(95%) CN:8 DL:8.3MiB ETA:3m12s]
[#b9afd0 33GiB/35GiB(95%) CN:8 DL:7.9MiB ETA:3m21s]
[#b9afd0 33GiB/35GiB(95%) CN:8 DL:7.9MiB ETA:3m21s]
[#b9afd0 33GiB/35GiB(95%) CN:8 DL:7.8MiB ETA:3m22s]
[#b9afd0 33GiB/35GiB(95%) CN:8 DL:7.9MiB ETA:3m17s]
 *** Download Progress Summary as of Sun Sep 20 13:43:55 2026 *** 
===============================================================================
[#b9afd0 33GiB/35GiB(95%) CN:8 DL:7.8MiB ETA:3m19s]
FILE: urbansarfloods/urban_sar_floods.tar.gz
-------------------------------------------------------------------------------

[#b9afd0 33GiB/35GiB(95%) CN:8 DL:7.8MiB ETA:3m19s]
[#b9afd0 33GiB/35GiB(95%) CN:8 DL:7.7MiB ETA:3m21s]
[#b9afd0 33GiB/35GiB(95%) CN:8 DL:7.7MiB ETA:3m19s]
[#b9afd0 33GiB/35GiB(95%) CN:8 DL:7.8MiB ETA:3m17s]
[#b9afd0 33GiB/35GiB(95%) CN:8 DL:7.7MiB ETA:3m17s]
[#b9afd0 33GiB/35GiB(95%) CN:8 DL:7.8MiB ETA:3m14s]
[#b9afd0 33GiB/35GiB(95%) CN:8 DL:7.7MiB ETA:3m15s]
[#b9afd0 33GiB/35GiB(95%) CN:8 DL:7.8MiB ETA:3m12s]
[#b9afd0 33GiB/35GiB(95%) CN:8 DL:7.8MiB ETA:3m12s]
[#b9afd0 33GiB/35GiB(95%) CN:8 DL:7.7MiB ETA:3m13s]
[#b9afd0 33GiB/35GiB(95%) CN:8 DL:7.8MiB ETA:3m8s]
[#b9afd0 33GiB/35GiB(95%) CN:8 DL:7.9MiB ETA:3m7s]
[#b9afd0 33GiB/35GiB(95%) CN:8 DL:7.8MiB ETA:3m6s]
[#b9afd0 33GiB/35GiB(95%) CN:8 DL:7.8MiB ETA:3m6s]
[#b9afd0 33GiB/35GiB(95%) CN:8 DL:7.9MiB ETA:3m2s]
[#b9afd0 33GiB/35GiB(96%) CN:8 DL:7.6MiB ETA:3m9s]
[#b9afd0 33GiB/35GiB(96%) CN:8 DL:8.0MiB ETA:2m58s]
[#b9afd0 33GiB/35GiB(96%) CN:8 DL:7.8MiB ETA:3m2s]
[#b9afd0 33GiB/35GiB(96%) CN:8 DL:7.7MiB ETA:3m3s]
[#b9afd0 33GiB/35GiB(96%) CN:8 DL:7.7MiB ETA:3m1s]
[#b9afd0 34GiB/35GiB(96%) CN:8 DL:8.0MiB ETA:2m55s]
[#b9afd0 34GiB/35GiB(96%) CN:8 DL:7.9MiB ETA:2m56s]
[#b9afd0 34GiB/35GiB(96%) CN:8 DL:8.2MiB ETA:2m49s]
[#b9afd0 34GiB/35GiB(96%) CN:8 DL:8.2MiB ETA:2m48s]
[#b9afd0 34GiB/35GiB(96%) CN:8 DL:8.2MiB ETA:2m45s]
[#b9afd0 34GiB/35GiB(96%) CN:8 DL:8.5MiB ETA:2m39s]
[#b9afd0 34GiB/35GiB(96%) CN:8 DL:8.7MiB ETA:2m34s]
[#b9afd0 34GiB/35GiB(96%) CN:8 DL:8.5MiB ETA:2m38s]
[#b9afd0 34GiB/35GiB(96%) CN:8 DL:8.4MiB ETA:2m38s]
[#b9afd0 34GiB/35GiB(96%) CN:8 DL:8.6MiB ETA:2m34s]
[#b9afd0 34GiB/35GiB(96%) CN:8 DL:8.5MiB ETA:2m35s]
[#b9afd0 34GiB/35GiB(96%) CN:8 DL:8.4MiB ETA:2m35s]
[#b9afd0 34GiB/35GiB(96%) CN:8 DL:8.5MiB ETA:2m33s]
[#b9afd0 34GiB/35GiB(96%) CN:8 DL:8.4MiB ETA:2m33s]
[#b9afd0 34GiB/35GiB(96%) CN:8 DL:8.2MiB ETA:2m35s]
[#b9afd0 34GiB/35GiB(96%) CN:8 DL:8.3MiB ETA:2m33s]
[#b9afd0 34GiB/35GiB(96%) CN:8 DL:8.3MiB ETA:2m31s]
[#b9afd0 34GiB/35GiB(96%) CN:8 DL:8.5MiB ETA:2m26s]
[#b9afd0 34GiB/35GiB(96%) CN:8 DL:8.4MiB ETA:2m28s]
[#b9afd0 34GiB/35GiB(96%) CN:8 DL:8.4MiB ETA:2m28s]
[#b9afd0 34GiB/35GiB(96%) CN:8 DL:8.4MiB ETA:2m27s]
[#b9afd0 34GiB/35GiB(96%) CN:8 DL:8.4MiB ETA:2m24s]
[#b9afd0 34GiB/35GiB(96%) CN:8 DL:8.4MiB ETA:2m23s]
[#b9afd0 34GiB/35GiB(96%) CN:8 DL:8.5MiB ETA:2m21s]
[#b9afd0 34GiB/35GiB(96%) CN:8 DL:8.6MiB ETA:2m18s]
[#b9afd0 34GiB/35GiB(96%) CN:8 DL:8.6MiB ETA:2m17s]
[#b9afd0 34GiB/35GiB(96%) CN:8 DL:8.5MiB ETA:2m17s]
[#b9afd0 34GiB/35GiB(96%) CN:8 DL:8.9MiB ETA:2m10s]
[#b9afd0 34GiB/35GiB(96%) CN:8 DL:8.5MiB ETA:2m16s]
[#b9afd0 34GiB/35GiB(96%) CN:8 DL:8.6MiB ETA:2m14s]
[#b9afd0 34GiB/35GiB(96%) CN:8 DL:8.7MiB ETA:2m12s]
[#b9afd0 34GiB/35GiB(96%) CN:8 DL:8.7MiB ETA:2m10s]
[#b9afd0 34GiB/35GiB(96%) CN:8 DL:8.7MiB ETA:2m9s]
[#b9afd0 34GiB/35GiB(96%) CN:8 DL:8.7MiB ETA:2m8s]
[#b9afd0 34GiB/35GiB(96%) CN:8 DL:8.5MiB ETA:2m9s]
[#b9afd0 34GiB/35GiB(96%) CN:8 DL:8.8MiB ETA:2m4s]
[#b9afd0 34GiB/35GiB(96%) CN:8 DL:8.7MiB ETA:2m5s]
[#b9afd0 34GiB/35GiB(96%) CN:8 DL:8.9MiB ETA:2m1s]
[#b9afd0 34GiB/35GiB(97%) CN:8 DL:8.7MiB ETA:2m3s]
[#b9afd0 34GiB/35GiB(97%) CN:8 DL:8.6MiB ETA:2m4s]
[#b9afd0 34GiB/35GiB(97%) CN:8 DL:8.6MiB ETA:2m3s]
[#b9afd0 34GiB/35GiB(97%) CN:8 DL:8.4MiB ETA:2m5s]
[#b9afd0 34GiB/35GiB(97%) CN:8 DL:8.6MiB ETA:2m]
[#b9afd0 34GiB/35GiB(97%) CN:8 DL:8.6MiB ETA:2m]
[#b9afd0 34GiB/35GiB(97%) CN:8 DL:8.3MiB ETA:2m3s]
[#b9afd0 34GiB/35GiB(97%) CN:8 DL:8.5MiB ETA:1m59s]
[#b9afd0 34GiB/35GiB(97%) CN:8 DL:8.5MiB ETA:1m58s]
[#b9afd0 34GiB/35GiB(97%) CN:8 DL:8.4MiB ETA:1m58s]
[#b9afd0 34GiB/35GiB(97%) CN:8 DL:8.8MiB ETA:1m52s]

09/20 13:45:04 [[1;31mERROR[0m] CUID#9 - Download aborted. URI=https://huggingface.co/datasets/S1Floodbenchmark/UrbanSARFloods_v1/resolve/main/urban_sar_floods.tar.gz
Exception: [AbstractCommand.cc:351] errorCode=22 URI=https://us.aws.cdn.hf.co/xet-bridge-us/65cd1ca37432cb51771d796a/f122e1bacbe0b61615a9cf0dc9055c46e15589d88530e7fc0801fa92297dcc7a?response-content-type=application%2Fgzip&user_id=public&response-content-disposition=inline%3B+filename*%3DUTF-8%27%27urban_sar_floods.tar.gz%3B+filename%3D%22urban_sar_floods.tar.gz%22%3B&X-Xet-Cas-Uid=public&Expires=1789892031&Policy=eyJTdGF0ZW1lbnQiOlt7IlJlc291cmNlIjoiaHR0cHM6Ly91cy5hd3MuY2RuLmhmLmNvL3hldC1icmlkZ2UtdXMvNjVjZDFjYTM3NDMyY2I1MTc3MWQ3OTZhL2YxMjJlMWJhY2JlMGI2MTYxNWE5Y2YwZGM5MDU1YzQ2ZTE1NTg5ZDg4NTMwZTdmYzA4MDFmYTkyMjk3ZGNjN2FcXD9yZXNwb25zZS1jb250ZW50LXR5cGU9YXBwbGljYXRpb24lMkZnemlwJnVzZXJfaWQ9cHVibGljJnJlc3BvbnNlLWNvbnRlbnQtZGlzcG9zaXRpb249aW5saW5lJTNCK2ZpbGVuYW1lJTJBJTNEVVRGLTglMjclMjd1cmJhbl9zYXJfZmxvb2RzLnRhci5neiUzQitmaWxlbmFtZSUzRCUyMnVyYmFuX3Nhcl9mbG9vZHMudGFyLmd6JTIyJTNCJlgtWGV0LUNhcy1VaWQ9cHVibGljIiwiQ29uZGl0aW9uIjp7IkRhdGVMZXNzVGhhbiI6eyJFcG9jaFRpbWUiOjE3ODk4OTIwMzF9fX1dfQ__&Signature=MEQCIDftX8-r1AJneX9l7epyAKe%7EBpF-k0RakzoJsmexMdLmAiBg912PrT26xxzoUqeeXjNHAUh9yo0Ssa9n3GZGzZWiFw__&Key-Pair-Id=01KXEF4KZ1B6FV465MAWR4M21F&Hash-Algorithm=SHA256
  -> [HttpSkipResponseCommand.cc:239] errorCode=22 The response status is not successful. status=403
[#b9afd0 34GiB/35GiB(97%) CN:7 DL:8.4MiB ETA:1m56s]
[#b9afd0 34GiB/35GiB(97%) CN:7 DL:8.5MiB ETA:1m55s]
[#b9afd0 34GiB/35GiB(97%) CN:7 DL:8.0MiB ETA:2m]
[#b9afd0 34GiB/35GiB(97%) CN:7 DL:8.1MiB ETA:1m57s]
[#b9afd0 34GiB/35GiB(97%) CN:7 DL:8.0MiB ETA:1m58s]
[#b9afd0 34GiB/35GiB(97%) CN:7 DL:8.1MiB ETA:1m57s]
[#b9afd0 34GiB/35GiB(97%) CN:7 DL:7.9MiB ETA:1m57s]
[#b9afd0 34GiB/35GiB(97%) CN:7 DL:8.0MiB ETA:1m55s]
[#b9afd0 34GiB/35GiB(97%) CN:7 DL:7.7MiB ETA:1m58s]
[#b9afd0 34GiB/35GiB(97%) CN:7 DL:8.1MiB ETA:1m51s]
[#b9afd0 34GiB/35GiB(97%) CN:7 DL:8.1MiB ETA:1m51s]
[#b9afd0 34GiB/35GiB(97%) CN:7 DL:8.3MiB ETA:1m47s]
[#b9afd0 34GiB/35GiB(97%) CN:7 DL:8.3MiB ETA:1m46s]
[#b9afd0 34GiB/35GiB(97%) CN:7 DL:8.4MiB ETA:1m44s]
[#b9afd0 34GiB/35GiB(97%) CN:7 DL:8.5MiB ETA:1m42s]
[#b9afd0 34GiB/35GiB(97%) CN:7 DL:8.5MiB ETA:1m41s]
[#b9afd0 34GiB/35GiB(97%) CN:7 DL:8.5MiB ETA:1m40s]
[#b9afd0 34GiB/35GiB(97%) CN:7 DL:8.7MiB ETA:1m36s]
[#b9afd0 34GiB/35GiB(97%) CN:7 DL:8.7MiB ETA:1m35s]
[#b9afd0 34GiB/35GiB(97%) CN:7 DL:8.8MiB ETA:1m33s]
[#b9afd0 34GiB/35GiB(97%) CN:7 DL:8.5MiB ETA:1m35s]
[#b9afd0 34GiB/35GiB(97%) CN:7 DL:8.5MiB ETA:1m35s]
[#b9afd0 34GiB/35GiB(97%) CN:7 DL:8.3MiB ETA:1m36s]
[#b9afd0 34GiB/35GiB(97%) CN:7 DL:8.4MiB ETA:1m33s]
[#b9afd0 34GiB/35GiB(97%) CN:7 DL:8.4MiB ETA:1m33s]
[#b9afd0 34GiB/35GiB(97%) CN:7 DL:8.3MiB ETA:1m33s]
[#b9afd0 34GiB/35GiB(97%) CN:7 DL:8.2MiB ETA:1m32s]
[#b9afd0 34GiB/35GiB(97%) CN:7 DL:8.1MiB ETA:1m33s]
[#b9afd0 34GiB/35GiB(97%) CN:7 DL:8.2MiB ETA:1m31s]
[#b9afd0 34GiB/35GiB(97%) CN:7 DL:8.1MiB ETA:1m31s]

09/20 13:45:34 [[1;31mERROR[0m] CUID#10 - Download aborted. URI=https://huggingface.co/datasets/S1Floodbenchmark/UrbanSARFloods_v1/resolve/main/urban_sar_floods.tar.gz
Exception: [AbstractCommand.cc:351] errorCode=22 URI=https://us.aws.cdn.hf.co/xet-bridge-us/65cd1ca37432cb51771d796a/f122e1bacbe0b61615a9cf0dc9055c46e15589d88530e7fc0801fa92297dcc7a?response-content-type=application%2Fgzip&X-Xet-Cas-Uid=public&user_id=public&response-content-disposition=inline%3B+filename*%3DUTF-8%27%27urban_sar_floods.tar.gz%3B+filename%3D%22urban_sar_floods.tar.gz%22%3B&Expires=1789892032&Policy=eyJTdGF0ZW1lbnQiOlt7IlJlc291cmNlIjoiaHR0cHM6Ly91cy5hd3MuY2RuLmhmLmNvL3hldC1icmlkZ2UtdXMvNjVjZDFjYTM3NDMyY2I1MTc3MWQ3OTZhL2YxMjJlMWJhY2JlMGI2MTYxNWE5Y2YwZGM5MDU1YzQ2ZTE1NTg5ZDg4NTMwZTdmYzA4MDFmYTkyMjk3ZGNjN2FcXD9yZXNwb25zZS1jb250ZW50LXR5cGU9YXBwbGljYXRpb24lMkZnemlwJlgtWGV0LUNhcy1VaWQ9cHVibGljJnVzZXJfaWQ9cHVibGljJnJlc3BvbnNlLWNvbnRlbnQtZGlzcG9zaXRpb249aW5saW5lJTNCK2ZpbGVuYW1lJTJBJTNEVVRGLTglMjclMjd1cmJhbl9zYXJfZmxvb2RzLnRhci5neiUzQitmaWxlbmFtZSUzRCUyMnVyYmFuX3Nhcl9mbG9vZHMudGFyLmd6JTIyJTNCIiwiQ29uZGl0aW9uIjp7IkRhdGVMZXNzVGhhbiI6eyJFcG9jaFRpbWUiOjE3ODk4OTIwMzJ9fX1dfQ__&Signature=MEYCIQDIt-FrqZRajl4VcSe3z-AAX-28hFWFMsSea7QDdZoNAAIhAJi3XivZYWRKv71KUJZ0PeNe3--pUFq2xg4BUrjvExak&Key-Pair-Id=01KXEF4KZ1B6FV465MAWR4M21F&Hash-Algorithm=SHA256
  -> [HttpSkipResponseCommand.cc:239] errorCode=22 The response status is not successful. status=403
[#b9afd0 34GiB/35GiB(97%) CN:6 DL:8.5MiB ETA:1m26s]
[#b9afd0 34GiB/35GiB(97%) CN:6 DL:8.3MiB ETA:1m27s]
[#b9afd0 34GiB/35GiB(98%) CN:6 DL:8.2MiB ETA:1m27s]
[#b9afd0 34GiB/35GiB(98%) CN:6 DL:8.2MiB ETA:1m26s]
[#b9afd0 34GiB/35GiB(98%) CN:6 DL:8.2MiB ETA:1m25s]
[#b9afd0 34GiB/35GiB(98%) CN:6 DL:8.1MiB ETA:1m25s]
[#b9afd0 34GiB/35GiB(98%) CN:6 DL:8.2MiB ETA:1m23s]
[#b9afd0 34GiB/35GiB(98%) CN:6 DL:8.5MiB ETA:1m19s]
[#b9afd0 34GiB/35GiB(98%) CN:6 DL:8.2MiB ETA:1m21s]
[#b9afd0 34GiB/35GiB(98%) CN:6 DL:8.0MiB ETA:1m22s]
[#b9afd0 34GiB/35GiB(98%) CN:6 DL:8.4MiB ETA:1m16s]
[#b9afd0 34GiB/35GiB(98%) CN:6 DL:8.0MiB ETA:1m20s]
[#b9afd0 34GiB/35GiB(98%) CN:6 DL:8.0MiB ETA:1m19s]
[#b9afd0 34GiB/35GiB(98%) CN:6 DL:8.2MiB ETA:1m16s]
[#b9afd0 34GiB/35GiB(98%) CN:6 DL:7.9MiB ETA:1m18s]
[#b9afd0 34GiB/35GiB(98%) CN:6 DL:8.0MiB ETA:1m16s]
[#b9afd0 34GiB/35GiB(98%) CN:6 DL:7.7MiB ETA:1m17s]
[#b9afd0 34GiB/35GiB(98%) CN:6 DL:7.9MiB ETA:1m14s]
[#b9afd0 34GiB/35GiB(98%) CN:6 DL:7.8MiB ETA:1m15s]
[#b9afd0 34GiB/35GiB(98%) CN:6 DL:7.8MiB ETA:1m14s]
[#b9afd0 34GiB/35GiB(98%) CN:6 DL:8.3MiB ETA:1m8s]
[#b9afd0 34GiB/35GiB(98%) CN:6 DL:7.9MiB ETA:1m11s]
[#b9afd0 34GiB/35GiB(98%) CN:6 DL:7.9MiB ETA:1m10s]
[#b9afd0 34GiB/35GiB(98%) CN:6 DL:8.1MiB ETA:1m7s]
[#b9afd0 34GiB/35GiB(98%) CN:6 DL:7.7MiB ETA:1m9s]

09/20 13:45:59 [[1;31mERROR[0m] CUID#13 - Download aborted. URI=https://huggingface.co/datasets/S1Floodbenchmark/UrbanSARFloods_v1/resolve/main/urban_sar_floods.tar.gz
Exception: [AbstractCommand.cc:351] errorCode=22 URI=https://us.aws.cdn.hf.co/xet-bridge-us/65cd1ca37432cb51771d796a/f122e1bacbe0b61615a9cf0dc9055c46e15589d88530e7fc0801fa92297dcc7a?X-Xet-Cas-Uid=public&user_id=public&response-content-disposition=inline%3B+filename*%3DUTF-8%27%27urban_sar_floods.tar.gz%3B+filename%3D%22urban_sar_floods.tar.gz%22%3B&response-content-type=application%2Fgzip&Expires=1789892032&Policy=eyJTdGF0ZW1lbnQiOlt7IlJlc291cmNlIjoiaHR0cHM6Ly91cy5hd3MuY2RuLmhmLmNvL3hldC1icmlkZ2UtdXMvNjVjZDFjYTM3NDMyY2I1MTc3MWQ3OTZhL2YxMjJlMWJhY2JlMGI2MTYxNWE5Y2YwZGM5MDU1YzQ2ZTE1NTg5ZDg4NTMwZTdmYzA4MDFmYTkyMjk3ZGNjN2FcXD9YLVhldC1DYXMtVWlkPXB1YmxpYyZ1c2VyX2lkPXB1YmxpYyZyZXNwb25zZS1jb250ZW50LWRpc3Bvc2l0aW9uPWlubGluZSUzQitmaWxlbmFtZSUyQSUzRFVURi04JTI3JTI3dXJiYW5fc2FyX2Zsb29kcy50YXIuZ3olM0IrZmlsZW5hbWUlM0QlMjJ1cmJhbl9zYXJfZmxvb2RzLnRhci5neiUyMiUzQiZyZXNwb25zZS1jb250ZW50LXR5cGU9YXBwbGljYXRpb24lMkZnemlwIiwiQ29uZGl0aW9uIjp7IkRhdGVMZXNzVGhhbiI6eyJFcG9jaFRpbWUiOjE3ODk4OTIwMzJ9fX1dfQ__&Signature=MEUCIQDGTsNb11ZFp6qCznpG1U9uFcClEPf5inrqf4kQ-JIWigIgNjgZ55h97YY4Wv0loGVDo0jbUjpFEwGX1k9QmdX1Ink_&Key-Pair-Id=01KXEF4KZ1B6FV465MAWR4M21F&Hash-Algorithm=SHA256
  -> [HttpSkipResponseCommand.cc:239] errorCode=22 The response status is not successful. status=403
[#b9afd0 34GiB/35GiB(98%) CN:5 DL:8.0MiB ETA:1m6s]
[#b9afd0 34GiB/35GiB(98%) CN:5 DL:7.9MiB ETA:1m6s]
[#b9afd0 34GiB/35GiB(98%) CN:5 DL:7.9MiB ETA:1m5s]
[#b9afd0 34GiB/35GiB(98%) CN:5 DL:7.6MiB ETA:1m7s]
[#b9afd0 34GiB/35GiB(98%) CN:5 DL:7.5MiB ETA:1m7s]
[#b9afd0 34GiB/35GiB(98%) CN:5 DL:7.9MiB ETA:1m2s]
[#b9afd0 34GiB/35GiB(98%) CN:5 DL:7.7MiB ETA:1m3s]
[#b9afd0 34GiB/35GiB(98%) CN:5 DL:7.5MiB ETA:1m3s]
[#b9afd0 34GiB/35GiB(98%) CN:5 DL:7.7MiB ETA:1m]
[#b9afd0 34GiB/35GiB(98%) CN:5 DL:7.5MiB ETA:1m1s]
[#b9afd0 34GiB/35GiB(98%) CN:5 DL:7.6MiB ETA:59s]
[#b9afd0 34GiB/35GiB(98%) CN:5 DL:8.0MiB ETA:55s]
[#b9afd0 34GiB/35GiB(98%) CN:5 DL:8.1MiB ETA:53s]
[#b9afd0 34GiB/35GiB(98%) CN:5 DL:8.1MiB ETA:52s]
[#b9afd0 34GiB/35GiB(98%) CN:5 DL:8.0MiB ETA:52s]
[#b9afd0 34GiB/35GiB(98%) CN:5 DL:8.3MiB ETA:48s]
[#b9afd0 34GiB/35GiB(98%) CN:5 DL:8.3MiB ETA:48s]
[#b9afd0 34GiB/35GiB(98%) CN:5 DL:8.1MiB ETA:48s]
[#b9afd0 35GiB/35GiB(98%) CN:5 DL:8.2MiB ETA:46s]
[#b9afd0 35GiB/35GiB(98%) CN:5 DL:8.2MiB ETA:46s]
[#b9afd0 35GiB/35GiB(98%) CN:5 DL:8.0MiB ETA:46s]
[#b9afd0 35GiB/35GiB(98%) CN:5 DL:8.0MiB ETA:45s]
[#b9afd0 35GiB/35GiB(99%) CN:5 DL:8.0MiB ETA:44s]
[#b9afd0 35GiB/35GiB(99%) CN:5 DL:8.0MiB ETA:42s]
[#b9afd0 35GiB/35GiB(99%) CN:5 DL:8.0MiB ETA:42s]
[#b9afd0 35GiB/35GiB(99%) CN:5 DL:7.9MiB ETA:41s]
[#b9afd0 35GiB/35GiB(99%) CN:5 DL:8.2MiB ETA:38s]
[#b9afd0 35GiB/35GiB(99%) CN:5 DL:7.9MiB ETA:39s]
[#b9afd0 35GiB/35GiB(99%) CN:5 DL:8.1MiB ETA:37s]
[#b9afd0 35GiB/35GiB(99%) CN:5 DL:8.0MiB ETA:37s]
[#b9afd0 35GiB/35GiB(99%) CN:5 DL:8.2MiB ETA:35s]

09/20 13:46:30 [[1;31mERROR[0m] CUID#12 - Download aborted. URI=https://huggingface.co/datasets/S1Floodbenchmark/UrbanSARFloods_v1/resolve/main/urban_sar_floods.tar.gz
Exception: [AbstractCommand.cc:351] errorCode=22 URI=https://us.aws.cdn.hf.co/xet-bridge-us/65cd1ca37432cb51771d796a/f122e1bacbe0b61615a9cf0dc9055c46e15589d88530e7fc0801fa92297dcc7a?response-content-disposition=inline%3B+filename*%3DUTF-8%27%27urban_sar_floods.tar.gz%3B+filename%3D%22urban_sar_floods.tar.gz%22%3B&user_id=public&response-content-type=application%2Fgzip&X-Xet-Cas-Uid=public&Expires=1789892032&Policy=eyJTdGF0ZW1lbnQiOlt7IlJlc291cmNlIjoiaHR0cHM6Ly91cy5hd3MuY2RuLmhmLmNvL3hldC1icmlkZ2UtdXMvNjVjZDFjYTM3NDMyY2I1MTc3MWQ3OTZhL2YxMjJlMWJhY2JlMGI2MTYxNWE5Y2YwZGM5MDU1YzQ2ZTE1NTg5ZDg4NTMwZTdmYzA4MDFmYTkyMjk3ZGNjN2FcXD9yZXNwb25zZS1jb250ZW50LWRpc3Bvc2l0aW9uPWlubGluZSUzQitmaWxlbmFtZSUyQSUzRFVURi04JTI3JTI3dXJiYW5fc2FyX2Zsb29kcy50YXIuZ3olM0IrZmlsZW5hbWUlM0QlMjJ1cmJhbl9zYXJfZmxvb2RzLnRhci5neiUyMiUzQiZ1c2VyX2lkPXB1YmxpYyZyZXNwb25zZS1jb250ZW50LXR5cGU9YXBwbGljYXRpb24lMkZnemlwJlgtWGV0LUNhcy1VaWQ9cHVibGljIiwiQ29uZGl0aW9uIjp7IkRhdGVMZXNzVGhhbiI6eyJFcG9jaFRpbWUiOjE3ODk4OTIwMzJ9fX1dfQ__&Signature=MEUCIDD2s0jC6OA1IWLlDeG%7EegTA2aEJjxSL5Zb8H8Jd8HUMAiEA2FrPL-SELMLm1CqwGAjY%7EE0Af1PENhfRjIKYdkMtzJI_&Key-Pair-Id=01KXEF4KZ1B6FV465MAWR4M21F&Hash-Algorithm=SHA256
  -> [HttpSkipResponseCommand.cc:239] errorCode=22 The response status is not successful. status=403
[#b9afd0 35GiB/35GiB(99%) CN:4 DL:8.4MiB ETA:33s]
[#b9afd0 35GiB/35GiB(99%) CN:4 DL:8.1MiB ETA:33s]
[#b9afd0 35GiB/35GiB(99%) CN:4 DL:8.1MiB ETA:32s]

09/20 13:46:33 [[1;31mERROR[0m] CUID#11 - Download aborted. URI=https://huggingface.co/datasets/S1Floodbenchmark/UrbanSARFloods_v1/resolve/main/urban_sar_floods.tar.gz
Exception: [AbstractCommand.cc:351] errorCode=22 URI=https://us.aws.cdn.hf.co/xet-bridge-us/65cd1ca37432cb51771d796a/f122e1bacbe0b61615a9cf0dc9055c46e15589d88530e7fc0801fa92297dcc7a?user_id=public&response-content-type=application%2Fgzip&response-content-disposition=inline%3B+filename*%3DUTF-8%27%27urban_sar_floods.tar.gz%3B+filename%3D%22urban_sar_floods.tar.gz%22%3B&X-Xet-Cas-Uid=public&Expires=1789892032&Policy=eyJTdGF0ZW1lbnQiOlt7IlJlc291cmNlIjoiaHR0cHM6Ly91cy5hd3MuY2RuLmhmLmNvL3hldC1icmlkZ2UtdXMvNjVjZDFjYTM3NDMyY2I1MTc3MWQ3OTZhL2YxMjJlMWJhY2JlMGI2MTYxNWE5Y2YwZGM5MDU1YzQ2ZTE1NTg5ZDg4NTMwZTdmYzA4MDFmYTkyMjk3ZGNjN2FcXD91c2VyX2lkPXB1YmxpYyZyZXNwb25zZS1jb250ZW50LXR5cGU9YXBwbGljYXRpb24lMkZnemlwJnJlc3BvbnNlLWNvbnRlbnQtZGlzcG9zaXRpb249aW5saW5lJTNCK2ZpbGVuYW1lJTJBJTNEVVRGLTglMjclMjd1cmJhbl9zYXJfZmxvb2RzLnRhci5neiUzQitmaWxlbmFtZSUzRCUyMnVyYmFuX3Nhcl9mbG9vZHMudGFyLmd6JTIyJTNCJlgtWGV0LUNhcy1VaWQ9cHVibGljIiwiQ29uZGl0aW9uIjp7IkRhdGVMZXNzVGhhbiI6eyJFcG9jaFRpbWUiOjE3ODk4OTIwMzJ9fX1dfQ__&Signature=MEYCIQDRl8X4rA3tdcHYHk7gbZ7b9qUPSC398VazYar%7EyUWCFQIhAOBiYcvInpvdDD9YnWyG4DdZPvsyWXQ03u2qXZ-Coum4&Key-Pair-Id=01KXEF4KZ1B6FV465MAWR4M21F&Hash-Algorithm=SHA256
  -> [HttpSkipResponseCommand.cc:239] errorCode=22 The response status is not successful. status=403
[#b9afd0 35GiB/35GiB(99%) CN:3 DL:7.8MiB ETA:32s]
[#b9afd0 35GiB/35GiB(99%) CN:3 DL:7.8MiB ETA:32s]
[#b9afd0 35GiB/35GiB(99%) CN:3 DL:7.7MiB ETA:31s]
[#b9afd0 35GiB/35GiB(99%) CN:3 DL:7.6MiB ETA:31s]
[#b9afd0 35GiB/35GiB(99%) CN:3 DL:7.4MiB ETA:31s]
[#b9afd0 35GiB/35GiB(99%) CN:3 DL:7.4MiB ETA:29s]
[#b9afd0 35GiB/35GiB(99%) CN:3 DL:7.2MiB ETA:29s]
[#b9afd0 35GiB/35GiB(99%) CN:3 DL:7.4MiB ETA:27s]
[#b9afd0 35GiB/35GiB(99%) CN:3 DL:7.7MiB ETA:25s]
[#b9afd0 35GiB/35GiB(99%) CN:3 DL:7.5MiB ETA:25s]
[#b9afd0 35GiB/35GiB(99%) CN:3 DL:7.6MiB ETA:23s]
[#b9afd0 35GiB/35GiB(99%) CN:3 DL:8.2MiB ETA:20s]
[#b9afd0 35GiB/35GiB(99%) CN:3 DL:8.3MiB ETA:19s]
[#b9afd0 35GiB/35GiB(99%) CN:3 DL:8.6MiB ETA:18s]
[#b9afd0 35GiB/35GiB(99%) CN:3 DL:8.5MiB ETA:17s]
[#b9afd0 35GiB/35GiB(99%) CN:3 DL:8.4MiB ETA:16s]

09/20 13:46:50 [[1;31mERROR[0m] CUID#14 - Download aborted. URI=https://huggingface.co/datasets/S1Floodbenchmark/UrbanSARFloods_v1/resolve/main/urban_sar_floods.tar.gz
Exception: [AbstractCommand.cc:351] errorCode=22 URI=https://us.aws.cdn.hf.co/xet-bridge-us/65cd1ca37432cb51771d796a/f122e1bacbe0b61615a9cf0dc9055c46e15589d88530e7fc0801fa92297dcc7a?X-Xet-Cas-Uid=public&response-content-type=application%2Fgzip&user_id=public&response-content-disposition=inline%3B+filename*%3DUTF-8%27%27urban_sar_floods.tar.gz%3B+filename%3D%22urban_sar_floods.tar.gz%22%3B&Expires=1789892032&Policy=eyJTdGF0ZW1lbnQiOlt7IlJlc291cmNlIjoiaHR0cHM6Ly91cy5hd3MuY2RuLmhmLmNvL3hldC1icmlkZ2UtdXMvNjVjZDFjYTM3NDMyY2I1MTc3MWQ3OTZhL2YxMjJlMWJhY2JlMGI2MTYxNWE5Y2YwZGM5MDU1YzQ2ZTE1NTg5ZDg4NTMwZTdmYzA4MDFmYTkyMjk3ZGNjN2FcXD9YLVhldC1DYXMtVWlkPXB1YmxpYyZyZXNwb25zZS1jb250ZW50LXR5cGU9YXBwbGljYXRpb24lMkZnemlwJnVzZXJfaWQ9cHVibGljJnJlc3BvbnNlLWNvbnRlbnQtZGlzcG9zaXRpb249aW5saW5lJTNCK2ZpbGVuYW1lJTJBJTNEVVRGLTglMjclMjd1cmJhbl9zYXJfZmxvb2RzLnRhci5neiUzQitmaWxlbmFtZSUzRCUyMnVyYmFuX3Nhcl9mbG9vZHMudGFyLmd6JTIyJTNCIiwiQ29uZGl0aW9uIjp7IkRhdGVMZXNzVGhhbiI6eyJFcG9jaFRpbWUiOjE3ODk4OTIwMzJ9fX1dfQ__&Signature=MEYCIQCeDg7yQ%7Emf5R-lUuL3rgYAd5vtqeunhvZW78z4cMO8vAIhAJmIrRcfMpSI3ullvHKw70nEc93rCV5lp4hMWeE%7Enlkg&Key-Pair-Id=01KXEF4KZ1B6FV465MAWR4M21F&Hash-Algorithm=SHA256
  -> [HttpSkipResponseCommand.cc:239] errorCode=22 The response status is not successful. status=403
[#b9afd0 35GiB/35GiB(99%) CN:2 DL:8.5MiB ETA:15s]
[#b9afd0 35GiB/35GiB(99%) CN:2 DL:8.2MiB ETA:15s]
[#b9afd0 35GiB/35GiB(99%) CN:2 DL:7.7MiB ETA:15s]
[#b9afd0 35GiB/35GiB(99%) CN:2 DL:7.6MiB ETA:14s]
[#b9afd0 35GiB/35GiB(99%) CN:2 DL:7.3MiB ETA:14s]
[#b9afd0 35GiB/35GiB(99%) CN:2 DL:7.3MiB ETA:13s]
[#b9afd0 35GiB/35GiB(99%) CN:2 DL:7.2MiB ETA:12s]
[#b9afd0 35GiB/35GiB(99%) CN:2 DL:7.4MiB ETA:10s]
[#b9afd0 35GiB/35GiB(99%) CN:2 DL:7.4MiB ETA:9s]
[#b9afd0 35GiB/35GiB(99%) CN:2 DL:7.0MiB ETA:9s]
[#b9afd0 35GiB/35GiB(99%) CN:2 DL:7.2MiB ETA:7s]
[#b9afd0 35GiB/35GiB(99%) CN:2 DL:7.3MiB ETA:6s]
[#b9afd0 35GiB/35GiB(99%) CN:2 DL:7.7MiB ETA:5s]

09/20 13:47:03 [[1;31mERROR[0m] CUID#8 - Download aborted. URI=https://huggingface.co/datasets/S1Floodbenchmark/UrbanSARFloods_v1/resolve/main/urban_sar_floods.tar.gz
Exception: [AbstractCommand.cc:351] errorCode=22 URI=https://us.aws.cdn.hf.co/xet-bridge-us/65cd1ca37432cb51771d796a/f122e1bacbe0b61615a9cf0dc9055c46e15589d88530e7fc0801fa92297dcc7a?X-Xet-Cas-Uid=public&user_id=public&response-content-type=application%2Fgzip&response-content-disposition=inline%3B+filename*%3DUTF-8%27%27urban_sar_floods.tar.gz%3B+filename%3D%22urban_sar_floods.tar.gz%22%3B&Expires=1789892030&Policy=eyJTdGF0ZW1lbnQiOlt7IlJlc291cmNlIjoiaHR0cHM6Ly91cy5hd3MuY2RuLmhmLmNvL3hldC1icmlkZ2UtdXMvNjVjZDFjYTM3NDMyY2I1MTc3MWQ3OTZhL2YxMjJlMWJhY2JlMGI2MTYxNWE5Y2YwZGM5MDU1YzQ2ZTE1NTg5ZDg4NTMwZTdmYzA4MDFmYTkyMjk3ZGNjN2FcXD9YLVhldC1DYXMtVWlkPXB1YmxpYyZ1c2VyX2lkPXB1YmxpYyZyZXNwb25zZS1jb250ZW50LXR5cGU9YXBwbGljYXRpb24lMkZnemlwJnJlc3BvbnNlLWNvbnRlbnQtZGlzcG9zaXRpb249aW5saW5lJTNCK2ZpbGVuYW1lJTJBJTNEVVRGLTglMjclMjd1cmJhbl9zYXJfZmxvb2RzLnRhci5neiUzQitmaWxlbmFtZSUzRCUyMnVyYmFuX3Nhcl9mbG9vZHMudGFyLmd6JTIyJTNCIiwiQ29uZGl0aW9uIjp7IkRhdGVMZXNzVGhhbiI6eyJFcG9jaFRpbWUiOjE3ODk4OTIwMzB9fX1dfQ__&Signature=MEUCICc1y7UeNuKKpFoub42WWxQwyE9fjf87jWqv5-pCKpExAiEAsRoAnX%7ESLS4L9Tnu0pFF2fpfiGZpmUe8HvOl1xJsbsk_&Key-Pair-Id=01KXEF4KZ1B6FV465MAWR4M21F&Hash-Algorithm=SHA256
  -> [HttpSkipResponseCommand.cc:239] errorCode=22 The response status is not successful. status=403
[#b9afd0 35GiB/35GiB(99%) CN:1 DL:7.8MiB ETA:4s]
[#b9afd0 35GiB/35GiB(99%) CN:1 DL:7.7MiB ETA:3s]
[#b9afd0 35GiB/35GiB(99%) CN:1 DL:7.3MiB ETA:3s]
[#b9afd0 35GiB/35GiB(99%) CN:1 DL:7.1MiB ETA:2s]
[#b9afd0 35GiB/35GiB(99%) CN:1 DL:7.1MiB ETA:1s]
[#b9afd0 35GiB/35GiB(99%) CN:1 DL:6.7MiB]

Download Results:
gid   |stat|avg speed  |path/URI
======+====+===========+=======================================================
b9afd0|OK  |   9.2MiB/s|urbansarfloods/urban_sar_floods.tar.gz

Status Legend:
(OK):download completed.
-rw-rw-r-- 1 manish-bilore manish-bilore 37990676970 Sep 20 13:47 urbansarfloods/urban_sar_floods.tar.gz
verifying gzip integrity (reads all 35 GiB, ~10 min)...
OK
